{"data":{"log_version":3,"version":"=2.0.0-preview.202"},"info":{"category":"","code":"A001","extra":{},"invocation_id":"019fb364-8dbc-7ed2-ac1d-52cd611fe722","level":"info","msg":"Running with dbt-fusion=2.0.0-preview.202","name":"MainReportVersion","pid":3852,"thread":"tokio-rt-worker","ts":"2026-07-30T14:19:00.144400Z"}}
{"data":{"args":{"debug":"false","invocation_command":"C:\\Users\\Utilisateur\\.local\\bin\\dbt.exe license info --json --log-format json","log_format":"json","quiet":"false","write_json":"true"}},"info":{"category":"","code":"A002","extra":{},"invocation_id":"019fb364-8dbc-7ed2-ac1d-52cd611fe722","level":"debug","msg":"running dbt-fusion with arguments {\"command\":\"license\",\"vars\":\"{}\",\"limit\":\"10\",\"debug\":false,\"log_format\":\"json\",\"quiet\":false,\"write_json\":true,\"write_catalog\":false,\"manage_state\":false}","name":"MainReportArgs","pid":3852,"thread":"tokio-rt-worker","ts":"2026-07-30T14:19:00.144988Z"}}
{"data":{},"info":{"category":"","code":"","extra":{},"invocation_id":"019fb364-8dbc-7ed2-ac1d-52cd611fe722","level":"debug","msg":"No platform credentials found, skipping remote license","name":"Generic","pid":3852,"thread":"tokio-rt-worker","ts":"2026-07-30T14:19:00.475248Z"}}
{"data":{},"info":{"category":"","code":"","extra":{},"invocation_id":"019fb364-8dbc-7ed2-ac1d-52cd611fe722","level":"debug","msg":"Trial license from file C:\\Users\\Utilisateur\\.dbt\\license.trial is expired","name":"Generic","pid":3852,"thread":"tokio-rt-worker","ts":"2026-07-30T14:19:00.504605Z"}}
{"data":{"columns":[],"is_inline":true,"node_name":"license_info","output_format":"json","preview":"{\n  \"status\": \"trial_expired\",\n  \"licensing_enabled\": true,\n  \"expires_at\": \"2025-11-03T20:14:05+00:00\",\n  \"license_type\": \"trial\"\n}","unique_id":"license.info"},"info":{"category":"","code":"Q041","extra":{},"invocation_id":"019fb364-8dbc-7ed2-ac1d-52cd611fe722","level":"info","msg":"{\n  \"status\": \"trial_expired\",\n  \"licensing_enabled\": true,\n  \"expires_at\": \"2025-11-03T20:14:05+00:00\",\n  \"license_type\": \"trial\"\n}","name":"ShowNode","pid":3852,"thread":"tokio-rt-worker","ts":"2026-07-30T14:19:00.535836Z"}}
{"data":{"completed_at":"2026-07-30T14:19:00.761714Z","elapsed":0.7569133043289185,"success":true},"info":{"category":"","code":"Q039","extra":{},"invocation_id":"019fb364-8dbc-7ed2-ac1d-52cd611fe722","level":"info","msg":"\n==================== Execution Summary =====================\nFinished 'license' successfully [756ms]","name":"CommandCompleted","pid":3852,"thread":"tokio-rt-worker","ts":"2026-07-30T14:19:00.763860Z"}}
[0m16:44:09.519934 [debug] [MainThread]: Sending event: {'category': 'dbt', 'action': 'invocation', 'label': 'start', 'context': [<snowplow_tracker.self_describing_json.SelfDescribingJson object at 0x0000020B32BA16A0>, <snowplow_tracker.self_describing_json.SelfDescribingJson object at 0x0000020B3047C690>, <snowplow_tracker.self_describing_json.SelfDescribingJson object at 0x0000020B35361090>]}


============================== 16:44:09.559554 | 54bb484f-e2e5-45ef-9b63-f05b1d8592db ==============================
[0m16:44:09.559554 [info ] [MainThread]: Running with dbt=1.12.0
[0m16:44:09.560873 [debug] [MainThread]: running dbt with arguments {'maximum_seed_size_mib': '1', 'no_print': 'None', 'version_check': 'True', 'target_path': 'None', 'static_parser': 'True', 'warn_error_options': 'WarnErrorOptionsV2(error=[], warn=[], silence=[])', 'printer_width': '80', 'write_json': 'True', 'introspect': 'True', 'log_cache_events': 'False', 'empty': 'None', 'cache_selected_only': 'False', 'fail_fast': 'False', 'debug': 'False', 'log_format': 'default', 'profiles_dir': 'C:\\Users\\Utilisateur\\Desktop\\Auto E TS\\Datanoumrite\\DBT ENG PROJECT\\ddd-engineering-project', 'send_anonymous_usage_stats': 'True', 'quiet': 'False', 'warn_error': 'None', 'partial_parse': 'True', 'indirect_selection': 'eager', 'hints_enabled': 'True', 'use_colors': 'True', 'use_experimental_parser': 'False', 'invocation_command': 'dbt debug', 'log_path': 'C:\\Users\\Utilisateur\\Desktop\\Auto E TS\\Datanoumrite\\DBT ENG PROJECT\\ddd-engineering-project\\logs'}
[0m16:44:09.637816 [info ] [MainThread]: dbt version: 1.12.0
[0m16:44:09.638753 [info ] [MainThread]: python version: 3.14.0
[0m16:44:09.639522 [info ] [MainThread]: python path: C:\Users\Utilisateur\Desktop\Auto E TS\Datanoumrite\DBT ENG PROJECT\ddd-engineering-project\venv\Scripts\python.exe
[0m16:44:09.640835 [info ] [MainThread]: os info: Windows-10-10.0.19045-SP0
[0m16:44:17.342543 [debug] [MainThread]: Spark adapter: Setting pyhive.hive logging to ERROR
[0m16:44:17.343289 [debug] [MainThread]: Spark adapter: Setting thrift.transport logging to ERROR
[0m16:44:17.343824 [debug] [MainThread]: Spark adapter: Setting thrift.protocol logging to ERROR
[0m16:44:23.326921 [info ] [MainThread]: Using profiles dir at C:\Users\Utilisateur\Desktop\Auto E TS\Datanoumrite\DBT ENG PROJECT\ddd-engineering-project
[0m16:44:23.327916 [info ] [MainThread]: Using profiles.yml file at C:\Users\Utilisateur\Desktop\Auto E TS\Datanoumrite\DBT ENG PROJECT\ddd-engineering-project\profiles.yml
[0m16:44:23.329186 [info ] [MainThread]: Using dbt_project.yml file at C:\Users\Utilisateur\Desktop\Auto E TS\Datanoumrite\DBT ENG PROJECT\ddd-engineering-project\dbt_project.yml
[0m16:44:23.330295 [info ] [MainThread]: adapter type: databricks
[0m16:44:23.331039 [info ] [MainThread]: adapter version: 1.12.3
[0m16:44:23.650578 [info ] [MainThread]: Configuration:
[0m16:44:23.651610 [info ] [MainThread]:   profiles.yml file [[32mOK found and valid[0m]
[0m16:44:23.652374 [info ] [MainThread]:   dbt_project.yml file [[32mOK found and valid[0m]
[0m16:44:23.653103 [info ] [MainThread]: Required dependencies:
[0m16:44:23.653853 [debug] [MainThread]: Executing "git --help"
[0m16:44:23.769105 [debug] [MainThread]: STDOUT: "b"usage: git [-v | --version] [-h | --help] [-C <path>] [-c <name>=<value>]\n           [--exec-path[=<path>]] [--html-path] [--man-path] [--info-path]\n           [-p | --paginate | -P | --no-pager] [--no-replace-objects] [--no-lazy-fetch]\n           [--no-optional-locks] [--no-advice] [--bare] [--git-dir=<path>]\n           [--work-tree=<path>] [--namespace=<name>] [--config-env=<name>=<envvar>]\n           <command> [<args>]\n\nThese are common Git commands used in various situations:\n\nstart a working area (see also: git help tutorial)\n   clone      Clone a repository into a new directory\n   init       Create an empty Git repository or reinitialize an existing one\n\nwork on the current change (see also: git help everyday)\n   add        Add file contents to the index\n   mv         Move or rename a file, a directory, or a symlink\n   restore    Restore working tree files\n   rm         Remove files from the working tree and from the index\n\nexamine the history and state (see also: git help revisions)\n   bisect     Use binary search to find the commit that introduced a bug\n   diff       Show changes between commits, commit and working tree, etc\n   grep       Print lines matching a pattern\n   log        Show commit logs\n   show       Show various types of objects\n   status     Show the working tree status\n\ngrow, mark and tweak your common history\n   backfill   Download missing objects in a partial clone\n   branch     List, create, or delete branches\n   commit     Record changes to the repository\n   history    EXPERIMENTAL: Rewrite history\n   merge      Join two or more development histories together\n   rebase     Reapply commits on top of another base tip\n   reset      Set `HEAD` or the index to a known state\n   switch     Switch branches\n   tag        Create, list, delete or verify tags\n\ncollaborate (see also: git help workflows)\n   fetch      Download objects and refs from another repository\n   pull       Fetch from and integrate with another repository or a local branch\n   push       Update remote refs along with associated objects\n\n'git help -a' and 'git help -g' list available subcommands and some\nconcept guides. See 'git help <command>' or 'git help <concept>'\nto read about a specific subcommand or concept.\nSee 'git help git' for an overview of the system.\n""
[0m16:44:23.769833 [debug] [MainThread]: STDERR: "b''"
[0m16:44:23.770379 [info ] [MainThread]:  - git [[32mOK found[0m]

[0m16:44:23.771032 [info ] [MainThread]: Connection:
[0m16:44:23.771790 [info ] [MainThread]:   host: dbc-db486585-cff7.cloud.databricks.com
[0m16:44:23.772503 [info ] [MainThread]:   http_path: /sql/1.0/warehouses/233098644a6a2c6f
[0m16:44:23.773134 [info ] [MainThread]:   catalog: workspace
[0m16:44:23.773749 [info ] [MainThread]:   schema: silver
[0m16:44:23.774890 [info ] [MainThread]: Registered adapter: databricks=1.12.3
[0m16:44:25.195898 [debug] [MainThread]: Databricks adapter: DatabricksDBTConnection(session-id=None, name=debug) - Creating connection
[0m16:44:25.197303 [debug] [MainThread]: Acquiring new databricks connection 'debug'
[0m16:44:26.456848 [info ] [MainThread]: Databricks adapter:   SPOG host (host_type='workspace'): no
[0m16:44:26.458186 [info ] [MainThread]: Databricks adapter:   workspace_id (from ?o= in http_path): None
[0m16:44:26.459437 [info ] [MainThread]: Databricks adapter:   databricks-sql-connector version: 4.3.0 (supported)
[0m16:44:26.460459 [info ] [MainThread]: Databricks adapter:   databricks-sdk version: 0.117.0 (supported)
[0m16:44:26.461644 [debug] [MainThread]: Using databricks connection "debug"
[0m16:44:26.462669 [debug] [MainThread]: On debug: select 1 as id
[0m16:44:26.463631 [debug] [MainThread]: Opening a new connection, currently in state init
[0m16:44:29.376803 [debug] [MainThread]: Databricks adapter: Connection(session-id=01f18c25-2b80-102f-bd98-1682c785d668) - Created
[0m16:44:29.833538 [debug] [MainThread]: SQL status: OK in 3.370 seconds
[0m16:44:29.837642 [debug] [MainThread]: Databricks adapter: Cursor(session-id=01f18c25-2b80-102f-bd98-1682c785d668, command-id=01f18c25-2c0b-1d89-8f6a-769d094d10f9) - Closing
[0m16:44:29.840956 [debug] [MainThread]: On debug: Close
[0m16:44:29.846341 [debug] [MainThread]: Databricks adapter: Connection(session-id=01f18c25-2b80-102f-bd98-1682c785d668) - Closing
[0m16:44:30.053803 [info ] [MainThread]:   Connection test: [[32mOK connection ok[0m]

[0m16:44:30.056747 [info ] [MainThread]: [32mAll checks passed![0m
[0m16:44:30.063621 [debug] [MainThread]: Command `dbt debug` succeeded at 16:44:30.062989 after 20.74 seconds
[0m16:44:30.065449 [debug] [MainThread]: Sending event: {'category': 'dbt', 'action': 'invocation', 'label': 'end', 'context': [<snowplow_tracker.self_describing_json.SelfDescribingJson object at 0x0000020B3FE34180>, <snowplow_tracker.self_describing_json.SelfDescribingJson object at 0x0000020B3FE45EB0>, <snowplow_tracker.self_describing_json.SelfDescribingJson object at 0x0000020B3FD5B9B0>]}
[0m16:44:30.067660 [debug] [MainThread]: Flushing usage events
[0m16:44:31.234056 [debug] [MainThread]: An error was encountered while trying to flush usage events
[0m16:46:11.588459 [debug] [MainThread]: Sending event: {'category': 'dbt', 'action': 'invocation', 'label': 'start', 'context': [<snowplow_tracker.self_describing_json.SelfDescribingJson object at 0x000002D0F8CC16A0>, <snowplow_tracker.self_describing_json.SelfDescribingJson object at 0x000002D0F659C690>, <snowplow_tracker.self_describing_json.SelfDescribingJson object at 0x000002D0FB485090>]}


============================== 16:46:11.620362 | d2095b63-96e0-42aa-b7f4-202a5ef59ac6 ==============================
[0m16:46:11.620362 [info ] [MainThread]: Running with dbt=1.12.0
[0m16:46:11.623871 [debug] [MainThread]: running dbt with arguments {'maximum_seed_size_mib': '1', 'no_print': 'None', 'static_parser': 'True', 'target_path': 'None', 'warn_error_options': 'WarnErrorOptionsV2(error=[], warn=[], silence=[])', 'version_check': 'True', 'printer_width': '80', 'write_json': 'True', 'empty': 'None', 'log_cache_events': 'False', 'introspect': 'True', 'cache_selected_only': 'False', 'fail_fast': 'False', 'debug': 'False', 'log_format': 'default', 'profiles_dir': 'C:\\Users\\Utilisateur\\Desktop\\Auto E TS\\Datanoumrite\\DBT ENG PROJECT\\ddd-engineering-project', 'send_anonymous_usage_stats': 'True', 'quiet': 'False', 'warn_error': 'None', 'partial_parse': 'True', 'invocation_command': 'dbt deps', 'hints_enabled': 'True', 'use_colors': 'True', 'use_experimental_parser': 'False', 'indirect_selection': 'eager', 'log_path': 'C:\\Users\\Utilisateur\\Desktop\\Auto E TS\\Datanoumrite\\DBT ENG PROJECT\\ddd-engineering-project\\logs'}
[0m16:46:12.314944 [debug] [MainThread]: Sending event: {'category': 'dbt', 'action': 'project_id', 'label': 'd2095b63-96e0-42aa-b7f4-202a5ef59ac6', 'context': [<snowplow_tracker.self_describing_json.SelfDescribingJson object at 0x000002D0FB3E9810>]}
[0m16:46:12.452895 [debug] [MainThread]: Set downloads directory='C:\Users\UTILIS~1\AppData\Local\Temp\dbt-downloads-jayat73e'
[0m16:46:12.454573 [debug] [MainThread]: Making package index registry request: GET https://hub.getdbt.com/api/v1/index.json
[0m16:46:14.030821 [debug] [MainThread]: Response from registry index: GET https://hub.getdbt.com/api/v1/index.json 200
[0m16:46:14.037332 [debug] [MainThread]: Making package registry request: GET https://hub.getdbt.com/api/v1/dbt-labs/dbt_utils.json
[0m16:46:15.393210 [debug] [MainThread]: Response from registry: GET https://hub.getdbt.com/api/v1/dbt-labs/dbt_utils.json 200
[0m16:46:15.423849 [info ] [MainThread]: Updating lock file in file path: C:\Users\Utilisateur\Desktop\Auto E TS\Datanoumrite\DBT ENG PROJECT\ddd-engineering-project/package-lock.yml
[0m16:46:15.727356 [debug] [MainThread]: Set downloads directory='C:\Users\UTILIS~1\AppData\Local\Temp\dbt-downloads-x1pzm0lw'
[0m16:46:15.763001 [info ] [MainThread]: Installing dbt-labs/dbt_utils
[0m16:46:24.426614 [info ] [MainThread]: Installed from version 1.1.1
[0m16:46:24.558091 [info ] [MainThread]: Updated version available: 1.4.1
[0m16:46:24.707009 [debug] [MainThread]: Sending event: {'category': 'dbt', 'action': 'package', 'label': 'd2095b63-96e0-42aa-b7f4-202a5ef59ac6', 'property_': 'install', 'context': [<snowplow_tracker.self_describing_json.SelfDescribingJson object at 0x000002D0FB68E690>, <snowplow_tracker.self_describing_json.SelfDescribingJson object at 0x000002D0FB68E580>]}
[0m16:46:24.708588 [info ] [MainThread]: 
[0m16:46:24.857325 [info ] [MainThread]: Updates available for packages: ['dbt-labs/dbt_utils']                 
Update your versions in packages.yml, then run dbt deps
[0m16:46:24.957829 [debug] [MainThread]: Command `dbt deps` succeeded at 16:46:24.957273 after 13.83 seconds
[0m16:46:24.959536 [debug] [MainThread]: Sending event: {'category': 'dbt', 'action': 'invocation', 'label': 'end', 'context': [<snowplow_tracker.self_describing_json.SelfDescribingJson object at 0x000002D0FB823350>, <snowplow_tracker.self_describing_json.SelfDescribingJson object at 0x000002D0FB694230>, <snowplow_tracker.self_describing_json.SelfDescribingJson object at 0x000002D0FB7BB2F0>]}
[0m16:46:24.961178 [debug] [MainThread]: Flushing usage events
[0m16:46:27.869023 [debug] [MainThread]: An error was encountered while trying to flush usage events
[0m16:51:32.477481 [debug] [MainThread]: Sending event: {'category': 'dbt', 'action': 'invocation', 'label': 'start', 'context': [<snowplow_tracker.self_describing_json.SelfDescribingJson object at 0x000001D01E6D16A0>, <snowplow_tracker.self_describing_json.SelfDescribingJson object at 0x000001D01BFBC690>, <snowplow_tracker.self_describing_json.SelfDescribingJson object at 0x000001D020FBB9D0>]}


============================== 16:51:32.505871 | b95c5ce8-b936-4e2e-a2cb-9b7eb865027c ==============================
[0m16:51:32.505871 [info ] [MainThread]: Running with dbt=1.12.0
[0m16:51:32.507691 [debug] [MainThread]: running dbt with arguments {'version_check': 'True', 'no_print': 'None', 'static_parser': 'True', 'target_path': 'None', 'maximum_seed_size_mib': '1', 'warn_error_options': 'WarnErrorOptionsV2(error=[], warn=[], silence=[])', 'printer_width': '80', 'write_json': 'True', 'empty': 'False', 'log_cache_events': 'False', 'introspect': 'True', 'cache_selected_only': 'False', 'fail_fast': 'False', 'debug': 'False', 'log_format': 'default', 'partial_parse': 'True', 'send_anonymous_usage_stats': 'True', 'quiet': 'False', 'warn_error': 'None', 'profiles_dir': 'C:\\Users\\Utilisateur\\Desktop\\Auto E TS\\Datanoumrite\\DBT ENG PROJECT\\ddd-engineering-project', 'indirect_selection': 'eager', 'hints_enabled': 'True', 'invocation_command': 'dbt seed', 'use_experimental_parser': 'False', 'use_colors': 'True', 'log_path': 'C:\\Users\\Utilisateur\\Desktop\\Auto E TS\\Datanoumrite\\DBT ENG PROJECT\\ddd-engineering-project\\logs'}
[0m16:51:43.093163 [debug] [MainThread]: Spark adapter: Setting pyhive.hive logging to ERROR
[0m16:51:43.094688 [debug] [MainThread]: Spark adapter: Setting thrift.transport logging to ERROR
[0m16:51:43.095304 [debug] [MainThread]: Spark adapter: Setting thrift.protocol logging to ERROR
[0m16:51:47.136395 [debug] [MainThread]: Sending event: {'category': 'dbt', 'action': 'project_id', 'label': 'b95c5ce8-b936-4e2e-a2cb-9b7eb865027c', 'context': [<snowplow_tracker.self_describing_json.SelfDescribingJson object at 0x000001D02B6BB5C0>]}
[0m16:51:47.339960 [debug] [MainThread]: Sending event: {'category': 'dbt', 'action': 'adapter_info', 'label': 'b95c5ce8-b936-4e2e-a2cb-9b7eb865027c', 'context': [<snowplow_tracker.self_describing_json.SelfDescribingJson object at 0x000001D01F268050>]}
[0m16:51:47.341603 [info ] [MainThread]: Registered adapter: databricks=1.12.3
[0m16:51:48.944413 [debug] [MainThread]: checksum: 084b7dca7de436582dfd47cda807ce894c1aacc971f621924e28a9827d1c7273, vars: {}, profile: shopflow_analytics, target: dev, version: 1.12.0
[0m16:51:48.950592 [info ] [MainThread]: Unable to do partial parsing because saved manifest not found. Starting full parse.
[0m16:51:48.956064 [debug] [MainThread]: Sending event: {'category': 'dbt', 'action': 'partial_parser', 'label': 'b95c5ce8-b936-4e2e-a2cb-9b7eb865027c', 'context': [<snowplow_tracker.self_describing_json.SelfDescribingJson object at 0x000001D02B9DB550>]}
[0m16:52:01.262800 [info ] [MainThread]: Starting shopflow_analytics run
[0m16:52:01.268869 [info ] [MainThread]: Finished shopflow_analytics run
[0m16:52:02.249623 [debug] [MainThread]: Sending event: {'category': 'dbt', 'action': 'load_project', 'label': 'b95c5ce8-b936-4e2e-a2cb-9b7eb865027c', 'context': [<snowplow_tracker.self_describing_json.SelfDescribingJson object at 0x000001D02D837A70>]}
[0m16:52:02.877584 [debug] [MainThread]: Wrote artifact WritableManifest to C:\Users\Utilisateur\Desktop\Auto E TS\Datanoumrite\DBT ENG PROJECT\ddd-engineering-project\target\manifest.json
[0m16:52:02.883411 [debug] [MainThread]: Wrote artifact SemanticManifest to C:\Users\Utilisateur\Desktop\Auto E TS\Datanoumrite\DBT ENG PROJECT\ddd-engineering-project\target\semantic_manifest.json
[0m16:52:03.439406 [debug] [MainThread]: Wrote artifact OsiDocument to C:\Users\Utilisateur\Desktop\Auto E TS\Datanoumrite\DBT ENG PROJECT\ddd-engineering-project\target\osi_document.json
[0m16:52:03.619853 [debug] [MainThread]: Sending event: {'category': 'dbt', 'action': 'resource_counts', 'label': 'b95c5ce8-b936-4e2e-a2cb-9b7eb865027c', 'context': [<snowplow_tracker.self_describing_json.SelfDescribingJson object at 0x000001D02DAA7070>]}
[0m16:52:03.620618 [info ] [MainThread]: Found 8 models, 1 snapshot, 37 data tests, 4 seeds, 2 operations, 3 exposures, 888 macros
[0m16:52:03.621355 [debug] [MainThread]: Sending event: {'category': 'dbt', 'action': 'runnable_timing', 'label': 'b95c5ce8-b936-4e2e-a2cb-9b7eb865027c', 'context': [<snowplow_tracker.self_describing_json.SelfDescribingJson object at 0x000001D02D81A000>]}
[0m16:52:03.625882 [info ] [MainThread]: 
[0m16:52:03.627317 [info ] [MainThread]: Concurrency: 4 threads (target='dev')
[0m16:52:03.628601 [info ] [MainThread]: 
[0m16:52:03.630058 [debug] [MainThread]: Databricks adapter: DatabricksDBTConnection(session-id=None, name=master) - Creating connection
[0m16:52:03.631016 [debug] [MainThread]: Acquiring new databricks connection 'master'
[0m16:52:03.651749 [debug] [ThreadPool]: Databricks adapter: DatabricksDBTConnection(session-id=None, name=list_workspace) - Creating connection
[0m16:52:03.656186 [debug] [ThreadPool]: Acquiring new databricks connection 'list_workspace'
[0m16:52:03.682332 [debug] [ThreadPool]: Using databricks connection "list_workspace"
[0m16:52:03.682944 [debug] [ThreadPool]: On list_workspace: /* {"app": "dbt", "dbt_version": "1.12.0", "dbt_databricks_version": "1.12.3", "databricks_sql_connector_version": "4.3.0", "profile_name": "shopflow_analytics", "target_name": "dev", "invocation_id": "b95c5ce8-b936-4e2e-a2cb-9b7eb865027c", "connection_name": "list_workspace"} */

    

  SHOW SCHEMAS IN `workspace`


  
[0m16:52:03.686285 [debug] [ThreadPool]: Opening a new connection, currently in state init
[0m16:52:08.528122 [debug] [ThreadPool]: Databricks adapter: Connection(session-id=01f18c26-3d31-14d1-875a-bfe38995fad2) - Created
[0m16:52:09.037322 [debug] [ThreadPool]: SQL status: OK in 5.350 seconds
[0m16:52:09.193829 [debug] [ThreadPool]: Databricks adapter: Cursor(session-id=01f18c26-3d31-14d1-875a-bfe38995fad2, command-id=01f18c26-3dba-1f5e-9860-a5649736cd08) - Closing
[0m16:52:09.195681 [debug] [ThreadPool]: On list_workspace: Close
[0m16:52:09.197850 [debug] [ThreadPool]: Databricks adapter: Connection(session-id=01f18c26-3d31-14d1-875a-bfe38995fad2) - Closing
[0m16:52:09.510997 [debug] [ThreadPool]: Databricks adapter: DatabricksDBTConnection(session-id=None, name=create_workspace_bronze) - Creating connection
[0m16:52:09.513672 [debug] [ThreadPool]: Acquiring new databricks connection 'create_workspace_bronze'
[0m16:52:09.515693 [debug] [ThreadPool]: Creating schema "database: "workspace"
schema: "bronze"
"
[0m16:52:09.520653 [debug] [ThreadPool]: Using databricks connection "create_workspace_bronze"
[0m16:52:09.521244 [debug] [ThreadPool]: On create_workspace_bronze: /* {"app": "dbt", "dbt_version": "1.12.0", "dbt_databricks_version": "1.12.3", "databricks_sql_connector_version": "4.3.0", "profile_name": "shopflow_analytics", "target_name": "dev", "invocation_id": "b95c5ce8-b936-4e2e-a2cb-9b7eb865027c", "connection_name": "create_workspace_bronze"} */
create schema if not exists `workspace`.`bronze`
  
[0m16:52:09.521727 [debug] [ThreadPool]: Opening a new connection, currently in state init
[0m16:52:10.615987 [debug] [ThreadPool]: Databricks adapter: Connection(session-id=01f18c26-3ec5-12f7-bbad-30269c31e1e4) - Created
[0m16:52:11.235063 [debug] [ThreadPool]: SQL status: OK in 1.710 seconds
[0m16:52:11.236722 [debug] [ThreadPool]: Databricks adapter: Cursor(session-id=01f18c26-3ec5-12f7-bbad-30269c31e1e4, command-id=01f18c26-3efa-146c-a920-4b90bd5e3960) - Closing
[0m16:52:11.237522 [debug] [ThreadPool]: On create_workspace_bronze: Close
[0m16:52:11.238170 [debug] [ThreadPool]: Databricks adapter: Connection(session-id=01f18c26-3ec5-12f7-bbad-30269c31e1e4) - Closing
[0m16:52:11.474511 [debug] [ThreadPool]: Databricks adapter: DatabricksDBTConnection(session-id=None, name=list_workspace_silver) - Creating connection
[0m16:52:11.478417 [debug] [ThreadPool]: Acquiring new databricks connection 'list_workspace_silver'
[0m16:52:11.501215 [debug] [ThreadPool]: Using databricks connection "list_workspace_silver"
[0m16:52:11.505789 [debug] [ThreadPool]: On list_workspace_silver: /* {"app": "dbt", "dbt_version": "1.12.0", "dbt_databricks_version": "1.12.3", "databricks_sql_connector_version": "4.3.0", "profile_name": "shopflow_analytics", "target_name": "dev", "invocation_id": "b95c5ce8-b936-4e2e-a2cb-9b7eb865027c", "connection_name": "list_workspace_silver"} */

    
SELECT
  table_name,
  if(table_type IN ('EXTERNAL', 'MANAGED', 'MANAGED_SHALLOW_CLONE', 'EXTERNAL_SHALLOW_CLONE'), 'table', lower(table_type)) AS table_type,
  lower(data_source_format) AS file_format,
  table_owner,
  if(
    table_type IN (
      'EXTERNAL',
      'MANAGED',
      'MANAGED_SHALLOW_CLONE',
      'EXTERNAL_SHALLOW_CLONE'
    ),
    lower(table_type),
    NULL
  ) AS databricks_table_type
FROM `system`.`information_schema`.`tables`
WHERE table_catalog = 'workspace'
  AND table_schema = 'silver'

  
[0m16:52:11.511319 [debug] [ThreadPool]: Opening a new connection, currently in state init
[0m16:52:11.503252 [debug] [ThreadPool]: Databricks adapter: DatabricksDBTConnection(session-id=None, name=list_workspace_bronze) - Creating connection
[0m16:52:11.507979 [debug] [ThreadPool]: Databricks adapter: DatabricksDBTConnection(session-id=None, name=list_workspace_gold) - Creating connection
[0m16:52:11.514464 [debug] [ThreadPool]: Acquiring new databricks connection 'list_workspace_gold'
[0m16:52:11.520859 [debug] [ThreadPool]: Using databricks connection "list_workspace_gold"
[0m16:52:11.513917 [debug] [ThreadPool]: Acquiring new databricks connection 'list_workspace_bronze'
[0m16:52:11.522883 [debug] [ThreadPool]: On list_workspace_gold: /* {"app": "dbt", "dbt_version": "1.12.0", "dbt_databricks_version": "1.12.3", "databricks_sql_connector_version": "4.3.0", "profile_name": "shopflow_analytics", "target_name": "dev", "invocation_id": "b95c5ce8-b936-4e2e-a2cb-9b7eb865027c", "connection_name": "list_workspace_gold"} */

    
SELECT
  table_name,
  if(table_type IN ('EXTERNAL', 'MANAGED', 'MANAGED_SHALLOW_CLONE', 'EXTERNAL_SHALLOW_CLONE'), 'table', lower(table_type)) AS table_type,
  lower(data_source_format) AS file_format,
  table_owner,
  if(
    table_type IN (
      'EXTERNAL',
      'MANAGED',
      'MANAGED_SHALLOW_CLONE',
      'EXTERNAL_SHALLOW_CLONE'
    ),
    lower(table_type),
    NULL
  ) AS databricks_table_type
FROM `system`.`information_schema`.`tables`
WHERE table_catalog = 'workspace'
  AND table_schema = 'gold'

  
[0m16:52:11.535461 [debug] [ThreadPool]: Opening a new connection, currently in state init
[0m16:52:11.533419 [debug] [ThreadPool]: Using databricks connection "list_workspace_bronze"
[0m16:52:11.537412 [debug] [ThreadPool]: On list_workspace_bronze: /* {"app": "dbt", "dbt_version": "1.12.0", "dbt_databricks_version": "1.12.3", "databricks_sql_connector_version": "4.3.0", "profile_name": "shopflow_analytics", "target_name": "dev", "invocation_id": "b95c5ce8-b936-4e2e-a2cb-9b7eb865027c", "connection_name": "list_workspace_bronze"} */

    
SELECT
  table_name,
  if(table_type IN ('EXTERNAL', 'MANAGED', 'MANAGED_SHALLOW_CLONE', 'EXTERNAL_SHALLOW_CLONE'), 'table', lower(table_type)) AS table_type,
  lower(data_source_format) AS file_format,
  table_owner,
  if(
    table_type IN (
      'EXTERNAL',
      'MANAGED',
      'MANAGED_SHALLOW_CLONE',
      'EXTERNAL_SHALLOW_CLONE'
    ),
    lower(table_type),
    NULL
  ) AS databricks_table_type
FROM `system`.`information_schema`.`tables`
WHERE table_catalog = 'workspace'
  AND table_schema = 'bronze'

  
[0m16:52:11.538814 [debug] [ThreadPool]: Opening a new connection, currently in state init
[0m16:52:12.789499 [debug] [ThreadPool]: Databricks adapter: Connection(session-id=01f18c26-4020-1dad-bebb-fc5e6e0ad2f1) - Created
[0m16:52:12.790304 [debug] [ThreadPool]: Databricks adapter: Connection(session-id=01f18c26-4021-185e-932a-be2e3efa4d6b) - Created
[0m16:52:12.791036 [debug] [ThreadPool]: Databricks adapter: Connection(session-id=01f18c26-4023-11a4-a3df-038b7f57480c) - Created
[0m16:52:13.397024 [debug] [ThreadPool]: SQL status: OK in 1.860 seconds
[0m16:52:13.402949 [debug] [ThreadPool]: Databricks adapter: Cursor(session-id=01f18c26-4023-11a4-a3df-038b7f57480c, command-id=01f18c26-4044-1985-a616-ffc36c396dc9) - Closing
[0m16:52:13.403706 [debug] [ThreadPool]: On list_workspace_bronze: Close
[0m16:52:13.404236 [debug] [ThreadPool]: Databricks adapter: Connection(session-id=01f18c26-4023-11a4-a3df-038b7f57480c) - Closing
[0m16:52:13.470191 [debug] [ThreadPool]: SQL status: OK in 1.930 seconds
[0m16:52:13.478169 [debug] [ThreadPool]: Databricks adapter: Cursor(session-id=01f18c26-4020-1dad-bebb-fc5e6e0ad2f1, command-id=01f18c26-4044-1cd4-8f2f-e45cc0bf310e) - Closing
[0m16:52:13.507987 [debug] [ThreadPool]: SQL status: OK in 2.000 seconds
[0m16:52:13.516770 [debug] [ThreadPool]: Databricks adapter: Cursor(session-id=01f18c26-4021-185e-932a-be2e3efa4d6b, command-id=01f18c26-4044-17bf-97cc-041a30366bc1) - Closing
[0m16:52:13.591571 [debug] [ThreadPool]: On list_workspace_gold: Close
[0m16:52:13.604613 [debug] [ThreadPool]: Databricks adapter: Connection(session-id=01f18c26-4020-1dad-bebb-fc5e6e0ad2f1) - Closing
[0m16:52:13.803616 [debug] [ThreadPool]: On list_workspace_silver: Close
[0m16:52:13.808743 [debug] [ThreadPool]: Databricks adapter: Connection(session-id=01f18c26-4021-185e-932a-be2e3efa4d6b) - Closing
[0m16:52:14.005735 [debug] [MainThread]: Sending event: {'category': 'dbt', 'action': 'runnable_timing', 'label': 'b95c5ce8-b936-4e2e-a2cb-9b7eb865027c', 'context': [<snowplow_tracker.self_describing_json.SelfDescribingJson object at 0x000001D02DC08AD0>]}
[0m16:52:14.029041 [info ] [MainThread]: Starting shopflow_analytics run
[0m16:52:14.030866 [debug] [MainThread]: Writing injected SQL for node "operation.shopflow_analytics.shopflow_analytics-on-run-start-0"
[0m16:52:14.039678 [info ] [MainThread]: 1 of 1 START hook: shopflow_analytics.on-run-start.0 ........................... [RUN]
[0m16:52:14.056364 [info ] [MainThread]: 1 of 1 OK hook: shopflow_analytics.on-run-start.0 .............................. [[32mOK[0m in 0.05s]
[0m16:52:14.083762 [info ] [MainThread]: 
[0m16:52:14.149074 [debug] [Thread-6 (]: Began running node seed.shopflow_analytics.raw_orders
[0m16:52:14.149751 [debug] [Thread-5 (]: Began running node seed.shopflow_analytics.raw_order_items
[0m16:52:14.150374 [debug] [Thread-4 (]: Began running node seed.shopflow_analytics.raw_customers
[0m16:52:14.150936 [debug] [Thread-7 (]: Began running node seed.shopflow_analytics.raw_products
[0m16:52:14.151716 [info ] [Thread-6 (]: 3 of 4 START seed file bronze.raw_orders ....................................... [RUN]
[0m16:52:14.154985 [debug] [Thread-6 (]: Databricks adapter: DatabricksDBTConnection(session-id=None, name=seed.shopflow_analytics.raw_orders) - Creating connection
[0m16:52:14.155979 [debug] [Thread-6 (]: Acquiring new databricks connection 'seed.shopflow_analytics.raw_orders'
[0m16:52:14.152385 [info ] [Thread-5 (]: 2 of 4 START seed file bronze.raw_order_items .................................. [RUN]
[0m16:52:14.160156 [debug] [Thread-5 (]: Databricks adapter: DatabricksDBTConnection(session-id=None, name=seed.shopflow_analytics.raw_order_items) - Creating connection
[0m16:52:14.153199 [info ] [Thread-4 (]: 1 of 4 START seed file bronze.raw_customers .................................... [RUN]
[0m16:52:14.156913 [debug] [Thread-6 (]: Began compiling node seed.shopflow_analytics.raw_orders
[0m16:52:14.161526 [debug] [Thread-5 (]: Acquiring new databricks connection 'seed.shopflow_analytics.raw_order_items'
[0m16:52:14.164556 [debug] [Thread-5 (]: Began compiling node seed.shopflow_analytics.raw_order_items
[0m16:52:14.163612 [debug] [Thread-6 (]: Began executing node seed.shopflow_analytics.raw_orders
[0m16:52:14.162859 [debug] [Thread-4 (]: Databricks adapter: DatabricksDBTConnection(session-id=None, name=seed.shopflow_analytics.raw_customers) - Creating connection
[0m16:52:14.154017 [info ] [Thread-7 (]: 4 of 4 START seed file bronze.raw_products ..................................... [RUN]
[0m16:52:14.166049 [debug] [Thread-5 (]: Began executing node seed.shopflow_analytics.raw_order_items
[0m16:52:14.178595 [debug] [Thread-4 (]: Acquiring new databricks connection 'seed.shopflow_analytics.raw_customers'
[0m16:52:14.186410 [debug] [Thread-7 (]: Databricks adapter: DatabricksDBTConnection(session-id=None, name=seed.shopflow_analytics.raw_products) - Creating connection
[0m16:52:14.243602 [debug] [Thread-4 (]: Began compiling node seed.shopflow_analytics.raw_customers
[0m16:52:14.247399 [debug] [Thread-4 (]: Began executing node seed.shopflow_analytics.raw_customers
[0m16:52:14.245626 [debug] [Thread-7 (]: Acquiring new databricks connection 'seed.shopflow_analytics.raw_products'
[0m16:52:14.251309 [debug] [Thread-7 (]: Began compiling node seed.shopflow_analytics.raw_products
[0m16:52:14.252975 [debug] [Thread-7 (]: Began executing node seed.shopflow_analytics.raw_products
[0m16:52:14.409215 [debug] [Thread-7 (]: Using databricks connection "seed.shopflow_analytics.raw_products"
[0m16:52:14.412239 [debug] [Thread-5 (]: Using databricks connection "seed.shopflow_analytics.raw_order_items"
[0m16:52:14.416067 [debug] [Thread-4 (]: Using databricks connection "seed.shopflow_analytics.raw_customers"
[0m16:52:14.417940 [debug] [Thread-7 (]: On seed.shopflow_analytics.raw_products: /* {"app": "dbt", "dbt_version": "1.12.0", "dbt_databricks_version": "1.12.3", "databricks_sql_connector_version": "4.3.0", "profile_name": "shopflow_analytics", "target_name": "dev", "invocation_id": "b95c5ce8-b936-4e2e-a2cb-9b7eb865027c", "node_id": "seed.shopflow_analytics.raw_products"} */

    create  table `workspace`.`bronze`.`raw_products` (`product_id` string ,`product_name` string ,`category` string ,`price` double )
    
    using delta
  
    
    
    
    
    
  
[0m16:52:14.418764 [debug] [Thread-5 (]: On seed.shopflow_analytics.raw_order_items: /* {"app": "dbt", "dbt_version": "1.12.0", "dbt_databricks_version": "1.12.3", "databricks_sql_connector_version": "4.3.0", "profile_name": "shopflow_analytics", "target_name": "dev", "invocation_id": "b95c5ce8-b936-4e2e-a2cb-9b7eb865027c", "node_id": "seed.shopflow_analytics.raw_order_items"} */

    create  table `workspace`.`bronze`.`raw_order_items` (`order_item_id` string ,`order_id` string ,`product_id` string ,`quantity` int ,`unit_price` double )
    
    using delta
  
    
    
    
    
    
  
[0m16:52:14.427452 [debug] [Thread-6 (]: Using databricks connection "seed.shopflow_analytics.raw_orders"
[0m16:52:14.430389 [debug] [Thread-4 (]: On seed.shopflow_analytics.raw_customers: /* {"app": "dbt", "dbt_version": "1.12.0", "dbt_databricks_version": "1.12.3", "databricks_sql_connector_version": "4.3.0", "profile_name": "shopflow_analytics", "target_name": "dev", "invocation_id": "b95c5ce8-b936-4e2e-a2cb-9b7eb865027c", "node_id": "seed.shopflow_analytics.raw_customers"} */

    create  table `workspace`.`bronze`.`raw_customers` (`customer_id` string ,`first_name` string ,`last_name` string ,`email` string ,`country` string ,`created_at` timestamp )
    
    using delta
  
    
    
    
    
    
  
[0m16:52:14.431165 [debug] [Thread-7 (]: Opening a new connection, currently in state init
[0m16:52:14.434258 [debug] [Thread-5 (]: Opening a new connection, currently in state init
[0m16:52:14.435369 [debug] [Thread-6 (]: On seed.shopflow_analytics.raw_orders: /* {"app": "dbt", "dbt_version": "1.12.0", "dbt_databricks_version": "1.12.3", "databricks_sql_connector_version": "4.3.0", "profile_name": "shopflow_analytics", "target_name": "dev", "invocation_id": "b95c5ce8-b936-4e2e-a2cb-9b7eb865027c", "node_id": "seed.shopflow_analytics.raw_orders"} */

    create  table `workspace`.`bronze`.`raw_orders` (`order_id` string ,`customer_id` string ,`order_date` date ,`status` string ,`total_amount` double )
    
    using delta
  
    
    
    
    
    
  
[0m16:52:14.436662 [debug] [Thread-4 (]: Opening a new connection, currently in state init
[0m16:52:14.459551 [debug] [Thread-6 (]: Opening a new connection, currently in state init
[0m16:52:16.621891 [debug] [Thread-5 (]: Databricks adapter: Connection(session-id=01f18c26-4250-1074-9c12-c18d84d36e8f) - Created
[0m16:52:16.793011 [debug] [Thread-7 (]: Databricks adapter: Connection(session-id=01f18c26-4288-19fe-a787-55a773e66b3b) - Created
[0m16:52:16.810248 [debug] [Thread-6 (]: Databricks adapter: Connection(session-id=01f18c26-428a-1fe7-8a33-8a112d9b8d57) - Created
[0m16:52:16.825488 [debug] [Thread-4 (]: Databricks adapter: Connection(session-id=01f18c26-428c-1f4a-8f14-61ff345d4d42) - Created
[0m16:52:19.659685 [debug] [Thread-7 (]: SQL status: OK in 5.230 seconds
[0m16:52:19.661093 [debug] [Thread-7 (]: Databricks adapter: Cursor(session-id=01f18c26-4288-19fe-a787-55a773e66b3b, command-id=01f18c26-42ab-1ba2-9a68-3d292af26811) - Closing
[0m16:52:19.705104 [debug] [Thread-4 (]: SQL status: OK in 5.270 seconds
[0m16:52:19.713869 [debug] [Thread-4 (]: Databricks adapter: Cursor(session-id=01f18c26-428c-1f4a-8f14-61ff345d4d42, command-id=01f18c26-42ae-1ecd-9c83-6972c9bed386) - Closing
[0m16:52:19.726165 [debug] [Thread-7 (]: Using databricks connection "seed.shopflow_analytics.raw_products"
[0m16:52:19.751184 [debug] [Thread-4 (]: Using databricks connection "seed.shopflow_analytics.raw_customers"
[0m16:52:19.755491 [debug] [Thread-4 (]: On seed.shopflow_analytics.raw_customers: 
          insert overwrite `workspace`.`bronze`.`raw_customers` values
          (%s,%s,%s,%s,%s,%s),(%s,%s,%s,%s,%s,%s),(%s,%s,%s,%s,%s,%s),(%s,%s,%s,%s,%s,%s),(%s,%s,%s,%s,%s,%s),(%s,%s,%s,%s,%s,%s),(%s,%s,%s,%s,%s,%s),(%s,%s,%s,%s,%s,%s),(%s,%s,%s,%s,%s,%s),(%s,%s,%s,%s,%s,%s)
      ...
[0m16:52:19.756619 [debug] [Thread-7 (]: On seed.shopflow_analytics.raw_products: 
          insert overwrite `workspace`.`bronze`.`raw_products` values
          (%s,%s,%s,%s),(%s,%s,%s,%s),(%s,%s,%s,%s),(%s,%s,%s,%s),(%s,%s,%s,%s),(%s,%s,%s,%s),(%s,%s,%s,%s),(%s,%s,%s,%s),(%s,%s,%s,%s),(%s,%s,%s,%s)
      ...
[0m16:52:19.753330 [debug] [Thread-6 (]: SQL status: OK in 5.290 seconds
[0m16:52:19.761599 [debug] [Thread-6 (]: Databricks adapter: Cursor(session-id=01f18c26-428a-1fe7-8a33-8a112d9b8d57, command-id=01f18c26-42ae-1b55-bc10-90cceaf4d882) - Closing
[0m16:52:19.786208 [debug] [Thread-6 (]: Using databricks connection "seed.shopflow_analytics.raw_orders"
[0m16:52:19.787935 [debug] [Thread-6 (]: On seed.shopflow_analytics.raw_orders: 
          insert overwrite `workspace`.`bronze`.`raw_orders` values
          (%s,%s,%s,%s,%s),(%s,%s,%s,%s,%s),(%s,%s,%s,%s,%s),(%s,%s,%s,%s,%s),(%s,%s,%s,%s,%s),(%s,%s,%s,%s,%s),(%s,%s,%s,%s,%s),(%s,%s,%s,%s,%s),(%s,%s,%s,%s,%s),(%s,%s,%s,%s,%s),(%s,%s,%s,%s,%s),(%s,%s,%s,%s,%s),(%s,%s,%s,%s,%s),(%s,%s,%s,%s,%s),(%s,%s,%s,%s,%s),(%s,%s,%s,%s,%s),(%s,%s,%s,%s,%s),(%s,%s,%s,%s,%s),(%s,%s,%s,%s,%s),(%s,%s,%s,%s,%s)
      ...
[0m16:52:19.812019 [debug] [Thread-5 (]: SQL status: OK in 5.380 seconds
[0m16:52:19.813602 [debug] [Thread-5 (]: Databricks adapter: Cursor(session-id=01f18c26-4250-1074-9c12-c18d84d36e8f, command-id=01f18c26-428d-12d5-97b4-2c98a4364fa4) - Closing
[0m16:52:19.846138 [debug] [Thread-5 (]: Using databricks connection "seed.shopflow_analytics.raw_order_items"
[0m16:52:19.847173 [debug] [Thread-5 (]: On seed.shopflow_analytics.raw_order_items: 
          insert overwrite `workspace`.`bronze`.`raw_order_items` values
          (%s,%s,%s,%s,%s),(%s,%s,%s,%s,%s),(%s,%s,%s,%s,%s),(%s,%s,%s,%s,%s),(%s,%s,%s,%s,%s),(%s,%s,%s,%s,%s),(%s,%s,%s,%s,%s),(%s,%s,%s,%s,%s),(%s,%s,%s,%s,%s),(%s,%s,%s,%s,%s),(%s,%s,%s,%s,%s),(%s,%s,%s,%s,%s),(%s,%s,%s,%s,%s),(%s,%s,%s,%s,%s),(%s,%s,%s,%s,%s),(%s,%s,%s,%s,%s),(%s,%s,%s,%s,%s),(%s,%s,%s,%s,%s),(%s,%s,%s,%s,%s),(%s,%s,%s,%s,%s),(%s,%s,%s,%s,%s),(%s,%s,%s,%s,%s),(%s,%s,%s,%s,%s),(%s,%s,%s,%s,%s),(%s,%s,%s,%s,%s),(%s...
[0m16:52:24.408635 [debug] [Thread-7 (]: SQL status: OK in 4.650 seconds
[0m16:52:24.409467 [debug] [Thread-7 (]: Databricks adapter: Cursor(session-id=01f18c26-4288-19fe-a787-55a773e66b3b, command-id=01f18c26-446f-1a36-af2c-e68ac6986bba) - Closing
[0m16:52:24.425106 [debug] [Thread-7 (]: Writing runtime SQL for node "seed.shopflow_analytics.raw_products"
[0m16:52:24.494666 [debug] [Thread-4 (]: SQL status: OK in 4.740 seconds
[0m16:52:24.495669 [debug] [Thread-4 (]: Databricks adapter: Cursor(session-id=01f18c26-428c-1f4a-8f14-61ff345d4d42, command-id=01f18c26-4471-1c9d-9810-f4663619e870) - Closing
[0m16:52:24.501288 [debug] [Thread-4 (]: Writing runtime SQL for node "seed.shopflow_analytics.raw_customers"
[0m16:52:24.736974 [debug] [Thread-6 (]: SQL status: OK in 4.950 seconds
[0m16:52:24.745249 [debug] [Thread-4 (]: On seed.shopflow_analytics.raw_customers: Close
[0m16:52:24.747379 [debug] [Thread-5 (]: SQL status: OK in 4.900 seconds
[0m16:52:24.752419 [debug] [Thread-6 (]: Databricks adapter: Cursor(session-id=01f18c26-428a-1fe7-8a33-8a112d9b8d57, command-id=01f18c26-4472-174f-bd3a-722b9b570759) - Closing
[0m16:52:24.761129 [debug] [Thread-6 (]: Writing runtime SQL for node "seed.shopflow_analytics.raw_orders"
[0m16:52:24.758630 [debug] [Thread-5 (]: Databricks adapter: Cursor(session-id=01f18c26-4250-1074-9c12-c18d84d36e8f, command-id=01f18c26-4479-14c2-b65d-f6186f35c207) - Closing
[0m16:52:24.763802 [debug] [Thread-5 (]: Writing runtime SQL for node "seed.shopflow_analytics.raw_order_items"
[0m16:52:24.757643 [debug] [Thread-4 (]: Databricks adapter: Connection(session-id=01f18c26-428c-1f4a-8f14-61ff345d4d42) - Closing
[0m16:52:25.006100 [debug] [Thread-5 (]: On seed.shopflow_analytics.raw_order_items: Close
[0m16:52:25.014892 [debug] [Thread-5 (]: Databricks adapter: Connection(session-id=01f18c26-4250-1074-9c12-c18d84d36e8f) - Closing
[0m16:52:25.545482 [debug] [Thread-6 (]: On seed.shopflow_analytics.raw_orders: Close
[0m16:52:25.548025 [debug] [Thread-6 (]: Databricks adapter: Connection(session-id=01f18c26-428a-1fe7-8a33-8a112d9b8d57) - Closing
[0m16:52:25.860997 [debug] [Thread-7 (]: On seed.shopflow_analytics.raw_products: Close
[0m16:52:25.862298 [debug] [Thread-7 (]: Databricks adapter: Connection(session-id=01f18c26-4288-19fe-a787-55a773e66b3b) - Closing
[0m16:52:26.107758 [debug] [Thread-4 (]: Sending event: {'category': 'dbt', 'action': 'run_model', 'label': 'b95c5ce8-b936-4e2e-a2cb-9b7eb865027c', 'context': [<snowplow_tracker.self_describing_json.SelfDescribingJson object at 0x000001D02DB3E830>]}
[0m16:52:26.109193 [debug] [Thread-5 (]: Sending event: {'category': 'dbt', 'action': 'run_model', 'label': 'b95c5ce8-b936-4e2e-a2cb-9b7eb865027c', 'context': [<snowplow_tracker.self_describing_json.SelfDescribingJson object at 0x000001D02DA15130>]}
[0m16:52:26.110406 [debug] [Thread-6 (]: Sending event: {'category': 'dbt', 'action': 'run_model', 'label': 'b95c5ce8-b936-4e2e-a2cb-9b7eb865027c', 'context': [<snowplow_tracker.self_describing_json.SelfDescribingJson object at 0x000001D02DB68FF0>]}
[0m16:52:26.111508 [debug] [Thread-7 (]: Sending event: {'category': 'dbt', 'action': 'run_model', 'label': 'b95c5ce8-b936-4e2e-a2cb-9b7eb865027c', 'context': [<snowplow_tracker.self_describing_json.SelfDescribingJson object at 0x000001D02DC1E4E0>]}
[0m16:52:26.112864 [info ] [Thread-4 (]: 1 of 4 OK loaded seed file bronze.raw_customers ................................ [[32mINSERT 10[0m in 11.93s]
[0m16:52:26.127981 [debug] [Thread-4 (]: Finished running node seed.shopflow_analytics.raw_customers
[0m16:52:26.115965 [info ] [Thread-5 (]: 2 of 4 OK loaded seed file bronze.raw_order_items .............................. [[32mINSERT 30[0m in 11.95s]
[0m16:52:26.129405 [debug] [Thread-5 (]: Finished running node seed.shopflow_analytics.raw_order_items
[0m16:52:26.119199 [info ] [Thread-6 (]: 3 of 4 OK loaded seed file bronze.raw_orders ................................... [[32mINSERT 20[0m in 11.95s]
[0m16:52:26.177144 [debug] [Thread-6 (]: Finished running node seed.shopflow_analytics.raw_orders
[0m16:52:26.125746 [info ] [Thread-7 (]: 4 of 4 OK loaded seed file bronze.raw_products ................................. [[32mINSERT 10[0m in 11.92s]
[0m16:52:26.180796 [debug] [Thread-7 (]: Finished running node seed.shopflow_analytics.raw_products
[0m16:52:26.194177 [debug] [MainThread]: Databricks adapter: DatabricksDBTConnection(session-id=None, name=master) - Creating connection
[0m16:52:26.195106 [debug] [MainThread]: Acquiring new databricks connection 'master'
[0m16:52:26.200135 [info ] [MainThread]: 
[0m16:52:26.293171 [info ] [MainThread]: Finished shopflow_analytics run
[0m16:52:26.310464 [debug] [MainThread]: Writing injected SQL for node "operation.shopflow_analytics.shopflow_analytics-on-run-end-0"
[0m16:52:26.335771 [info ] [MainThread]: 1 of 1 START hook: shopflow_analytics.on-run-end.0 ............................. [RUN]
[0m16:52:26.342662 [info ] [MainThread]: 1 of 1 OK hook: shopflow_analytics.on-run-end.0 ................................ [[32mOK[0m in 0.07s]
[0m16:52:26.367250 [info ] [MainThread]: 
[0m16:52:26.375358 [info ] [MainThread]: Finished running 2 project hooks, 4 seeds in 0 hours 0 minutes and 22.73 seconds (22.73s).
[0m16:52:26.397480 [debug] [MainThread]: Command end result
[0m16:52:27.679193 [debug] [MainThread]: Wrote artifact WritableManifest to C:\Users\Utilisateur\Desktop\Auto E TS\Datanoumrite\DBT ENG PROJECT\ddd-engineering-project\target\manifest.json
[0m16:52:27.693154 [debug] [MainThread]: Wrote artifact SemanticManifest to C:\Users\Utilisateur\Desktop\Auto E TS\Datanoumrite\DBT ENG PROJECT\ddd-engineering-project\target\semantic_manifest.json
[0m16:52:27.723525 [debug] [MainThread]: Wrote artifact OsiDocument to C:\Users\Utilisateur\Desktop\Auto E TS\Datanoumrite\DBT ENG PROJECT\ddd-engineering-project\target\osi_document.json
[0m16:52:27.863467 [debug] [MainThread]: Wrote artifact RunExecutionResult to C:\Users\Utilisateur\Desktop\Auto E TS\Datanoumrite\DBT ENG PROJECT\ddd-engineering-project\target\run_results.json
[0m16:52:27.864281 [info ] [MainThread]: 
[0m16:52:27.866664 [info ] [MainThread]: [32mCompleted successfully[0m
[0m16:52:27.868700 [info ] [MainThread]: 
[0m16:52:27.870004 [info ] [MainThread]: Done. PASS=6 WARN=0 ERROR=0 SKIP=0 NO-OP=0 REUSED=0 TOTAL=6
[0m16:52:27.872671 [debug] [MainThread]: Command `dbt seed` succeeded at 16:52:27.872234 after 55.75 seconds
[0m16:52:27.874014 [debug] [MainThread]: Sending event: {'category': 'dbt', 'action': 'invocation', 'label': 'end', 'context': [<snowplow_tracker.self_describing_json.SelfDescribingJson object at 0x000001D02D72F6B0>, <snowplow_tracker.self_describing_json.SelfDescribingJson object at 0x000001D020D77290>, <snowplow_tracker.self_describing_json.SelfDescribingJson object at 0x000001D02DB1F110>]}
[0m16:52:27.875106 [debug] [MainThread]: Flushing usage events
[0m16:52:29.556744 [debug] [MainThread]: An error was encountered while trying to flush usage events
[0m16:55:01.997789 [debug] [MainThread]: Sending event: {'category': 'dbt', 'action': 'invocation', 'label': 'start', 'context': [<snowplow_tracker.self_describing_json.SelfDescribingJson object at 0x0000025C4A4B16A0>, <snowplow_tracker.self_describing_json.SelfDescribingJson object at 0x0000025C47D8C690>, <snowplow_tracker.self_describing_json.SelfDescribingJson object at 0x0000025C4CD9F9D0>]}


============================== 16:55:02.018744 | ba18895f-3912-4ff5-b8b2-52abed75cf58 ==============================
[0m16:55:02.018744 [info ] [MainThread]: Running with dbt=1.12.0
[0m16:55:02.056824 [debug] [MainThread]: running dbt with arguments {'version_check': 'True', 'no_print': 'None', 'static_parser': 'True', 'warn_error_options': 'WarnErrorOptionsV2(error=[], warn=[], silence=[])', 'target_path': 'None', 'maximum_seed_size_mib': '1', 'printer_width': '80', 'write_json': 'True', 'introspect': 'True', 'log_cache_events': 'False', 'empty': 'False', 'cache_selected_only': 'False', 'fail_fast': 'False', 'debug': 'False', 'log_format': 'default', 'partial_parse': 'True', 'send_anonymous_usage_stats': 'True', 'quiet': 'False', 'warn_error': 'None', 'profiles_dir': 'C:\\Users\\Utilisateur\\Desktop\\Auto E TS\\Datanoumrite\\DBT ENG PROJECT\\ddd-engineering-project', 'use_colors': 'True', 'hints_enabled': 'True', 'invocation_command': 'dbt seed', 'use_experimental_parser': 'False', 'indirect_selection': 'eager', 'log_path': 'C:\\Users\\Utilisateur\\Desktop\\Auto E TS\\Datanoumrite\\DBT ENG PROJECT\\ddd-engineering-project\\logs'}
[0m16:55:04.547086 [debug] [MainThread]: Spark adapter: Setting pyhive.hive logging to ERROR
[0m16:55:04.547788 [debug] [MainThread]: Spark adapter: Setting thrift.transport logging to ERROR
[0m16:55:04.548315 [debug] [MainThread]: Spark adapter: Setting thrift.protocol logging to ERROR
[0m16:55:06.453120 [debug] [MainThread]: Sending event: {'category': 'dbt', 'action': 'project_id', 'label': 'ba18895f-3912-4ff5-b8b2-52abed75cf58', 'context': [<snowplow_tracker.self_describing_json.SelfDescribingJson object at 0x0000025C5747B5C0>]}
[0m16:55:06.583202 [debug] [MainThread]: Sending event: {'category': 'dbt', 'action': 'adapter_info', 'label': 'ba18895f-3912-4ff5-b8b2-52abed75cf58', 'context': [<snowplow_tracker.self_describing_json.SelfDescribingJson object at 0x0000025C4B048050>]}
[0m16:55:06.585466 [info ] [MainThread]: Registered adapter: databricks=1.12.3
[0m16:55:07.474025 [debug] [MainThread]: checksum: 084b7dca7de436582dfd47cda807ce894c1aacc971f621924e28a9827d1c7273, vars: {}, profile: shopflow_analytics, target: dev, version: 1.12.0
[0m16:55:07.834906 [info ] [MainThread]: Unable to do partial parsing because profile has changed
[0m16:55:07.835809 [debug] [MainThread]: Sending event: {'category': 'dbt', 'action': 'partial_parser', 'label': 'ba18895f-3912-4ff5-b8b2-52abed75cf58', 'context': [<snowplow_tracker.self_describing_json.SelfDescribingJson object at 0x0000025C57A18450>]}
[0m16:55:13.428656 [info ] [MainThread]: Starting shopflow_analytics run
[0m16:55:13.443190 [info ] [MainThread]: Finished shopflow_analytics run
[0m16:55:14.974547 [debug] [MainThread]: Sending event: {'category': 'dbt', 'action': 'load_project', 'label': 'ba18895f-3912-4ff5-b8b2-52abed75cf58', 'context': [<snowplow_tracker.self_describing_json.SelfDescribingJson object at 0x0000025C5972D9A0>]}
[0m16:55:15.467973 [debug] [MainThread]: Wrote artifact WritableManifest to C:\Users\Utilisateur\Desktop\Auto E TS\Datanoumrite\DBT ENG PROJECT\ddd-engineering-project\target\manifest.json
[0m16:55:15.473439 [debug] [MainThread]: Wrote artifact SemanticManifest to C:\Users\Utilisateur\Desktop\Auto E TS\Datanoumrite\DBT ENG PROJECT\ddd-engineering-project\target\semantic_manifest.json
[0m16:55:15.579108 [debug] [MainThread]: Wrote artifact OsiDocument to C:\Users\Utilisateur\Desktop\Auto E TS\Datanoumrite\DBT ENG PROJECT\ddd-engineering-project\target\osi_document.json
[0m16:55:15.645829 [debug] [MainThread]: Sending event: {'category': 'dbt', 'action': 'resource_counts', 'label': 'ba18895f-3912-4ff5-b8b2-52abed75cf58', 'context': [<snowplow_tracker.self_describing_json.SelfDescribingJson object at 0x0000025C599EF150>]}
[0m16:55:15.646694 [info ] [MainThread]: Found 8 models, 1 snapshot, 37 data tests, 4 seeds, 2 operations, 3 exposures, 888 macros
[0m16:55:15.647661 [debug] [MainThread]: Sending event: {'category': 'dbt', 'action': 'runnable_timing', 'label': 'ba18895f-3912-4ff5-b8b2-52abed75cf58', 'context': [<snowplow_tracker.self_describing_json.SelfDescribingJson object at 0x0000025C599A9F30>]}
[0m16:55:15.652036 [info ] [MainThread]: 
[0m16:55:15.653036 [info ] [MainThread]: Concurrency: 4 threads (target='dev')
[0m16:55:15.654396 [info ] [MainThread]: 
[0m16:55:15.656287 [debug] [MainThread]: Databricks adapter: DatabricksDBTConnection(session-id=None, name=master) - Creating connection
[0m16:55:15.656845 [debug] [MainThread]: Acquiring new databricks connection 'master'
[0m16:55:15.681500 [debug] [ThreadPool]: Databricks adapter: DatabricksDBTConnection(session-id=None, name=list_shopflow_analytics_cat) - Creating connection
[0m16:55:15.682194 [debug] [ThreadPool]: Acquiring new databricks connection 'list_shopflow_analytics_cat'
[0m16:55:15.703005 [debug] [ThreadPool]: Using databricks connection "list_shopflow_analytics_cat"
[0m16:55:15.703615 [debug] [ThreadPool]: On list_shopflow_analytics_cat: /* {"app": "dbt", "dbt_version": "1.12.0", "dbt_databricks_version": "1.12.3", "databricks_sql_connector_version": "4.3.0", "profile_name": "shopflow_analytics", "target_name": "dev", "invocation_id": "ba18895f-3912-4ff5-b8b2-52abed75cf58", "connection_name": "list_shopflow_analytics_cat"} */

    

  SHOW SCHEMAS IN `shopflow_analytics_cat`


  
[0m16:55:15.704086 [debug] [ThreadPool]: Opening a new connection, currently in state init
[0m16:55:19.926114 [debug] [ThreadPool]: Databricks adapter: Connection(session-id=01f18c26-af57-1602-8b17-bbbde78aedae) - Created
[0m16:55:20.307421 [debug] [ThreadPool]: SQL status: OK in 4.600 seconds
[0m16:55:20.361299 [debug] [ThreadPool]: Databricks adapter: Cursor(session-id=01f18c26-af57-1602-8b17-bbbde78aedae, command-id=01f18c26-afd0-19ff-a6ac-76dbbb1cbaf1) - Closing
[0m16:55:20.363908 [debug] [ThreadPool]: On list_shopflow_analytics_cat: Close
[0m16:55:20.365654 [debug] [ThreadPool]: Databricks adapter: Connection(session-id=01f18c26-af57-1602-8b17-bbbde78aedae) - Closing
[0m16:55:20.586130 [debug] [ThreadPool]: Databricks adapter: DatabricksDBTConnection(session-id=None, name=list_shopflow_analytics_cat_bronze) - Creating connection
[0m16:55:20.592710 [debug] [ThreadPool]: Acquiring new databricks connection 'list_shopflow_analytics_cat_bronze'
[0m16:55:20.610082 [debug] [ThreadPool]: Databricks adapter: DatabricksDBTConnection(session-id=None, name=list_shopflow_analytics_cat_silver) - Creating connection
[0m16:55:20.595885 [debug] [ThreadPool]: Databricks adapter: DatabricksDBTConnection(session-id=None, name=list_shopflow_analytics_cat_gold) - Creating connection
[0m16:55:20.632242 [debug] [ThreadPool]: Using databricks connection "list_shopflow_analytics_cat_bronze"
[0m16:55:20.635100 [debug] [ThreadPool]: Acquiring new databricks connection 'list_shopflow_analytics_cat_silver'
[0m16:55:20.638084 [debug] [ThreadPool]: Acquiring new databricks connection 'list_shopflow_analytics_cat_gold'
[0m16:55:20.639293 [debug] [ThreadPool]: On list_shopflow_analytics_cat_bronze: /* {"app": "dbt", "dbt_version": "1.12.0", "dbt_databricks_version": "1.12.3", "databricks_sql_connector_version": "4.3.0", "profile_name": "shopflow_analytics", "target_name": "dev", "invocation_id": "ba18895f-3912-4ff5-b8b2-52abed75cf58", "connection_name": "list_shopflow_analytics_cat_bronze"} */

    
SELECT
  table_name,
  if(table_type IN ('EXTERNAL', 'MANAGED', 'MANAGED_SHALLOW_CLONE', 'EXTERNAL_SHALLOW_CLONE'), 'table', lower(table_type)) AS table_type,
  lower(data_source_format) AS file_format,
  table_owner,
  if(
    table_type IN (
      'EXTERNAL',
      'MANAGED',
      'MANAGED_SHALLOW_CLONE',
      'EXTERNAL_SHALLOW_CLONE'
    ),
    lower(table_type),
    NULL
  ) AS databricks_table_type
FROM `system`.`information_schema`.`tables`
WHERE table_catalog = 'shopflow_analytics_cat'
  AND table_schema = 'bronze'

  
[0m16:55:20.644215 [debug] [ThreadPool]: Using databricks connection "list_shopflow_analytics_cat_silver"
[0m16:55:20.649475 [debug] [ThreadPool]: Using databricks connection "list_shopflow_analytics_cat_gold"
[0m16:55:20.651113 [debug] [ThreadPool]: Opening a new connection, currently in state init
[0m16:55:20.653048 [debug] [ThreadPool]: On list_shopflow_analytics_cat_silver: /* {"app": "dbt", "dbt_version": "1.12.0", "dbt_databricks_version": "1.12.3", "databricks_sql_connector_version": "4.3.0", "profile_name": "shopflow_analytics", "target_name": "dev", "invocation_id": "ba18895f-3912-4ff5-b8b2-52abed75cf58", "connection_name": "list_shopflow_analytics_cat_silver"} */

    
SELECT
  table_name,
  if(table_type IN ('EXTERNAL', 'MANAGED', 'MANAGED_SHALLOW_CLONE', 'EXTERNAL_SHALLOW_CLONE'), 'table', lower(table_type)) AS table_type,
  lower(data_source_format) AS file_format,
  table_owner,
  if(
    table_type IN (
      'EXTERNAL',
      'MANAGED',
      'MANAGED_SHALLOW_CLONE',
      'EXTERNAL_SHALLOW_CLONE'
    ),
    lower(table_type),
    NULL
  ) AS databricks_table_type
FROM `system`.`information_schema`.`tables`
WHERE table_catalog = 'shopflow_analytics_cat'
  AND table_schema = 'silver'

  
[0m16:55:20.657520 [debug] [ThreadPool]: Opening a new connection, currently in state init
[0m16:55:20.655597 [debug] [ThreadPool]: On list_shopflow_analytics_cat_gold: /* {"app": "dbt", "dbt_version": "1.12.0", "dbt_databricks_version": "1.12.3", "databricks_sql_connector_version": "4.3.0", "profile_name": "shopflow_analytics", "target_name": "dev", "invocation_id": "ba18895f-3912-4ff5-b8b2-52abed75cf58", "connection_name": "list_shopflow_analytics_cat_gold"} */

    
SELECT
  table_name,
  if(table_type IN ('EXTERNAL', 'MANAGED', 'MANAGED_SHALLOW_CLONE', 'EXTERNAL_SHALLOW_CLONE'), 'table', lower(table_type)) AS table_type,
  lower(data_source_format) AS file_format,
  table_owner,
  if(
    table_type IN (
      'EXTERNAL',
      'MANAGED',
      'MANAGED_SHALLOW_CLONE',
      'EXTERNAL_SHALLOW_CLONE'
    ),
    lower(table_type),
    NULL
  ) AS databricks_table_type
FROM `system`.`information_schema`.`tables`
WHERE table_catalog = 'shopflow_analytics_cat'
  AND table_schema = 'gold'

  
[0m16:55:20.659219 [debug] [ThreadPool]: Opening a new connection, currently in state init
[0m16:55:21.853406 [debug] [ThreadPool]: Databricks adapter: Connection(session-id=01f18c26-b0c9-1e5c-9115-1f104d67a69b) - Created
[0m16:55:21.855687 [debug] [ThreadPool]: Databricks adapter: Connection(session-id=01f18c26-b0ca-181d-a923-355d86aee119) - Created
[0m16:55:21.854211 [debug] [ThreadPool]: Databricks adapter: Connection(session-id=01f18c26-b0cb-131a-9d8d-809c553f8889) - Created
[0m16:55:22.502269 [debug] [ThreadPool]: SQL status: OK in 1.850 seconds
[0m16:55:22.507374 [debug] [ThreadPool]: Databricks adapter: Cursor(session-id=01f18c26-b0c9-1e5c-9115-1f104d67a69b, command-id=01f18c26-b0f7-119c-881b-299100ccba20) - Closing
[0m16:55:22.508146 [debug] [ThreadPool]: On list_shopflow_analytics_cat_bronze: Close
[0m16:55:22.508650 [debug] [ThreadPool]: Databricks adapter: Connection(session-id=01f18c26-b0c9-1e5c-9115-1f104d67a69b) - Closing
[0m16:55:22.534054 [debug] [ThreadPool]: SQL status: OK in 1.870 seconds
[0m16:55:22.538406 [debug] [ThreadPool]: Databricks adapter: Cursor(session-id=01f18c26-b0ca-181d-a923-355d86aee119, command-id=01f18c26-b0f6-1e09-9ab5-3a0733f58034) - Closing
[0m16:55:22.572699 [debug] [ThreadPool]: SQL status: OK in 1.920 seconds
[0m16:55:22.575489 [debug] [ThreadPool]: Databricks adapter: Cursor(session-id=01f18c26-b0cb-131a-9d8d-809c553f8889, command-id=01f18c26-b0f7-12e7-8d80-bceb8f905e3a) - Closing
[0m16:55:22.702436 [debug] [ThreadPool]: On list_shopflow_analytics_cat_gold: Close
[0m16:55:22.703264 [debug] [ThreadPool]: Databricks adapter: Connection(session-id=01f18c26-b0ca-181d-a923-355d86aee119) - Closing
[0m16:55:22.889600 [debug] [ThreadPool]: On list_shopflow_analytics_cat_silver: Close
[0m16:55:22.891056 [debug] [ThreadPool]: Databricks adapter: Connection(session-id=01f18c26-b0cb-131a-9d8d-809c553f8889) - Closing
[0m16:55:23.080810 [debug] [MainThread]: Sending event: {'category': 'dbt', 'action': 'runnable_timing', 'label': 'ba18895f-3912-4ff5-b8b2-52abed75cf58', 'context': [<snowplow_tracker.self_describing_json.SelfDescribingJson object at 0x0000025C59870D10>]}
[0m16:55:23.094018 [info ] [MainThread]: Starting shopflow_analytics run
[0m16:55:23.094906 [debug] [MainThread]: Writing injected SQL for node "operation.shopflow_analytics.shopflow_analytics-on-run-start-0"
[0m16:55:23.101310 [info ] [MainThread]: 1 of 1 START hook: shopflow_analytics.on-run-start.0 ........................... [RUN]
[0m16:55:23.103132 [info ] [MainThread]: 1 of 1 OK hook: shopflow_analytics.on-run-start.0 .............................. [[32mOK[0m in 0.02s]
[0m16:55:23.105238 [info ] [MainThread]: 
[0m16:55:23.128911 [debug] [Thread-6 (]: Began running node seed.shopflow_analytics.raw_products
[0m16:55:23.130099 [debug] [Thread-5 (]: Began running node seed.shopflow_analytics.raw_orders
[0m16:55:23.131167 [debug] [Thread-4 (]: Began running node seed.shopflow_analytics.raw_order_items
[0m16:55:23.132216 [debug] [Thread-3 (]: Began running node seed.shopflow_analytics.raw_customers
[0m16:55:23.133602 [info ] [Thread-6 (]: 4 of 4 START seed file bronze.raw_products ..................................... [RUN]
[0m16:55:23.134739 [info ] [Thread-5 (]: 3 of 4 START seed file bronze.raw_orders ....................................... [RUN]
[0m16:55:23.144052 [debug] [Thread-5 (]: Databricks adapter: DatabricksDBTConnection(session-id=None, name=seed.shopflow_analytics.raw_orders) - Creating connection
[0m16:55:23.138378 [info ] [Thread-3 (]: 1 of 4 START seed file bronze.raw_customers .................................... [RUN]
[0m16:55:23.149906 [debug] [Thread-3 (]: Databricks adapter: DatabricksDBTConnection(session-id=None, name=seed.shopflow_analytics.raw_customers) - Creating connection
[0m16:55:23.140414 [debug] [Thread-6 (]: Databricks adapter: DatabricksDBTConnection(session-id=None, name=seed.shopflow_analytics.raw_products) - Creating connection
[0m16:55:23.136304 [info ] [Thread-4 (]: 2 of 4 START seed file bronze.raw_order_items .................................. [RUN]
[0m16:55:23.147806 [debug] [Thread-5 (]: Acquiring new databricks connection 'seed.shopflow_analytics.raw_orders'
[0m16:55:23.156243 [debug] [Thread-6 (]: Acquiring new databricks connection 'seed.shopflow_analytics.raw_products'
[0m16:55:23.151616 [debug] [Thread-3 (]: Acquiring new databricks connection 'seed.shopflow_analytics.raw_customers'
[0m16:55:23.158474 [debug] [Thread-4 (]: Databricks adapter: DatabricksDBTConnection(session-id=None, name=seed.shopflow_analytics.raw_order_items) - Creating connection
[0m16:55:23.159923 [debug] [Thread-5 (]: Began compiling node seed.shopflow_analytics.raw_orders
[0m16:55:23.161775 [debug] [Thread-6 (]: Began compiling node seed.shopflow_analytics.raw_products
[0m16:55:23.163194 [debug] [Thread-3 (]: Began compiling node seed.shopflow_analytics.raw_customers
[0m16:55:23.164865 [debug] [Thread-4 (]: Acquiring new databricks connection 'seed.shopflow_analytics.raw_order_items'
[0m16:55:23.168592 [debug] [Thread-5 (]: Began executing node seed.shopflow_analytics.raw_orders
[0m16:55:23.172243 [debug] [Thread-6 (]: Began executing node seed.shopflow_analytics.raw_products
[0m16:55:23.173586 [debug] [Thread-3 (]: Began executing node seed.shopflow_analytics.raw_customers
[0m16:55:23.174537 [debug] [Thread-4 (]: Began compiling node seed.shopflow_analytics.raw_order_items
[0m16:55:23.216134 [debug] [Thread-4 (]: Began executing node seed.shopflow_analytics.raw_order_items
[0m16:55:23.402567 [debug] [Thread-5 (]: Using databricks connection "seed.shopflow_analytics.raw_orders"
[0m16:55:23.409755 [debug] [Thread-4 (]: Using databricks connection "seed.shopflow_analytics.raw_order_items"
[0m16:55:23.422506 [debug] [Thread-6 (]: Using databricks connection "seed.shopflow_analytics.raw_products"
[0m16:55:23.424024 [debug] [Thread-3 (]: Using databricks connection "seed.shopflow_analytics.raw_customers"
[0m16:55:23.425269 [debug] [Thread-5 (]: On seed.shopflow_analytics.raw_orders: /* {"app": "dbt", "dbt_version": "1.12.0", "dbt_databricks_version": "1.12.3", "databricks_sql_connector_version": "4.3.0", "profile_name": "shopflow_analytics", "target_name": "dev", "invocation_id": "ba18895f-3912-4ff5-b8b2-52abed75cf58", "node_id": "seed.shopflow_analytics.raw_orders"} */

    create  table `shopflow_analytics_cat`.`bronze`.`raw_orders` (`order_id` string ,`customer_id` string ,`order_date` date ,`status` string ,`total_amount` double )
    
    using delta
  
    
    
    
    
    
  
[0m16:55:23.426704 [debug] [Thread-4 (]: On seed.shopflow_analytics.raw_order_items: /* {"app": "dbt", "dbt_version": "1.12.0", "dbt_databricks_version": "1.12.3", "databricks_sql_connector_version": "4.3.0", "profile_name": "shopflow_analytics", "target_name": "dev", "invocation_id": "ba18895f-3912-4ff5-b8b2-52abed75cf58", "node_id": "seed.shopflow_analytics.raw_order_items"} */

    create  table `shopflow_analytics_cat`.`bronze`.`raw_order_items` (`order_item_id` string ,`order_id` string ,`product_id` string ,`quantity` int ,`unit_price` double )
    
    using delta
  
    
    
    
    
    
  
[0m16:55:23.427846 [debug] [Thread-6 (]: On seed.shopflow_analytics.raw_products: /* {"app": "dbt", "dbt_version": "1.12.0", "dbt_databricks_version": "1.12.3", "databricks_sql_connector_version": "4.3.0", "profile_name": "shopflow_analytics", "target_name": "dev", "invocation_id": "ba18895f-3912-4ff5-b8b2-52abed75cf58", "node_id": "seed.shopflow_analytics.raw_products"} */

    create  table `shopflow_analytics_cat`.`bronze`.`raw_products` (`product_id` string ,`product_name` string ,`category` string ,`price` double )
    
    using delta
  
    
    
    
    
    
  
[0m16:55:23.428933 [debug] [Thread-3 (]: On seed.shopflow_analytics.raw_customers: /* {"app": "dbt", "dbt_version": "1.12.0", "dbt_databricks_version": "1.12.3", "databricks_sql_connector_version": "4.3.0", "profile_name": "shopflow_analytics", "target_name": "dev", "invocation_id": "ba18895f-3912-4ff5-b8b2-52abed75cf58", "node_id": "seed.shopflow_analytics.raw_customers"} */

    create  table `shopflow_analytics_cat`.`bronze`.`raw_customers` (`customer_id` string ,`first_name` string ,`last_name` string ,`email` string ,`country` string ,`created_at` timestamp )
    
    using delta
  
    
    
    
    
    
  
[0m16:55:23.429993 [debug] [Thread-5 (]: Opening a new connection, currently in state init
[0m16:55:23.430918 [debug] [Thread-4 (]: Opening a new connection, currently in state init
[0m16:55:23.431995 [debug] [Thread-6 (]: Opening a new connection, currently in state init
[0m16:55:23.433021 [debug] [Thread-3 (]: Opening a new connection, currently in state init
[0m16:55:24.726760 [debug] [Thread-5 (]: Databricks adapter: Connection(session-id=01f18c26-b287-15b0-8556-3559e3d2f0d1) - Created
[0m16:55:24.897055 [debug] [Thread-4 (]: Databricks adapter: Connection(session-id=01f18c26-b2ac-16f9-8d4d-12bc35e659e3) - Created
[0m16:55:24.903157 [debug] [Thread-6 (]: Databricks adapter: Connection(session-id=01f18c26-b2ac-10cd-b278-58d7f6774f9b) - Created
[0m16:55:24.927001 [debug] [Thread-3 (]: Databricks adapter: Connection(session-id=01f18c26-b2b0-1338-8282-eb2775c7c496) - Created
[0m16:55:27.790750 [debug] [Thread-5 (]: SQL status: OK in 4.360 seconds
[0m16:55:27.785973 [debug] [Thread-6 (]: SQL status: OK in 4.350 seconds
[0m16:55:27.806708 [debug] [Thread-5 (]: Databricks adapter: Cursor(session-id=01f18c26-b287-15b0-8556-3559e3d2f0d1, command-id=01f18c26-b2ac-16c7-a1c3-d6fd16d288a8) - Closing
[0m16:55:27.812186 [debug] [Thread-6 (]: Databricks adapter: Cursor(session-id=01f18c26-b2ac-10cd-b278-58d7f6774f9b, command-id=01f18c26-b2c7-14e7-b644-1dd9d964ecb5) - Closing
[0m16:55:27.820242 [debug] [Thread-3 (]: SQL status: OK in 4.390 seconds
[0m16:55:27.821656 [debug] [Thread-4 (]: SQL status: OK in 4.390 seconds
[0m16:55:27.844222 [debug] [Thread-3 (]: Databricks adapter: Cursor(session-id=01f18c26-b2b0-1338-8282-eb2775c7c496, command-id=01f18c26-b2cd-1011-a197-47843da61435) - Closing
[0m16:55:27.923301 [debug] [Thread-6 (]: Using databricks connection "seed.shopflow_analytics.raw_products"
[0m16:55:27.935586 [debug] [Thread-4 (]: Databricks adapter: Cursor(session-id=01f18c26-b2ac-16f9-8d4d-12bc35e659e3, command-id=01f18c26-b2c7-1384-b6bd-687104b5bda5) - Closing
[0m16:55:27.952576 [debug] [Thread-5 (]: Using databricks connection "seed.shopflow_analytics.raw_orders"
[0m16:55:27.970765 [debug] [Thread-3 (]: Using databricks connection "seed.shopflow_analytics.raw_customers"
[0m16:55:27.971907 [debug] [Thread-6 (]: On seed.shopflow_analytics.raw_products: 
          insert overwrite `shopflow_analytics_cat`.`bronze`.`raw_products` values
          (%s,%s,%s,%s),(%s,%s,%s,%s),(%s,%s,%s,%s),(%s,%s,%s,%s),(%s,%s,%s,%s),(%s,%s,%s,%s),(%s,%s,%s,%s),(%s,%s,%s,%s),(%s,%s,%s,%s),(%s,%s,%s,%s)
      ...
[0m16:55:27.984416 [debug] [Thread-5 (]: On seed.shopflow_analytics.raw_orders: 
          insert overwrite `shopflow_analytics_cat`.`bronze`.`raw_orders` values
          (%s,%s,%s,%s,%s),(%s,%s,%s,%s,%s),(%s,%s,%s,%s,%s),(%s,%s,%s,%s,%s),(%s,%s,%s,%s,%s),(%s,%s,%s,%s,%s),(%s,%s,%s,%s,%s),(%s,%s,%s,%s,%s),(%s,%s,%s,%s,%s),(%s,%s,%s,%s,%s),(%s,%s,%s,%s,%s),(%s,%s,%s,%s,%s),(%s,%s,%s,%s,%s),(%s,%s,%s,%s,%s),(%s,%s,%s,%s,%s),(%s,%s,%s,%s,%s),(%s,%s,%s,%s,%s),(%s,%s,%s,%s,%s),(%s,%s,%s,%s,%s),(%s,%s,%s,%s,%s)
      ...
[0m16:55:28.008172 [debug] [Thread-3 (]: On seed.shopflow_analytics.raw_customers: 
          insert overwrite `shopflow_analytics_cat`.`bronze`.`raw_customers` values
          (%s,%s,%s,%s,%s,%s),(%s,%s,%s,%s,%s,%s),(%s,%s,%s,%s,%s,%s),(%s,%s,%s,%s,%s,%s),(%s,%s,%s,%s,%s,%s),(%s,%s,%s,%s,%s,%s),(%s,%s,%s,%s,%s,%s),(%s,%s,%s,%s,%s,%s),(%s,%s,%s,%s,%s,%s),(%s,%s,%s,%s,%s,%s)
      ...
[0m16:55:28.022788 [debug] [Thread-4 (]: Using databricks connection "seed.shopflow_analytics.raw_order_items"
[0m16:55:28.023517 [debug] [Thread-4 (]: On seed.shopflow_analytics.raw_order_items: 
          insert overwrite `shopflow_analytics_cat`.`bronze`.`raw_order_items` values
          (%s,%s,%s,%s,%s),(%s,%s,%s,%s,%s),(%s,%s,%s,%s,%s),(%s,%s,%s,%s,%s),(%s,%s,%s,%s,%s),(%s,%s,%s,%s,%s),(%s,%s,%s,%s,%s),(%s,%s,%s,%s,%s),(%s,%s,%s,%s,%s),(%s,%s,%s,%s,%s),(%s,%s,%s,%s,%s),(%s,%s,%s,%s,%s),(%s,%s,%s,%s,%s),(%s,%s,%s,%s,%s),(%s,%s,%s,%s,%s),(%s,%s,%s,%s,%s),(%s,%s,%s,%s,%s),(%s,%s,%s,%s,%s),(%s,%s,%s,%s,%s),(%s,%s,%s,%s,%s),(%s,%s,%s,%s,%s),(%s,%s,%s,%s,%s),(%s,%s,%s,%s,%s),(%s,%s,%s,%s,%s),(%s,%s,...
[0m16:55:31.115508 [debug] [Thread-5 (]: SQL status: OK in 3.100 seconds
[0m16:55:31.116773 [debug] [Thread-5 (]: Databricks adapter: Cursor(session-id=01f18c26-b287-15b0-8556-3559e3d2f0d1, command-id=01f18c26-b4a1-1aeb-8f4c-4ea7f8fab62e) - Closing
[0m16:55:31.133768 [debug] [Thread-4 (]: SQL status: OK in 3.110 seconds
[0m16:55:31.137046 [debug] [Thread-4 (]: Databricks adapter: Cursor(session-id=01f18c26-b2ac-16f9-8d4d-12bc35e659e3, command-id=01f18c26-b4a3-1317-a0cd-30d36f638d13) - Closing
[0m16:55:31.136083 [debug] [Thread-5 (]: Writing runtime SQL for node "seed.shopflow_analytics.raw_orders"
[0m16:55:31.139459 [debug] [Thread-4 (]: Writing runtime SQL for node "seed.shopflow_analytics.raw_order_items"
[0m16:55:31.184915 [debug] [Thread-5 (]: On seed.shopflow_analytics.raw_orders: Close
[0m16:55:31.186639 [debug] [Thread-5 (]: Databricks adapter: Connection(session-id=01f18c26-b287-15b0-8556-3559e3d2f0d1) - Closing
[0m16:55:31.287320 [debug] [Thread-3 (]: SQL status: OK in 3.270 seconds
[0m16:55:31.288099 [debug] [Thread-3 (]: Databricks adapter: Cursor(session-id=01f18c26-b2b0-1338-8282-eb2775c7c496, command-id=01f18c26-b4a4-1458-9a2d-71cf2973075e) - Closing
[0m16:55:31.289373 [debug] [Thread-3 (]: Writing runtime SQL for node "seed.shopflow_analytics.raw_customers"
[0m16:55:31.333535 [debug] [Thread-6 (]: SQL status: OK in 3.320 seconds
[0m16:55:31.334252 [debug] [Thread-6 (]: Databricks adapter: Cursor(session-id=01f18c26-b2ac-10cd-b278-58d7f6774f9b, command-id=01f18c26-b4a1-1b28-9cad-c058b270f2d7) - Closing
[0m16:55:31.335358 [debug] [Thread-6 (]: Writing runtime SQL for node "seed.shopflow_analytics.raw_products"
[0m16:55:31.363238 [debug] [Thread-4 (]: On seed.shopflow_analytics.raw_order_items: Close
[0m16:55:31.364620 [debug] [Thread-4 (]: Databricks adapter: Connection(session-id=01f18c26-b2ac-16f9-8d4d-12bc35e659e3) - Closing
[0m16:55:31.557204 [debug] [Thread-3 (]: On seed.shopflow_analytics.raw_customers: Close
[0m16:55:31.558582 [debug] [Thread-3 (]: Databricks adapter: Connection(session-id=01f18c26-b2b0-1338-8282-eb2775c7c496) - Closing
[0m16:55:31.779816 [debug] [Thread-6 (]: On seed.shopflow_analytics.raw_products: Close
[0m16:55:31.783274 [debug] [Thread-6 (]: Databricks adapter: Connection(session-id=01f18c26-b2ac-10cd-b278-58d7f6774f9b) - Closing
[0m16:55:32.222385 [debug] [Thread-5 (]: Sending event: {'category': 'dbt', 'action': 'run_model', 'label': 'ba18895f-3912-4ff5-b8b2-52abed75cf58', 'context': [<snowplow_tracker.self_describing_json.SelfDescribingJson object at 0x0000025C59A50CB0>]}
[0m16:55:32.227900 [debug] [Thread-3 (]: Sending event: {'category': 'dbt', 'action': 'run_model', 'label': 'ba18895f-3912-4ff5-b8b2-52abed75cf58', 'context': [<snowplow_tracker.self_describing_json.SelfDescribingJson object at 0x0000025C59A6CE10>]}
[0m16:55:32.230407 [debug] [Thread-6 (]: Sending event: {'category': 'dbt', 'action': 'run_model', 'label': 'ba18895f-3912-4ff5-b8b2-52abed75cf58', 'context': [<snowplow_tracker.self_describing_json.SelfDescribingJson object at 0x0000025C59A5C6D0>]}
[0m16:55:32.233176 [debug] [Thread-4 (]: Sending event: {'category': 'dbt', 'action': 'run_model', 'label': 'ba18895f-3912-4ff5-b8b2-52abed75cf58', 'context': [<snowplow_tracker.self_describing_json.SelfDescribingJson object at 0x0000025C59956190>]}
[0m16:55:32.224388 [info ] [Thread-5 (]: 3 of 4 OK loaded seed file bronze.raw_orders ................................... [[32mINSERT 20[0m in 9.07s]
[0m16:55:32.246209 [debug] [Thread-5 (]: Finished running node seed.shopflow_analytics.raw_orders
[0m16:55:32.229826 [info ] [Thread-3 (]: 1 of 4 OK loaded seed file bronze.raw_customers ................................ [[32mINSERT 10[0m in 9.08s]
[0m16:55:32.264997 [debug] [Thread-3 (]: Finished running node seed.shopflow_analytics.raw_customers
[0m16:55:32.231204 [info ] [Thread-6 (]: 4 of 4 OK loaded seed file bronze.raw_products ................................. [[32mINSERT 10[0m in 9.09s]
[0m16:55:32.272780 [debug] [Thread-6 (]: Finished running node seed.shopflow_analytics.raw_products
[0m16:55:32.234897 [info ] [Thread-4 (]: 2 of 4 OK loaded seed file bronze.raw_order_items .............................. [[32mINSERT 30[0m in 9.06s]
[0m16:55:32.276109 [debug] [Thread-4 (]: Finished running node seed.shopflow_analytics.raw_order_items
[0m16:55:32.281863 [debug] [MainThread]: Databricks adapter: DatabricksDBTConnection(session-id=None, name=master) - Creating connection
[0m16:55:32.282972 [debug] [MainThread]: Acquiring new databricks connection 'master'
[0m16:55:32.285569 [info ] [MainThread]: 
[0m16:55:32.291099 [info ] [MainThread]: Finished shopflow_analytics run
[0m16:55:32.318668 [debug] [MainThread]: Writing injected SQL for node "operation.shopflow_analytics.shopflow_analytics-on-run-end-0"
[0m16:55:32.321316 [info ] [MainThread]: 1 of 1 START hook: shopflow_analytics.on-run-end.0 ............................. [RUN]
[0m16:55:32.337644 [info ] [MainThread]: 1 of 1 OK hook: shopflow_analytics.on-run-end.0 ................................ [[32mOK[0m in 0.05s]
[0m16:55:32.342726 [info ] [MainThread]: 
[0m16:55:32.344234 [info ] [MainThread]: Finished running 2 project hooks, 4 seeds in 0 hours 0 minutes and 16.69 seconds (16.69s).
[0m16:55:32.352783 [debug] [MainThread]: Command end result
[0m16:55:32.960329 [debug] [MainThread]: Wrote artifact WritableManifest to C:\Users\Utilisateur\Desktop\Auto E TS\Datanoumrite\DBT ENG PROJECT\ddd-engineering-project\target\manifest.json
[0m16:55:32.973587 [debug] [MainThread]: Wrote artifact SemanticManifest to C:\Users\Utilisateur\Desktop\Auto E TS\Datanoumrite\DBT ENG PROJECT\ddd-engineering-project\target\semantic_manifest.json
[0m16:55:33.047930 [debug] [MainThread]: Wrote artifact OsiDocument to C:\Users\Utilisateur\Desktop\Auto E TS\Datanoumrite\DBT ENG PROJECT\ddd-engineering-project\target\osi_document.json
[0m16:55:33.074594 [debug] [MainThread]: Wrote artifact RunExecutionResult to C:\Users\Utilisateur\Desktop\Auto E TS\Datanoumrite\DBT ENG PROJECT\ddd-engineering-project\target\run_results.json
[0m16:55:33.075711 [info ] [MainThread]: 
[0m16:55:33.409672 [info ] [MainThread]: [32mCompleted successfully[0m
[0m16:55:33.505495 [info ] [MainThread]: 
[0m16:55:33.591332 [info ] [MainThread]: Done. PASS=6 WARN=0 ERROR=0 SKIP=0 NO-OP=0 REUSED=0 TOTAL=6
[0m16:55:33.597089 [debug] [MainThread]: Command `dbt seed` succeeded at 16:55:33.596839 after 32.03 seconds
[0m16:55:33.597876 [debug] [MainThread]: Sending event: {'category': 'dbt', 'action': 'invocation', 'label': 'end', 'context': [<snowplow_tracker.self_describing_json.SelfDescribingJson object at 0x0000025C4861FDD0>, <snowplow_tracker.self_describing_json.SelfDescribingJson object at 0x0000025C5811D1F0>, <snowplow_tracker.self_describing_json.SelfDescribingJson object at 0x0000025C5811E030>]}
[0m16:55:33.598525 [debug] [MainThread]: Flushing usage events
[0m16:55:34.857078 [debug] [MainThread]: An error was encountered while trying to flush usage events
[0m17:04:08.633999 [debug] [MainThread]: Sending event: {'category': 'dbt', 'action': 'invocation', 'label': 'start', 'context': [<snowplow_tracker.self_describing_json.SelfDescribingJson object at 0x00000248E32D16A0>, <snowplow_tracker.self_describing_json.SelfDescribingJson object at 0x00000248E0BBC690>, <snowplow_tracker.self_describing_json.SelfDescribingJson object at 0x00000248E5BBB9D0>]}


============================== 17:04:08.662395 | fdc54a03-89d2-4982-aa55-b2f64849a197 ==============================
[0m17:04:08.662395 [info ] [MainThread]: Running with dbt=1.12.0
[0m17:04:08.665007 [debug] [MainThread]: running dbt with arguments {'version_check': 'True', 'no_print': 'None', 'maximum_seed_size_mib': '1', 'target_path': 'None', 'static_parser': 'True', 'warn_error_options': 'WarnErrorOptionsV2(error=[], warn=[], silence=[])', 'printer_width': '80', 'write_json': 'True', 'introspect': 'True', 'log_cache_events': 'False', 'empty': 'False', 'cache_selected_only': 'False', 'log_format': 'default', 'debug': 'False', 'fail_fast': 'False', 'partial_parse': 'True', 'send_anonymous_usage_stats': 'True', 'quiet': 'False', 'warn_error': 'None', 'profiles_dir': 'C:\\Users\\Utilisateur\\Desktop\\Auto E TS\\Datanoumrite\\DBT ENG PROJECT\\ddd-engineering-project', 'indirect_selection': 'eager', 'hints_enabled': 'True', 'invocation_command': 'dbt snapshot', 'use_experimental_parser': 'False', 'use_colors': 'True', 'log_path': 'C:\\Users\\Utilisateur\\Desktop\\Auto E TS\\Datanoumrite\\DBT ENG PROJECT\\ddd-engineering-project\\logs'}
[0m17:04:11.541474 [debug] [MainThread]: Spark adapter: Setting pyhive.hive logging to ERROR
[0m17:04:11.542403 [debug] [MainThread]: Spark adapter: Setting thrift.transport logging to ERROR
[0m17:04:11.542866 [debug] [MainThread]: Spark adapter: Setting thrift.protocol logging to ERROR
[0m17:04:15.129426 [debug] [MainThread]: Sending event: {'category': 'dbt', 'action': 'project_id', 'label': 'fdc54a03-89d2-4982-aa55-b2f64849a197', 'context': [<snowplow_tracker.self_describing_json.SelfDescribingJson object at 0x00000248F029B5C0>]}
[0m17:04:15.305368 [debug] [MainThread]: Sending event: {'category': 'dbt', 'action': 'adapter_info', 'label': 'fdc54a03-89d2-4982-aa55-b2f64849a197', 'context': [<snowplow_tracker.self_describing_json.SelfDescribingJson object at 0x00000248E3E68050>]}
[0m17:04:15.306571 [info ] [MainThread]: Registered adapter: databricks=1.12.3
[0m17:04:16.137280 [debug] [MainThread]: checksum: 084b7dca7de436582dfd47cda807ce894c1aacc971f621924e28a9827d1c7273, vars: {}, profile: shopflow_analytics, target: dev, version: 1.12.0
[0m17:04:16.691964 [debug] [MainThread]: Partial parsing enabled: 0 files deleted, 0 files added, 0 files changed.
[0m17:04:16.692530 [debug] [MainThread]: Nothing changed, skipping partial parsing.
[0m17:04:16.692961 [debug] [MainThread]: Partial parsing enabled, no changes found, skipping parsing
[0m17:04:16.711962 [debug] [MainThread]: Sending event: {'category': 'dbt', 'action': 'load_project', 'label': 'fdc54a03-89d2-4982-aa55-b2f64849a197', 'context': [<snowplow_tracker.self_describing_json.SelfDescribingJson object at 0x00000248F0E74850>]}
[0m17:04:17.407132 [debug] [MainThread]: Wrote artifact WritableManifest to C:\Users\Utilisateur\Desktop\Auto E TS\Datanoumrite\DBT ENG PROJECT\ddd-engineering-project\target\manifest.json
[0m17:04:17.413215 [debug] [MainThread]: Wrote artifact SemanticManifest to C:\Users\Utilisateur\Desktop\Auto E TS\Datanoumrite\DBT ENG PROJECT\ddd-engineering-project\target\semantic_manifest.json
[0m17:04:17.479596 [debug] [MainThread]: Wrote artifact OsiDocument to C:\Users\Utilisateur\Desktop\Auto E TS\Datanoumrite\DBT ENG PROJECT\ddd-engineering-project\target\osi_document.json
[0m17:04:17.524629 [debug] [MainThread]: Sending event: {'category': 'dbt', 'action': 'resource_counts', 'label': 'fdc54a03-89d2-4982-aa55-b2f64849a197', 'context': [<snowplow_tracker.self_describing_json.SelfDescribingJson object at 0x00000248F0BFF6B0>]}
[0m17:04:17.525468 [info ] [MainThread]: Found 8 models, 1 snapshot, 37 data tests, 4 seeds, 2 operations, 3 exposures, 888 macros
[0m17:04:17.526306 [debug] [MainThread]: Sending event: {'category': 'dbt', 'action': 'runnable_timing', 'label': 'fdc54a03-89d2-4982-aa55-b2f64849a197', 'context': [<snowplow_tracker.self_describing_json.SelfDescribingJson object at 0x00000248F0BD75B0>]}
[0m17:04:17.534016 [info ] [MainThread]: 
[0m17:04:17.534968 [info ] [MainThread]: Concurrency: 4 threads (target='dev')
[0m17:04:17.536082 [info ] [MainThread]: 
[0m17:04:17.538169 [debug] [MainThread]: Databricks adapter: DatabricksDBTConnection(session-id=None, name=master) - Creating connection
[0m17:04:17.539216 [debug] [MainThread]: Acquiring new databricks connection 'master'
[0m17:04:17.541690 [debug] [ThreadPool]: Databricks adapter: DatabricksDBTConnection(session-id=None, name=list_shopflow_analytics_cat) - Creating connection
[0m17:04:17.542924 [debug] [ThreadPool]: Acquiring new databricks connection 'list_shopflow_analytics_cat'
[0m17:04:17.578430 [debug] [ThreadPool]: Using databricks connection "list_shopflow_analytics_cat"
[0m17:04:17.579039 [debug] [ThreadPool]: On list_shopflow_analytics_cat: /* {"app": "dbt", "dbt_version": "1.12.0", "dbt_databricks_version": "1.12.3", "databricks_sql_connector_version": "4.3.0", "profile_name": "shopflow_analytics", "target_name": "dev", "invocation_id": "fdc54a03-89d2-4982-aa55-b2f64849a197", "connection_name": "list_shopflow_analytics_cat"} */

    

  SHOW SCHEMAS IN `shopflow_analytics_cat`


  
[0m17:04:17.582928 [debug] [ThreadPool]: Opening a new connection, currently in state init
[0m17:04:23.234853 [debug] [ThreadPool]: Databricks adapter: Connection(session-id=01f18c27-f32c-122a-8807-6005bf4f52e2) - Created
[0m17:04:23.848132 [debug] [ThreadPool]: SQL status: OK in 6.260 seconds
[0m17:04:23.939315 [debug] [ThreadPool]: Databricks adapter: Cursor(session-id=01f18c27-f32c-122a-8807-6005bf4f52e2, command-id=01f18c27-f3aa-112b-a465-48f5b9852c72) - Closing
[0m17:04:23.941899 [debug] [ThreadPool]: On list_shopflow_analytics_cat: Close
[0m17:04:23.943359 [debug] [ThreadPool]: Databricks adapter: Connection(session-id=01f18c27-f32c-122a-8807-6005bf4f52e2) - Closing
[0m17:04:24.240265 [debug] [ThreadPool]: Databricks adapter: DatabricksDBTConnection(session-id=None, name=list_shopflow_analytics_cat_bronze) - Creating connection
[0m17:04:24.247452 [debug] [ThreadPool]: Acquiring new databricks connection 'list_shopflow_analytics_cat_bronze'
[0m17:04:24.261873 [debug] [ThreadPool]: Databricks adapter: DatabricksDBTConnection(session-id=None, name=list_shopflow_analytics_cat_silver) - Creating connection
[0m17:04:24.266973 [debug] [ThreadPool]: Acquiring new databricks connection 'list_shopflow_analytics_cat_silver'
[0m17:04:24.272080 [debug] [ThreadPool]: Using databricks connection "list_shopflow_analytics_cat_silver"
[0m17:04:24.269190 [debug] [ThreadPool]: Using databricks connection "list_shopflow_analytics_cat_bronze"
[0m17:04:24.268456 [debug] [ThreadPool]: Databricks adapter: DatabricksDBTConnection(session-id=None, name=list_shopflow_analytics_cat_gold) - Creating connection
[0m17:04:24.272938 [debug] [ThreadPool]: On list_shopflow_analytics_cat_silver: /* {"app": "dbt", "dbt_version": "1.12.0", "dbt_databricks_version": "1.12.3", "databricks_sql_connector_version": "4.3.0", "profile_name": "shopflow_analytics", "target_name": "dev", "invocation_id": "fdc54a03-89d2-4982-aa55-b2f64849a197", "connection_name": "list_shopflow_analytics_cat_silver"} */

    
SELECT
  table_name,
  if(table_type IN ('EXTERNAL', 'MANAGED', 'MANAGED_SHALLOW_CLONE', 'EXTERNAL_SHALLOW_CLONE'), 'table', lower(table_type)) AS table_type,
  lower(data_source_format) AS file_format,
  table_owner,
  if(
    table_type IN (
      'EXTERNAL',
      'MANAGED',
      'MANAGED_SHALLOW_CLONE',
      'EXTERNAL_SHALLOW_CLONE'
    ),
    lower(table_type),
    NULL
  ) AS databricks_table_type
FROM `system`.`information_schema`.`tables`
WHERE table_catalog = 'shopflow_analytics_cat'
  AND table_schema = 'silver'

  
[0m17:04:24.276454 [debug] [ThreadPool]: On list_shopflow_analytics_cat_bronze: /* {"app": "dbt", "dbt_version": "1.12.0", "dbt_databricks_version": "1.12.3", "databricks_sql_connector_version": "4.3.0", "profile_name": "shopflow_analytics", "target_name": "dev", "invocation_id": "fdc54a03-89d2-4982-aa55-b2f64849a197", "connection_name": "list_shopflow_analytics_cat_bronze"} */

    
SELECT
  table_name,
  if(table_type IN ('EXTERNAL', 'MANAGED', 'MANAGED_SHALLOW_CLONE', 'EXTERNAL_SHALLOW_CLONE'), 'table', lower(table_type)) AS table_type,
  lower(data_source_format) AS file_format,
  table_owner,
  if(
    table_type IN (
      'EXTERNAL',
      'MANAGED',
      'MANAGED_SHALLOW_CLONE',
      'EXTERNAL_SHALLOW_CLONE'
    ),
    lower(table_type),
    NULL
  ) AS databricks_table_type
FROM `system`.`information_schema`.`tables`
WHERE table_catalog = 'shopflow_analytics_cat'
  AND table_schema = 'bronze'

  
[0m17:04:24.282547 [debug] [ThreadPool]: Acquiring new databricks connection 'list_shopflow_analytics_cat_gold'
[0m17:04:24.284722 [debug] [ThreadPool]: Opening a new connection, currently in state init
[0m17:04:24.286591 [debug] [ThreadPool]: Opening a new connection, currently in state init
[0m17:04:24.291125 [debug] [ThreadPool]: Using databricks connection "list_shopflow_analytics_cat_gold"
[0m17:04:24.296804 [debug] [ThreadPool]: On list_shopflow_analytics_cat_gold: /* {"app": "dbt", "dbt_version": "1.12.0", "dbt_databricks_version": "1.12.3", "databricks_sql_connector_version": "4.3.0", "profile_name": "shopflow_analytics", "target_name": "dev", "invocation_id": "fdc54a03-89d2-4982-aa55-b2f64849a197", "connection_name": "list_shopflow_analytics_cat_gold"} */

    
SELECT
  table_name,
  if(table_type IN ('EXTERNAL', 'MANAGED', 'MANAGED_SHALLOW_CLONE', 'EXTERNAL_SHALLOW_CLONE'), 'table', lower(table_type)) AS table_type,
  lower(data_source_format) AS file_format,
  table_owner,
  if(
    table_type IN (
      'EXTERNAL',
      'MANAGED',
      'MANAGED_SHALLOW_CLONE',
      'EXTERNAL_SHALLOW_CLONE'
    ),
    lower(table_type),
    NULL
  ) AS databricks_table_type
FROM `system`.`information_schema`.`tables`
WHERE table_catalog = 'shopflow_analytics_cat'
  AND table_schema = 'gold'

  
[0m17:04:24.299128 [debug] [ThreadPool]: Opening a new connection, currently in state init
[0m17:04:26.130551 [debug] [ThreadPool]: Databricks adapter: Connection(session-id=01f18c27-f50c-1357-a4dc-723e21d3f82c) - Created
[0m17:04:26.187012 [debug] [ThreadPool]: Databricks adapter: Connection(session-id=01f18c27-f54f-1ad1-b234-1fa903a1dc17) - Created
[0m17:04:26.193460 [debug] [ThreadPool]: Databricks adapter: Connection(session-id=01f18c27-f551-19c8-b60f-e916ec0e04be) - Created
[0m17:04:26.773916 [debug] [ThreadPool]: SQL status: OK in 2.490 seconds
[0m17:04:26.796217 [debug] [ThreadPool]: Databricks adapter: Cursor(session-id=01f18c27-f50c-1357-a4dc-723e21d3f82c, command-id=01f18c27-f565-19b8-a564-b44f8ff9c28a) - Closing
[0m17:04:26.797098 [debug] [ThreadPool]: On list_shopflow_analytics_cat_silver: Close
[0m17:04:26.797730 [debug] [ThreadPool]: Databricks adapter: Connection(session-id=01f18c27-f50c-1357-a4dc-723e21d3f82c) - Closing
[0m17:04:26.814758 [debug] [ThreadPool]: SQL status: OK in 2.530 seconds
[0m17:04:26.817613 [debug] [ThreadPool]: Databricks adapter: Cursor(session-id=01f18c27-f54f-1ad1-b234-1fa903a1dc17, command-id=01f18c27-f56b-1ca9-8059-90bcff2492d9) - Closing
[0m17:04:26.998589 [debug] [ThreadPool]: On list_shopflow_analytics_cat_bronze: Close
[0m17:04:27.002702 [debug] [ThreadPool]: Databricks adapter: Connection(session-id=01f18c27-f54f-1ad1-b234-1fa903a1dc17) - Closing
[0m17:04:27.008090 [debug] [ThreadPool]: SQL status: OK in 2.710 seconds
[0m17:04:27.014124 [debug] [ThreadPool]: Databricks adapter: Cursor(session-id=01f18c27-f551-19c8-b60f-e916ec0e04be, command-id=01f18c27-f56f-11e6-a841-bc3203cb0dc2) - Closing
[0m17:04:27.359843 [debug] [ThreadPool]: On list_shopflow_analytics_cat_gold: Close
[0m17:04:27.365986 [debug] [ThreadPool]: Databricks adapter: Connection(session-id=01f18c27-f551-19c8-b60f-e916ec0e04be) - Closing
[0m17:04:27.698598 [debug] [MainThread]: Sending event: {'category': 'dbt', 'action': 'runnable_timing', 'label': 'fdc54a03-89d2-4982-aa55-b2f64849a197', 'context': [<snowplow_tracker.self_describing_json.SelfDescribingJson object at 0x00000248EDFEA4E0>]}
[0m17:04:27.718859 [info ] [MainThread]: Starting shopflow_analytics run
[0m17:04:27.720280 [debug] [MainThread]: Writing injected SQL for node "operation.shopflow_analytics.shopflow_analytics-on-run-start-0"
[0m17:04:27.731198 [info ] [MainThread]: 1 of 1 START hook: shopflow_analytics.on-run-start.0 ........................... [RUN]
[0m17:04:27.732698 [info ] [MainThread]: 1 of 1 OK hook: shopflow_analytics.on-run-start.0 .............................. [[32mOK[0m in 0.03s]
[0m17:04:27.734184 [info ] [MainThread]: 
[0m17:04:27.765803 [debug] [Thread-3 (]: Began running node snapshot.shopflow_analytics.scd_customers
[0m17:04:27.767441 [info ] [Thread-3 (]: 1 of 1 START snapshot gold.scd_customers ....................................... [RUN]
[0m17:04:27.769262 [debug] [Thread-3 (]: Databricks adapter: DatabricksDBTConnection(session-id=None, name=snapshot.shopflow_analytics.scd_customers) - Creating connection
[0m17:04:27.769898 [debug] [Thread-3 (]: Acquiring new databricks connection 'snapshot.shopflow_analytics.scd_customers'
[0m17:04:27.770562 [debug] [Thread-3 (]: Began compiling node snapshot.shopflow_analytics.scd_customers
[0m17:04:27.848868 [debug] [Thread-3 (]: Writing injected SQL for node "snapshot.shopflow_analytics.scd_customers"
[0m17:04:27.853197 [debug] [Thread-3 (]: Began executing node snapshot.shopflow_analytics.scd_customers
[0m17:04:28.269979 [debug] [Thread-3 (]: Using databricks connection "snapshot.shopflow_analytics.scd_customers"
[0m17:04:28.274640 [debug] [Thread-3 (]: On snapshot.shopflow_analytics.scd_customers: /* {"app": "dbt", "dbt_version": "1.12.0", "dbt_databricks_version": "1.12.3", "databricks_sql_connector_version": "4.3.0", "profile_name": "shopflow_analytics", "target_name": "dev", "invocation_id": "fdc54a03-89d2-4982-aa55-b2f64849a197", "node_id": "snapshot.shopflow_analytics.scd_customers"} */
SELECT
    table_catalog,
    table_schema,
    table_name,
    filter_name,
    target_columns
  FROM `shopflow_analytics_cat`.`information_schema`.`row_filters`
  WHERE table_catalog = 'shopflow_analytics_cat'
    AND table_schema = 'gold'
    AND table_name = 'scd_customers'
[0m17:04:28.276010 [debug] [Thread-3 (]: Opening a new connection, currently in state init
[0m17:04:29.491710 [debug] [Thread-3 (]: Databricks adapter: Connection(session-id=01f18c27-f732-15ea-aa3b-7e1c47256dfe) - Created
[0m17:04:30.108634 [debug] [Thread-3 (]: SQL status: OK in 1.830 seconds
[0m17:04:30.118307 [debug] [Thread-3 (]: Databricks adapter: Cursor(session-id=01f18c27-f732-15ea-aa3b-7e1c47256dfe, command-id=01f18c27-f764-1ef5-9aa8-322fdd5adb9a) - Closing
[0m17:04:30.220956 [debug] [Thread-3 (]: Using databricks connection "snapshot.shopflow_analytics.scd_customers"
[0m17:04:30.222796 [debug] [Thread-3 (]: On snapshot.shopflow_analytics.scd_customers: /* {"app": "dbt", "dbt_version": "1.12.0", "dbt_databricks_version": "1.12.3", "databricks_sql_connector_version": "4.3.0", "profile_name": "shopflow_analytics", "target_name": "dev", "invocation_id": "fdc54a03-89d2-4982-aa55-b2f64849a197", "node_id": "snapshot.shopflow_analytics.scd_customers"} */
select * from (
        select *,
        md5(coalesce(cast(customer_id as string ), '')
         || '|' || coalesce(cast(
    current_timestamp()
 as string ), '')
        ) as dbt_scd_id,
        
    current_timestamp()
 as dbt_updated_at,
        
    current_timestamp()
 as dbt_valid_from,
        
  
  coalesce(nullif(
    current_timestamp()
, 
    current_timestamp()
), null)
  as dbt_valid_to

    from (
        select
    customer_id,
    trim(first_name) as first_name,
    trim(last_name) as last_name,
    lower(trim(email)) as email,
    upper(trim(country)) as country,
    created_at
from `shopflow_analytics_cat`.`bronze`.`raw_customers`
    ) sbq


    ) as __dbt_sbq
    where false
    limit 0

[0m17:04:31.008803 [debug] [Thread-3 (]: SQL status: OK in 0.780 seconds
[0m17:04:31.041973 [debug] [Thread-3 (]: Using databricks connection "snapshot.shopflow_analytics.scd_customers"
[0m17:04:31.043943 [debug] [Thread-3 (]: On snapshot.shopflow_analytics.scd_customers: /* {"app": "dbt", "dbt_version": "1.12.0", "dbt_databricks_version": "1.12.3", "databricks_sql_connector_version": "4.3.0", "profile_name": "shopflow_analytics", "target_name": "dev", "invocation_id": "fdc54a03-89d2-4982-aa55-b2f64849a197", "node_id": "snapshot.shopflow_analytics.scd_customers"} */
select * from (
        select 
    current_timestamp()
 as dbt_snapshot_time
    ) as __dbt_sbq
    where false
    limit 0

[0m17:04:31.045201 [debug] [Thread-3 (]: Databricks adapter: Cursor(session-id=01f18c27-f732-15ea-aa3b-7e1c47256dfe, command-id=01f18c27-f7d4-1993-84e6-6f6b3b488736) - Closing
[0m17:04:31.323717 [debug] [Thread-3 (]: SQL status: OK in 0.280 seconds
[0m17:04:31.326334 [debug] [Thread-3 (]: Writing runtime sql for node "snapshot.shopflow_analytics.scd_customers"
[0m17:04:31.333681 [debug] [Thread-3 (]: Using databricks connection "snapshot.shopflow_analytics.scd_customers"
[0m17:04:31.337226 [debug] [Thread-3 (]: On snapshot.shopflow_analytics.scd_customers: /* {"app": "dbt", "dbt_version": "1.12.0", "dbt_databricks_version": "1.12.3", "databricks_sql_connector_version": "4.3.0", "profile_name": "shopflow_analytics", "target_name": "dev", "invocation_id": "fdc54a03-89d2-4982-aa55-b2f64849a197", "node_id": "snapshot.shopflow_analytics.scd_customers"} */

      
  
    
        create or replace table `shopflow_analytics_cat`.`gold`.`scd_customers`
      
      
    using delta
  
      
      
      
      
      
      
      
      
      as
      select *,
        md5(coalesce(cast(customer_id as string ), '')
         || '|' || coalesce(cast(
    current_timestamp()
 as string ), '')
        ) as dbt_scd_id,
        
    current_timestamp()
 as dbt_updated_at,
        
    current_timestamp()
 as dbt_valid_from,
        
  
  coalesce(nullif(
    current_timestamp()
, 
    current_timestamp()
), null)
  as dbt_valid_to

    from (
        select
    customer_id,
    trim(first_name) as first_name,
    trim(last_name) as last_name,
    lower(trim(email)) as email,
    upper(trim(country)) as country,
    created_at
from `shopflow_analytics_cat`.`bronze`.`raw_customers`
    ) sbq


  
  
[0m17:04:31.341138 [debug] [Thread-3 (]: Databricks adapter: Cursor(session-id=01f18c27-f732-15ea-aa3b-7e1c47256dfe, command-id=01f18c27-f851-1d8b-b035-141c645ab7bf) - Closing
[0m17:04:35.470989 [debug] [Thread-3 (]: SQL status: OK in 4.130 seconds
[0m17:04:35.473425 [debug] [Thread-3 (]: Databricks adapter: Cursor(session-id=01f18c27-f732-15ea-aa3b-7e1c47256dfe, command-id=01f18c27-f880-1319-a5a9-aca716725e00) - Closing
[0m17:04:35.662773 [debug] [Thread-3 (]: On snapshot.shopflow_analytics.scd_customers: Close
[0m17:04:35.663464 [debug] [Thread-3 (]: Databricks adapter: Connection(session-id=01f18c27-f732-15ea-aa3b-7e1c47256dfe) - Closing
[0m17:04:35.892737 [debug] [Thread-3 (]: Sending event: {'category': 'dbt', 'action': 'run_model', 'label': 'fdc54a03-89d2-4982-aa55-b2f64849a197', 'context': [<snowplow_tracker.self_describing_json.SelfDescribingJson object at 0x00000248F0C5B110>]}
[0m17:04:35.895364 [info ] [Thread-3 (]: 1 of 1 OK snapshotted gold.scd_customers ....................................... [[32mOK[0m in 8.12s]
[0m17:04:35.900508 [debug] [Thread-3 (]: Finished running node snapshot.shopflow_analytics.scd_customers
[0m17:04:35.908319 [debug] [MainThread]: Databricks adapter: DatabricksDBTConnection(session-id=None, name=master) - Creating connection
[0m17:04:35.909833 [debug] [MainThread]: Acquiring new databricks connection 'master'
[0m17:04:35.911782 [info ] [MainThread]: 
[0m17:04:36.013671 [info ] [MainThread]: Finished shopflow_analytics run
[0m17:04:36.104230 [debug] [MainThread]: Writing injected SQL for node "operation.shopflow_analytics.shopflow_analytics-on-run-end-0"
[0m17:04:36.107236 [info ] [MainThread]: 1 of 1 START hook: shopflow_analytics.on-run-end.0 ............................. [RUN]
[0m17:04:36.112390 [info ] [MainThread]: 1 of 1 OK hook: shopflow_analytics.on-run-end.0 ................................ [[32mOK[0m in 0.12s]
[0m17:04:36.125441 [info ] [MainThread]: 
[0m17:04:36.145920 [info ] [MainThread]: Finished running 2 project hooks, 1 snapshot in 0 hours 0 minutes and 18.59 seconds (18.59s).
[0m17:04:36.426656 [debug] [MainThread]: Command end result
[0m17:04:37.405582 [debug] [MainThread]: Wrote artifact WritableManifest to C:\Users\Utilisateur\Desktop\Auto E TS\Datanoumrite\DBT ENG PROJECT\ddd-engineering-project\target\manifest.json
[0m17:04:37.462381 [debug] [MainThread]: Wrote artifact SemanticManifest to C:\Users\Utilisateur\Desktop\Auto E TS\Datanoumrite\DBT ENG PROJECT\ddd-engineering-project\target\semantic_manifest.json
[0m17:04:37.708204 [debug] [MainThread]: Wrote artifact OsiDocument to C:\Users\Utilisateur\Desktop\Auto E TS\Datanoumrite\DBT ENG PROJECT\ddd-engineering-project\target\osi_document.json
[0m17:04:37.905721 [debug] [MainThread]: Wrote artifact RunExecutionResult to C:\Users\Utilisateur\Desktop\Auto E TS\Datanoumrite\DBT ENG PROJECT\ddd-engineering-project\target\run_results.json
[0m17:04:37.907251 [info ] [MainThread]: 
[0m17:04:37.976284 [info ] [MainThread]: [32mCompleted successfully[0m
[0m17:04:38.160821 [info ] [MainThread]: 
[0m17:04:38.385590 [info ] [MainThread]: Done. PASS=3 WARN=0 ERROR=0 SKIP=0 NO-OP=0 REUSED=0 TOTAL=3
[0m17:04:38.691816 [debug] [MainThread]: Command `dbt snapshot` succeeded at 17:04:38.691166 after 30.46 seconds
[0m17:04:38.693520 [debug] [MainThread]: Sending event: {'category': 'dbt', 'action': 'invocation', 'label': 'end', 'context': [<snowplow_tracker.self_describing_json.SelfDescribingJson object at 0x00000248F0F5E830>, <snowplow_tracker.self_describing_json.SelfDescribingJson object at 0x00000248F08D3930>, <snowplow_tracker.self_describing_json.SelfDescribingJson object at 0x00000248F0F41D10>]}
[0m17:04:38.698411 [debug] [MainThread]: Flushing usage events
[0m17:04:42.402161 [debug] [MainThread]: An error was encountered while trying to flush usage events
{"data":{"log_version":3,"version":"=2.0.0-preview.202"},"info":{"category":"","code":"A001","extra":{},"invocation_id":"019fb3c6-a25a-7333-a254-1938488fdadf","level":"info","msg":"Running with dbt-fusion=2.0.0-preview.202","name":"MainReportVersion","pid":11804,"thread":"tokio-rt-worker","ts":"2026-07-30T16:06:07.316486Z"}}
{"data":{"args":{"debug":"false","invocation_command":"C:\\Users\\Utilisateur\\.local\\bin\\dbt.exe license info --json --log-format json","log_format":"json","quiet":"false","write_json":"true"}},"info":{"category":"","code":"A002","extra":{},"invocation_id":"019fb3c6-a25a-7333-a254-1938488fdadf","level":"debug","msg":"running dbt-fusion with arguments {\"command\":\"license\",\"vars\":\"{}\",\"limit\":\"10\",\"debug\":false,\"log_format\":\"json\",\"quiet\":false,\"write_json\":true,\"write_catalog\":false,\"manage_state\":false}","name":"MainReportArgs","pid":11804,"thread":"tokio-rt-worker","ts":"2026-07-30T16:06:07.316527Z"}}
{"data":{},"info":{"category":"","code":"","extra":{},"invocation_id":"019fb3c6-a25a-7333-a254-1938488fdadf","level":"debug","msg":"No platform credentials found, skipping remote license","name":"Generic","pid":11804,"thread":"tokio-rt-worker","ts":"2026-07-30T16:06:07.509003Z"}}
{"data":{},"info":{"category":"","code":"","extra":{},"invocation_id":"019fb3c6-a25a-7333-a254-1938488fdadf","level":"debug","msg":"Trial license from file C:\\Users\\Utilisateur\\.dbt\\license.trial is expired","name":"Generic","pid":11804,"thread":"tokio-rt-worker","ts":"2026-07-30T16:06:07.517944Z"}}
{"data":{"columns":[],"is_inline":true,"node_name":"license_info","output_format":"json","preview":"{\n  \"status\": \"trial_expired\",\n  \"licensing_enabled\": true,\n  \"expires_at\": \"2025-11-03T20:14:05+00:00\",\n  \"license_type\": \"trial\"\n}","unique_id":"license.info"},"info":{"category":"","code":"Q041","extra":{},"invocation_id":"019fb3c6-a25a-7333-a254-1938488fdadf","level":"info","msg":"{\n  \"status\": \"trial_expired\",\n  \"licensing_enabled\": true,\n  \"expires_at\": \"2025-11-03T20:14:05+00:00\",\n  \"license_type\": \"trial\"\n}","name":"ShowNode","pid":11804,"thread":"tokio-rt-worker","ts":"2026-07-30T16:06:07.539997Z"}}
{"data":{"completed_at":"2026-07-30T16:06:07.714498Z","elapsed":0.44510117173194885,"success":true},"info":{"category":"","code":"Q039","extra":{},"invocation_id":"019fb3c6-a25a-7333-a254-1938488fdadf","level":"info","msg":"\n==================== Execution Summary =====================\nFinished 'license' successfully [445ms]","name":"CommandCompleted","pid":11804,"thread":"tokio-rt-worker","ts":"2026-07-30T16:06:07.715570Z"}}
[0m18:16:42.129423 [debug] [MainThread]: Sending event: {'category': 'dbt', 'action': 'invocation', 'label': 'start', 'context': [<snowplow_tracker.self_describing_json.SelfDescribingJson object at 0x0000013FE9105370>, <snowplow_tracker.self_describing_json.SelfDescribingJson object at 0x0000013FE663DDF0>, <snowplow_tracker.self_describing_json.SelfDescribingJson object at 0x0000013FE663EC00>]}


============================== 18:16:42.158800 | a70bcab3-4ddf-44b9-b4d4-5a258117f8fe ==============================
[0m18:16:42.158800 [info ] [MainThread]: Running with dbt=1.12.0
[0m18:16:42.159763 [debug] [MainThread]: running dbt with arguments {'maximum_seed_size_mib': '1', 'no_print': 'None', 'static_parser': 'True', 'warn_error_options': 'WarnErrorOptionsV2(error=[], warn=[], silence=[])', 'version_check': 'True', 'target_path': 'None', 'printer_width': '80', 'write_json': 'True', 'introspect': 'True', 'log_cache_events': 'False', 'empty': 'None', 'cache_selected_only': 'False', 'log_format': 'default', 'debug': 'False', 'fail_fast': 'False', 'partial_parse': 'True', 'send_anonymous_usage_stats': 'True', 'quiet': 'False', 'warn_error': 'None', 'profiles_dir': 'C:\\Users\\Utilisateur\\Desktop\\Auto E TS\\Datanoumrite\\DBT ENG PROJECT\\ddd-engineering-project', 'use_colors': 'True', 'hints_enabled': 'True', 'invocation_command': 'dbt deps', 'use_experimental_parser': 'False', 'indirect_selection': 'eager', 'log_path': 'C:\\Users\\Utilisateur\\Desktop\\Auto E TS\\Datanoumrite\\DBT ENG PROJECT\\ddd-engineering-project\\logs'}
[0m18:16:42.447322 [debug] [MainThread]: Sending event: {'category': 'dbt', 'action': 'project_id', 'label': 'a70bcab3-4ddf-44b9-b4d4-5a258117f8fe', 'context': [<snowplow_tracker.self_describing_json.SelfDescribingJson object at 0x0000013FEA94C200>]}
[0m18:16:42.618502 [debug] [MainThread]: Set downloads directory='C:\Users\UTILIS~1\AppData\Local\Temp\dbt-downloads-v_vq2lt1'
[0m18:16:42.619500 [debug] [MainThread]: Making package index registry request: GET https://hub.getdbt.com/api/v1/index.json
[0m18:16:43.231629 [debug] [MainThread]: Response from registry index: GET https://hub.getdbt.com/api/v1/index.json 200
[0m18:16:43.234962 [debug] [MainThread]: Making package registry request: GET https://hub.getdbt.com/api/v1/dbt-labs/dbt_utils.json
[0m18:16:43.794047 [debug] [MainThread]: Response from registry: GET https://hub.getdbt.com/api/v1/dbt-labs/dbt_utils.json 200
[0m18:16:43.809225 [info ] [MainThread]: Installing dbt-labs/dbt_utils
[0m18:16:45.274177 [info ] [MainThread]: Installed from version 1.1.1
[0m18:16:45.274280 [info ] [MainThread]: Updated version available: 1.4.1
[0m18:16:45.275277 [debug] [MainThread]: Sending event: {'category': 'dbt', 'action': 'package', 'label': 'a70bcab3-4ddf-44b9-b4d4-5a258117f8fe', 'property_': 'install', 'context': [<snowplow_tracker.self_describing_json.SelfDescribingJson object at 0x0000013FEA6F6D20>, <snowplow_tracker.self_describing_json.SelfDescribingJson object at 0x0000013FE8B7E1E0>]}
[0m18:16:45.276275 [info ] [MainThread]: 
[0m18:16:45.276275 [info ] [MainThread]: Updates available for packages: ['dbt-labs/dbt_utils']                 
Update your versions in packages.yml, then run dbt deps
[0m18:16:45.279267 [debug] [MainThread]: Command `dbt deps` succeeded at 18:16:45.279267 after 3.41 seconds
[0m18:16:45.280265 [debug] [MainThread]: Sending event: {'category': 'dbt', 'action': 'invocation', 'label': 'end', 'context': [<snowplow_tracker.self_describing_json.SelfDescribingJson object at 0x0000013FE8B4A450>, <snowplow_tracker.self_describing_json.SelfDescribingJson object at 0x0000013FE8B4B3B0>, <snowplow_tracker.self_describing_json.SelfDescribingJson object at 0x0000013FE86FF800>]}
[0m18:16:45.280265 [debug] [MainThread]: Flushing usage events
[0m18:16:47.089577 [debug] [MainThread]: An error was encountered while trying to flush usage events
[0m18:16:59.889699 [debug] [MainThread]: Sending event: {'category': 'dbt', 'action': 'invocation', 'label': 'start', 'context': [<snowplow_tracker.self_describing_json.SelfDescribingJson object at 0x000002570D167C50>, <snowplow_tracker.self_describing_json.SelfDescribingJson object at 0x0000025710F736E0>, <snowplow_tracker.self_describing_json.SelfDescribingJson object at 0x0000025710743FE0>]}


============================== 18:16:59.895765 | e7abceb9-2161-4da1-8c30-9722d78dce17 ==============================
[0m18:16:59.895765 [info ] [MainThread]: Running with dbt=1.12.0
[0m18:16:59.896763 [debug] [MainThread]: running dbt with arguments {'static_parser': 'True', 'no_print': 'None', 'maximum_seed_size_mib': '1', 'target_path': 'None', 'version_check': 'True', 'warn_error_options': 'WarnErrorOptionsV2(error=[], warn=[], silence=[])', 'printer_width': '80', 'write_json': 'True', 'introspect': 'True', 'log_cache_events': 'False', 'empty': 'False', 'cache_selected_only': 'False', 'log_format': 'default', 'debug': 'False', 'fail_fast': 'False', 'profiles_dir': 'C:\\Users\\Utilisateur\\Desktop\\Auto E TS\\Datanoumrite\\DBT ENG PROJECT\\ddd-engineering-project', 'send_anonymous_usage_stats': 'True', 'quiet': 'False', 'warn_error': 'None', 'partial_parse': 'True', 'indirect_selection': 'eager', 'hints_enabled': 'True', 'use_colors': 'True', 'use_experimental_parser': 'False', 'invocation_command': 'dbt seed', 'log_path': 'C:\\Users\\Utilisateur\\Desktop\\Auto E TS\\Datanoumrite\\DBT ENG PROJECT\\ddd-engineering-project\\logs'}
[0m18:17:06.664556 [debug] [MainThread]: Spark adapter: Setting pyhive.hive logging to ERROR
[0m18:17:06.665554 [debug] [MainThread]: Spark adapter: Setting thrift.transport logging to ERROR
[0m18:17:06.665554 [debug] [MainThread]: Spark adapter: Setting thrift.protocol logging to ERROR
[0m18:17:13.353929 [debug] [MainThread]: Sending event: {'category': 'dbt', 'action': 'project_id', 'label': 'e7abceb9-2161-4da1-8c30-9722d78dce17', 'context': [<snowplow_tracker.self_describing_json.SelfDescribingJson object at 0x0000025711142DE0>]}
[0m18:17:13.580324 [debug] [MainThread]: Sending event: {'category': 'dbt', 'action': 'adapter_info', 'label': 'e7abceb9-2161-4da1-8c30-9722d78dce17', 'context': [<snowplow_tracker.self_describing_json.SelfDescribingJson object at 0x000002571A153140>]}
[0m18:17:13.582319 [info ] [MainThread]: Registered adapter: databricks=1.12.3
[0m18:17:14.919001 [debug] [MainThread]: checksum: 084b7dca7de436582dfd47cda807ce894c1aacc971f621924e28a9827d1c7273, vars: {}, profile: shopflow_analytics, target: dev, version: 1.12.0
[0m18:17:21.648788 [debug] [MainThread]: Partial parsing enabled: 0 files deleted, 0 files added, 0 files changed.
[0m18:17:21.649784 [debug] [MainThread]: Nothing changed, skipping partial parsing.
[0m18:17:21.649784 [debug] [MainThread]: Partial parsing enabled, no changes found, skipping parsing
[0m18:17:21.687682 [debug] [MainThread]: Sending event: {'category': 'dbt', 'action': 'load_project', 'label': 'e7abceb9-2161-4da1-8c30-9722d78dce17', 'context': [<snowplow_tracker.self_describing_json.SelfDescribingJson object at 0x000002571264C9E0>]}
[0m18:17:23.060922 [debug] [MainThread]: Wrote artifact WritableManifest to C:\Users\Utilisateur\Desktop\Auto E TS\Datanoumrite\DBT ENG PROJECT\ddd-engineering-project\target\manifest.json
[0m18:17:23.066904 [debug] [MainThread]: Wrote artifact SemanticManifest to C:\Users\Utilisateur\Desktop\Auto E TS\Datanoumrite\DBT ENG PROJECT\ddd-engineering-project\target\semantic_manifest.json
[0m18:17:23.316834 [debug] [MainThread]: Wrote artifact OsiDocument to C:\Users\Utilisateur\Desktop\Auto E TS\Datanoumrite\DBT ENG PROJECT\ddd-engineering-project\target\osi_document.json
[0m18:17:23.467101 [debug] [MainThread]: Sending event: {'category': 'dbt', 'action': 'resource_counts', 'label': 'e7abceb9-2161-4da1-8c30-9722d78dce17', 'context': [<snowplow_tracker.self_describing_json.SelfDescribingJson object at 0x000002570E54DBB0>]}
[0m18:17:23.469096 [info ] [MainThread]: Found 8 models, 1 snapshot, 37 data tests, 4 seeds, 2 operations, 3 exposures, 888 macros
[0m18:17:23.473198 [debug] [MainThread]: Sending event: {'category': 'dbt', 'action': 'runnable_timing', 'label': 'e7abceb9-2161-4da1-8c30-9722d78dce17', 'context': [<snowplow_tracker.self_describing_json.SelfDescribingJson object at 0x000002571C68E9F0>]}
[0m18:17:23.480178 [info ] [MainThread]: 
[0m18:17:23.482174 [info ] [MainThread]: Concurrency: 4 threads (target='dev')
[0m18:17:23.507112 [info ] [MainThread]: 
[0m18:17:23.509107 [debug] [MainThread]: Databricks adapter: DatabricksDBTConnection(session-id=None, name=master) - Creating connection
[0m18:17:23.511095 [debug] [MainThread]: Acquiring new databricks connection 'master'
[0m18:17:23.535032 [debug] [ThreadPool]: Databricks adapter: DatabricksDBTConnection(session-id=None, name=list_shopflow_analytics_cat) - Creating connection
[0m18:17:23.536030 [debug] [ThreadPool]: Acquiring new databricks connection 'list_shopflow_analytics_cat'
[0m18:17:23.564997 [debug] [ThreadPool]: Using databricks connection "list_shopflow_analytics_cat"
[0m18:17:23.565994 [debug] [ThreadPool]: On list_shopflow_analytics_cat: /* {"app": "dbt", "dbt_version": "1.12.0", "dbt_databricks_version": "1.12.3", "databricks_sql_connector_version": "4.3.0", "profile_name": "shopflow_analytics", "target_name": "dev", "invocation_id": "e7abceb9-2161-4da1-8c30-9722d78dce17", "connection_name": "list_shopflow_analytics_cat"} */

    

  SHOW SCHEMAS IN `shopflow_analytics_cat`


  
[0m18:17:23.566992 [debug] [ThreadPool]: Opening a new connection, currently in state init
[0m18:17:28.342663 [debug] [ThreadPool]: Databricks adapter: Connection(session-id=01f18c32-28fc-1420-a5a4-696f5ecde666) - Created
[0m18:17:29.155266 [debug] [ThreadPool]: SQL status: OK in 5.590 seconds
[0m18:17:29.201398 [debug] [ThreadPool]: Databricks adapter: Cursor(session-id=01f18c32-28fc-1420-a5a4-696f5ecde666, command-id=01f18c32-297a-1a58-85a1-935a595fb6d6) - Closing
[0m18:17:29.202400 [debug] [ThreadPool]: On list_shopflow_analytics_cat: Close
[0m18:17:29.203392 [debug] [ThreadPool]: Databricks adapter: Connection(session-id=01f18c32-28fc-1420-a5a4-696f5ecde666) - Closing
[0m18:17:29.407632 [debug] [ThreadPool]: Databricks adapter: DatabricksDBTConnection(session-id=None, name=list_shopflow_analytics_cat_silver) - Creating connection
[0m18:17:29.408629 [debug] [ThreadPool]: Acquiring new databricks connection 'list_shopflow_analytics_cat_silver'
[0m18:17:29.409628 [debug] [ThreadPool]: Databricks adapter: DatabricksDBTConnection(session-id=None, name=list_shopflow_analytics_cat_bronze) - Creating connection
[0m18:17:29.418604 [debug] [ThreadPool]: Using databricks connection "list_shopflow_analytics_cat_silver"
[0m18:17:29.419601 [debug] [ThreadPool]: Acquiring new databricks connection 'list_shopflow_analytics_cat_bronze'
[0m18:17:29.420598 [debug] [ThreadPool]: Databricks adapter: DatabricksDBTConnection(session-id=None, name=list_shopflow_analytics_cat_gold) - Creating connection
[0m18:17:29.421595 [debug] [ThreadPool]: On list_shopflow_analytics_cat_silver: /* {"app": "dbt", "dbt_version": "1.12.0", "dbt_databricks_version": "1.12.3", "databricks_sql_connector_version": "4.3.0", "profile_name": "shopflow_analytics", "target_name": "dev", "invocation_id": "e7abceb9-2161-4da1-8c30-9722d78dce17", "connection_name": "list_shopflow_analytics_cat_silver"} */

    
SELECT
  table_name,
  if(table_type IN ('EXTERNAL', 'MANAGED', 'MANAGED_SHALLOW_CLONE', 'EXTERNAL_SHALLOW_CLONE'), 'table', lower(table_type)) AS table_type,
  lower(data_source_format) AS file_format,
  table_owner,
  if(
    table_type IN (
      'EXTERNAL',
      'MANAGED',
      'MANAGED_SHALLOW_CLONE',
      'EXTERNAL_SHALLOW_CLONE'
    ),
    lower(table_type),
    NULL
  ) AS databricks_table_type
FROM `system`.`information_schema`.`tables`
WHERE table_catalog = 'shopflow_analytics_cat'
  AND table_schema = 'silver'

  
[0m18:17:29.425585 [debug] [ThreadPool]: Using databricks connection "list_shopflow_analytics_cat_bronze"
[0m18:17:29.426582 [debug] [ThreadPool]: Acquiring new databricks connection 'list_shopflow_analytics_cat_gold'
[0m18:17:29.427579 [debug] [ThreadPool]: Opening a new connection, currently in state init
[0m18:17:29.428577 [debug] [ThreadPool]: On list_shopflow_analytics_cat_bronze: /* {"app": "dbt", "dbt_version": "1.12.0", "dbt_databricks_version": "1.12.3", "databricks_sql_connector_version": "4.3.0", "profile_name": "shopflow_analytics", "target_name": "dev", "invocation_id": "e7abceb9-2161-4da1-8c30-9722d78dce17", "connection_name": "list_shopflow_analytics_cat_bronze"} */

    
SELECT
  table_name,
  if(table_type IN ('EXTERNAL', 'MANAGED', 'MANAGED_SHALLOW_CLONE', 'EXTERNAL_SHALLOW_CLONE'), 'table', lower(table_type)) AS table_type,
  lower(data_source_format) AS file_format,
  table_owner,
  if(
    table_type IN (
      'EXTERNAL',
      'MANAGED',
      'MANAGED_SHALLOW_CLONE',
      'EXTERNAL_SHALLOW_CLONE'
    ),
    lower(table_type),
    NULL
  ) AS databricks_table_type
FROM `system`.`information_schema`.`tables`
WHERE table_catalog = 'shopflow_analytics_cat'
  AND table_schema = 'bronze'

  
[0m18:17:29.430575 [debug] [ThreadPool]: Using databricks connection "list_shopflow_analytics_cat_gold"
[0m18:17:29.433564 [debug] [ThreadPool]: Opening a new connection, currently in state init
[0m18:17:29.434561 [debug] [ThreadPool]: On list_shopflow_analytics_cat_gold: /* {"app": "dbt", "dbt_version": "1.12.0", "dbt_databricks_version": "1.12.3", "databricks_sql_connector_version": "4.3.0", "profile_name": "shopflow_analytics", "target_name": "dev", "invocation_id": "e7abceb9-2161-4da1-8c30-9722d78dce17", "connection_name": "list_shopflow_analytics_cat_gold"} */

    
SELECT
  table_name,
  if(table_type IN ('EXTERNAL', 'MANAGED', 'MANAGED_SHALLOW_CLONE', 'EXTERNAL_SHALLOW_CLONE'), 'table', lower(table_type)) AS table_type,
  lower(data_source_format) AS file_format,
  table_owner,
  if(
    table_type IN (
      'EXTERNAL',
      'MANAGED',
      'MANAGED_SHALLOW_CLONE',
      'EXTERNAL_SHALLOW_CLONE'
    ),
    lower(table_type),
    NULL
  ) AS databricks_table_type
FROM `system`.`information_schema`.`tables`
WHERE table_catalog = 'shopflow_analytics_cat'
  AND table_schema = 'gold'

  
[0m18:17:29.436555 [debug] [ThreadPool]: Opening a new connection, currently in state init
[0m18:17:30.877642 [debug] [ThreadPool]: Databricks adapter: Connection(session-id=01f18c32-2acf-1939-94a7-444db150cf1f) - Created
[0m18:17:30.878640 [debug] [ThreadPool]: Databricks adapter: Connection(session-id=01f18c32-2ad3-15fe-ae22-70196ab5d033) - Created
[0m18:17:30.879638 [debug] [ThreadPool]: Databricks adapter: Connection(session-id=01f18c32-2ad3-1b2a-8877-89541dd059f0) - Created
[0m18:17:31.704551 [debug] [ThreadPool]: SQL status: OK in 2.270 seconds
[0m18:17:31.712530 [debug] [ThreadPool]: Databricks adapter: Cursor(session-id=01f18c32-2acf-1939-94a7-444db150cf1f, command-id=01f18c32-2afd-15d6-8025-b1111b85852b) - Closing
[0m18:17:31.714615 [debug] [ThreadPool]: On list_shopflow_analytics_cat_gold: Close
[0m18:17:31.715521 [debug] [ThreadPool]: Databricks adapter: Connection(session-id=01f18c32-2acf-1939-94a7-444db150cf1f) - Closing
[0m18:17:31.815118 [debug] [ThreadPool]: SQL status: OK in 2.380 seconds
[0m18:17:31.821101 [debug] [ThreadPool]: Databricks adapter: Cursor(session-id=01f18c32-2ad3-15fe-ae22-70196ab5d033, command-id=01f18c32-2b00-18a7-88a4-df2ca580928c) - Closing
[0m18:17:31.905413 [debug] [ThreadPool]: On list_shopflow_analytics_cat_bronze: Close
[0m18:17:31.906410 [debug] [ThreadPool]: Databricks adapter: Connection(session-id=01f18c32-2ad3-15fe-ae22-70196ab5d033) - Closing
[0m18:17:31.934336 [debug] [ThreadPool]: SQL status: OK in 2.510 seconds
[0m18:17:31.939322 [debug] [ThreadPool]: Databricks adapter: Cursor(session-id=01f18c32-2ad3-1b2a-8877-89541dd059f0, command-id=01f18c32-2b00-18bc-9b5e-a32f2b38b228) - Closing
[0m18:17:32.102885 [debug] [ThreadPool]: On list_shopflow_analytics_cat_silver: Close
[0m18:17:32.105876 [debug] [ThreadPool]: Databricks adapter: Connection(session-id=01f18c32-2ad3-1b2a-8877-89541dd059f0) - Closing
[0m18:17:32.315763 [debug] [MainThread]: Sending event: {'category': 'dbt', 'action': 'runnable_timing', 'label': 'e7abceb9-2161-4da1-8c30-9722d78dce17', 'context': [<snowplow_tracker.self_describing_json.SelfDescribingJson object at 0x0000025714605F10>]}
[0m18:17:32.335223 [info ] [MainThread]: Starting shopflow_analytics run
[0m18:17:32.337217 [debug] [MainThread]: Writing injected SQL for node "operation.shopflow_analytics.shopflow_analytics-on-run-start-0"
[0m18:17:32.356678 [info ] [MainThread]: 1 of 1 START hook: shopflow_analytics.on-run-start.0 ........................... [RUN]
[0m18:17:32.371638 [info ] [MainThread]: 1 of 1 OK hook: shopflow_analytics.on-run-start.0 .............................. [[32mOK[0m in 0.05s]
[0m18:17:32.376623 [info ] [MainThread]: 
[0m18:17:32.470899 [debug] [Thread-3 (]: Began running node seed.shopflow_analytics.raw_customers
[0m18:17:32.472893 [debug] [Thread-4 (]: Began running node seed.shopflow_analytics.raw_order_items
[0m18:17:32.475885 [debug] [Thread-5 (]: Began running node seed.shopflow_analytics.raw_orders
[0m18:17:32.476882 [debug] [Thread-6 (]: Began running node seed.shopflow_analytics.raw_products
[0m18:17:32.471895 [info ] [Thread-3 (]: 1 of 4 START seed file bronze.raw_customers .................................... [RUN]
[0m18:17:32.482382 [debug] [Thread-3 (]: Databricks adapter: DatabricksDBTConnection(session-id=None, name=seed.shopflow_analytics.raw_customers) - Creating connection
[0m18:17:32.483375 [debug] [Thread-3 (]: Acquiring new databricks connection 'seed.shopflow_analytics.raw_customers'
[0m18:17:32.485370 [debug] [Thread-3 (]: Began compiling node seed.shopflow_analytics.raw_customers
[0m18:17:32.474887 [info ] [Thread-4 (]: 2 of 4 START seed file bronze.raw_order_items .................................. [RUN]
[0m18:17:32.487364 [debug] [Thread-3 (]: Began executing node seed.shopflow_analytics.raw_customers
[0m18:17:32.489360 [debug] [Thread-4 (]: Databricks adapter: DatabricksDBTConnection(session-id=None, name=seed.shopflow_analytics.raw_order_items) - Creating connection
[0m18:17:32.478876 [info ] [Thread-5 (]: 3 of 4 START seed file bronze.raw_orders ....................................... [RUN]
[0m18:17:32.505825 [debug] [Thread-4 (]: Acquiring new databricks connection 'seed.shopflow_analytics.raw_order_items'
[0m18:17:32.541728 [debug] [Thread-5 (]: Databricks adapter: DatabricksDBTConnection(session-id=None, name=seed.shopflow_analytics.raw_orders) - Creating connection
[0m18:17:32.547726 [debug] [Thread-4 (]: Began compiling node seed.shopflow_analytics.raw_order_items
[0m18:17:32.481869 [info ] [Thread-6 (]: 4 of 4 START seed file bronze.raw_products ..................................... [RUN]
[0m18:17:32.548710 [debug] [Thread-5 (]: Acquiring new databricks connection 'seed.shopflow_analytics.raw_orders'
[0m18:17:32.549707 [debug] [Thread-4 (]: Began executing node seed.shopflow_analytics.raw_order_items
[0m18:17:32.550704 [debug] [Thread-6 (]: Databricks adapter: DatabricksDBTConnection(session-id=None, name=seed.shopflow_analytics.raw_products) - Creating connection
[0m18:17:32.556689 [debug] [Thread-6 (]: Acquiring new databricks connection 'seed.shopflow_analytics.raw_products'
[0m18:17:32.558683 [debug] [Thread-6 (]: Began compiling node seed.shopflow_analytics.raw_products
[0m18:17:32.558683 [debug] [Thread-6 (]: Began executing node seed.shopflow_analytics.raw_products
[0m18:17:32.552699 [debug] [Thread-5 (]: Began compiling node seed.shopflow_analytics.raw_orders
[0m18:17:32.564667 [debug] [Thread-5 (]: Began executing node seed.shopflow_analytics.raw_orders
[0m18:17:32.904862 [debug] [Thread-4 (]: Using databricks connection "seed.shopflow_analytics.raw_order_items"
[0m18:17:32.922814 [debug] [Thread-4 (]: On seed.shopflow_analytics.raw_order_items: /* {"app": "dbt", "dbt_version": "1.12.0", "dbt_databricks_version": "1.12.3", "databricks_sql_connector_version": "4.3.0", "profile_name": "shopflow_analytics", "target_name": "dev", "invocation_id": "e7abceb9-2161-4da1-8c30-9722d78dce17", "node_id": "seed.shopflow_analytics.raw_order_items"} */

    create or replace table `shopflow_analytics_cat`.`bronze`.`raw_order_items` (`order_item_id` string ,`order_id` string ,`product_id` string ,`quantity` int ,`unit_price` double )
    
    using delta
  
    
    
    
    
    
  
[0m18:17:32.917828 [debug] [Thread-6 (]: Using databricks connection "seed.shopflow_analytics.raw_products"
[0m18:17:32.921817 [debug] [Thread-5 (]: Using databricks connection "seed.shopflow_analytics.raw_orders"
[0m18:17:32.909848 [debug] [Thread-3 (]: Using databricks connection "seed.shopflow_analytics.raw_customers"
[0m18:17:32.924808 [debug] [Thread-4 (]: Opening a new connection, currently in state init
[0m18:17:32.926803 [debug] [Thread-6 (]: On seed.shopflow_analytics.raw_products: /* {"app": "dbt", "dbt_version": "1.12.0", "dbt_databricks_version": "1.12.3", "databricks_sql_connector_version": "4.3.0", "profile_name": "shopflow_analytics", "target_name": "dev", "invocation_id": "e7abceb9-2161-4da1-8c30-9722d78dce17", "node_id": "seed.shopflow_analytics.raw_products"} */

    create or replace table `shopflow_analytics_cat`.`bronze`.`raw_products` (`product_id` string ,`product_name` string ,`category` string ,`price` double )
    
    using delta
  
    
    
    
    
    
  
[0m18:17:32.927800 [debug] [Thread-5 (]: On seed.shopflow_analytics.raw_orders: /* {"app": "dbt", "dbt_version": "1.12.0", "dbt_databricks_version": "1.12.3", "databricks_sql_connector_version": "4.3.0", "profile_name": "shopflow_analytics", "target_name": "dev", "invocation_id": "e7abceb9-2161-4da1-8c30-9722d78dce17", "node_id": "seed.shopflow_analytics.raw_orders"} */

    create or replace table `shopflow_analytics_cat`.`bronze`.`raw_orders` (`order_id` string ,`customer_id` string ,`order_date` date ,`status` string ,`total_amount` double )
    
    using delta
  
    
    
    
    
    
  
[0m18:17:32.930793 [debug] [Thread-3 (]: On seed.shopflow_analytics.raw_customers: /* {"app": "dbt", "dbt_version": "1.12.0", "dbt_databricks_version": "1.12.3", "databricks_sql_connector_version": "4.3.0", "profile_name": "shopflow_analytics", "target_name": "dev", "invocation_id": "e7abceb9-2161-4da1-8c30-9722d78dce17", "node_id": "seed.shopflow_analytics.raw_customers"} */

    create or replace table `shopflow_analytics_cat`.`bronze`.`raw_customers` (`customer_id` string ,`first_name` string ,`last_name` string ,`email` string ,`country` string ,`created_at` timestamp )
    
    using delta
  
    
    
    
    
    
  
[0m18:17:32.932787 [debug] [Thread-6 (]: Opening a new connection, currently in state init
[0m18:17:32.933785 [debug] [Thread-5 (]: Opening a new connection, currently in state init
[0m18:17:32.934782 [debug] [Thread-3 (]: Opening a new connection, currently in state init
[0m18:17:34.632955 [debug] [Thread-6 (]: Databricks adapter: Connection(session-id=01f18c32-2d13-1228-9f97-a6abc9c54124) - Created
[0m18:17:34.633952 [debug] [Thread-3 (]: Databricks adapter: Connection(session-id=01f18c32-2d1a-1944-8aef-5c1764d34940) - Created
[0m18:17:34.634949 [debug] [Thread-4 (]: Databricks adapter: Connection(session-id=01f18c32-2d17-121b-8a5e-5cb6973b7d7c) - Created
[0m18:17:34.635946 [debug] [Thread-5 (]: Databricks adapter: Connection(session-id=01f18c32-2d20-1db4-a570-3036f0086f08) - Created
[0m18:17:38.560475 [debug] [Thread-3 (]: SQL status: OK in 5.630 seconds
[0m18:17:38.565461 [debug] [Thread-3 (]: Databricks adapter: Cursor(session-id=01f18c32-2d1a-1944-8aef-5c1764d34940, command-id=01f18c32-2d39-1f4d-b4f7-ddc52e56a20d) - Closing
[0m18:17:38.631711 [debug] [Thread-6 (]: SQL status: OK in 5.700 seconds
[0m18:17:38.632708 [debug] [Thread-5 (]: SQL status: OK in 5.700 seconds
[0m18:17:38.633705 [debug] [Thread-6 (]: Databricks adapter: Cursor(session-id=01f18c32-2d13-1228-9f97-a6abc9c54124, command-id=01f18c32-2d3a-101b-bd14-5c39b8c9195d) - Closing
[0m18:17:38.636696 [debug] [Thread-5 (]: Databricks adapter: Cursor(session-id=01f18c32-2d20-1db4-a570-3036f0086f08, command-id=01f18c32-2d3c-143b-a26c-e3b757f593c2) - Closing
[0m18:17:38.645672 [debug] [Thread-6 (]: Using databricks connection "seed.shopflow_analytics.raw_products"
[0m18:17:38.646671 [debug] [Thread-4 (]: SQL status: OK in 5.720 seconds
[0m18:17:38.664622 [debug] [Thread-5 (]: Using databricks connection "seed.shopflow_analytics.raw_orders"
[0m18:17:38.672600 [debug] [Thread-6 (]: On seed.shopflow_analytics.raw_products: 
          insert overwrite `shopflow_analytics_cat`.`bronze`.`raw_products` values
          (%s,%s,%s,%s),(%s,%s,%s,%s),(%s,%s,%s,%s),(%s,%s,%s,%s),(%s,%s,%s,%s),(%s,%s,%s,%s),(%s,%s,%s,%s),(%s,%s,%s,%s),(%s,%s,%s,%s),(%s,%s,%s,%s)
      ...
[0m18:17:38.675593 [debug] [Thread-3 (]: Using databricks connection "seed.shopflow_analytics.raw_customers"
[0m18:17:38.677587 [debug] [Thread-4 (]: Databricks adapter: Cursor(session-id=01f18c32-2d17-121b-8a5e-5cb6973b7d7c, command-id=01f18c32-2d3a-156f-9024-6a9852cf9235) - Closing
[0m18:17:38.678585 [debug] [Thread-5 (]: On seed.shopflow_analytics.raw_orders: 
          insert overwrite `shopflow_analytics_cat`.`bronze`.`raw_orders` values
          (%s,%s,%s,%s,%s),(%s,%s,%s,%s,%s),(%s,%s,%s,%s,%s),(%s,%s,%s,%s,%s),(%s,%s,%s,%s,%s),(%s,%s,%s,%s,%s),(%s,%s,%s,%s,%s),(%s,%s,%s,%s,%s),(%s,%s,%s,%s,%s),(%s,%s,%s,%s,%s),(%s,%s,%s,%s,%s),(%s,%s,%s,%s,%s),(%s,%s,%s,%s,%s),(%s,%s,%s,%s,%s),(%s,%s,%s,%s,%s),(%s,%s,%s,%s,%s),(%s,%s,%s,%s,%s),(%s,%s,%s,%s,%s),(%s,%s,%s,%s,%s),(%s,%s,%s,%s,%s)
      ...
[0m18:17:38.679582 [debug] [Thread-3 (]: On seed.shopflow_analytics.raw_customers: 
          insert overwrite `shopflow_analytics_cat`.`bronze`.`raw_customers` values
          (%s,%s,%s,%s,%s,%s),(%s,%s,%s,%s,%s,%s),(%s,%s,%s,%s,%s,%s),(%s,%s,%s,%s,%s,%s),(%s,%s,%s,%s,%s,%s),(%s,%s,%s,%s,%s,%s),(%s,%s,%s,%s,%s,%s),(%s,%s,%s,%s,%s,%s),(%s,%s,%s,%s,%s,%s),(%s,%s,%s,%s,%s,%s)
      ...
[0m18:17:38.705513 [debug] [Thread-4 (]: Using databricks connection "seed.shopflow_analytics.raw_order_items"
[0m18:17:38.708506 [debug] [Thread-4 (]: On seed.shopflow_analytics.raw_order_items: 
          insert overwrite `shopflow_analytics_cat`.`bronze`.`raw_order_items` values
          (%s,%s,%s,%s,%s),(%s,%s,%s,%s,%s),(%s,%s,%s,%s,%s),(%s,%s,%s,%s,%s),(%s,%s,%s,%s,%s),(%s,%s,%s,%s,%s),(%s,%s,%s,%s,%s),(%s,%s,%s,%s,%s),(%s,%s,%s,%s,%s),(%s,%s,%s,%s,%s),(%s,%s,%s,%s,%s),(%s,%s,%s,%s,%s),(%s,%s,%s,%s,%s),(%s,%s,%s,%s,%s),(%s,%s,%s,%s,%s),(%s,%s,%s,%s,%s),(%s,%s,%s,%s,%s),(%s,%s,%s,%s,%s),(%s,%s,%s,%s,%s),(%s,%s,%s,%s,%s),(%s,%s,%s,%s,%s),(%s,%s,%s,%s,%s),(%s,%s,%s,%s,%s),(%s,%s,%s,%s,%s),(%s,%s,...
[0m18:17:46.909041 [debug] [Thread-5 (]: SQL status: OK in 8.200 seconds
[0m18:17:46.910039 [debug] [Thread-3 (]: SQL status: OK in 8.200 seconds
[0m18:17:46.911036 [debug] [Thread-5 (]: Databricks adapter: Cursor(session-id=01f18c32-2d20-1db4-a570-3036f0086f08, command-id=01f18c32-2fa8-1cdb-ac98-9bd7a167f7f6) - Closing
[0m18:17:46.912033 [debug] [Thread-3 (]: Databricks adapter: Cursor(session-id=01f18c32-2d1a-1944-8aef-5c1764d34940, command-id=01f18c32-2fa7-1245-8252-2bbf4dac1be3) - Closing
[0m18:17:46.927310 [debug] [Thread-6 (]: SQL status: OK in 8.250 seconds
[0m18:17:46.929303 [debug] [Thread-6 (]: Databricks adapter: Cursor(session-id=01f18c32-2d13-1228-9f97-a6abc9c54124, command-id=01f18c32-2fa5-12c2-a6e5-2491b15188fa) - Closing
[0m18:17:47.094579 [debug] [Thread-4 (]: SQL status: OK in 8.390 seconds
[0m18:17:47.095576 [debug] [Thread-4 (]: Databricks adapter: Cursor(session-id=01f18c32-2d17-121b-8a5e-5cb6973b7d7c, command-id=01f18c32-2fa7-1bc0-a707-ba4f296a9a49) - Closing
[0m18:17:47.135562 [debug] [Thread-3 (]: Writing runtime SQL for node "seed.shopflow_analytics.raw_customers"
[0m18:17:47.138476 [debug] [Thread-5 (]: Writing runtime SQL for node "seed.shopflow_analytics.raw_orders"
[0m18:17:47.159418 [debug] [Thread-6 (]: Writing runtime SQL for node "seed.shopflow_analytics.raw_products"
[0m18:17:47.172385 [debug] [Thread-5 (]: On seed.shopflow_analytics.raw_orders: Close
[0m18:17:47.173382 [debug] [Thread-5 (]: Databricks adapter: Connection(session-id=01f18c32-2d20-1db4-a570-3036f0086f08) - Closing
[0m18:17:47.298049 [debug] [Thread-4 (]: Writing runtime SQL for node "seed.shopflow_analytics.raw_order_items"
[0m18:17:47.372848 [debug] [Thread-6 (]: On seed.shopflow_analytics.raw_products: Close
[0m18:17:47.373849 [debug] [Thread-6 (]: Databricks adapter: Connection(session-id=01f18c32-2d13-1228-9f97-a6abc9c54124) - Closing
[0m18:17:47.708950 [debug] [Thread-3 (]: On seed.shopflow_analytics.raw_customers: Close
[0m18:17:47.709946 [debug] [Thread-3 (]: Databricks adapter: Connection(session-id=01f18c32-2d1a-1944-8aef-5c1764d34940) - Closing
[0m18:17:47.936338 [debug] [Thread-4 (]: On seed.shopflow_analytics.raw_order_items: Close
[0m18:17:47.938332 [debug] [Thread-4 (]: Databricks adapter: Connection(session-id=01f18c32-2d17-121b-8a5e-5cb6973b7d7c) - Closing
[0m18:17:48.175080 [debug] [Thread-5 (]: Sending event: {'category': 'dbt', 'action': 'run_model', 'label': 'e7abceb9-2161-4da1-8c30-9722d78dce17', 'context': [<snowplow_tracker.self_describing_json.SelfDescribingJson object at 0x000002571035E8D0>]}
[0m18:17:48.178072 [debug] [Thread-6 (]: Sending event: {'category': 'dbt', 'action': 'run_model', 'label': 'e7abceb9-2161-4da1-8c30-9722d78dce17', 'context': [<snowplow_tracker.self_describing_json.SelfDescribingJson object at 0x000002571C827A10>]}
[0m18:17:48.180066 [debug] [Thread-4 (]: Sending event: {'category': 'dbt', 'action': 'run_model', 'label': 'e7abceb9-2161-4da1-8c30-9722d78dce17', 'context': [<snowplow_tracker.self_describing_json.SelfDescribingJson object at 0x000002571C7EEEA0>]}
[0m18:17:48.177074 [info ] [Thread-5 (]: 3 of 4 OK loaded seed file bronze.raw_orders ................................... [[32mINSERT 20[0m in 15.63s]
[0m18:17:48.181064 [debug] [Thread-3 (]: Sending event: {'category': 'dbt', 'action': 'run_model', 'label': 'e7abceb9-2161-4da1-8c30-9722d78dce17', 'context': [<snowplow_tracker.self_describing_json.SelfDescribingJson object at 0x000002571C2BFB30>]}
[0m18:17:48.187048 [debug] [Thread-5 (]: Finished running node seed.shopflow_analytics.raw_orders
[0m18:17:48.184056 [info ] [Thread-6 (]: 4 of 4 OK loaded seed file bronze.raw_products ................................. [[32mINSERT 10[0m in 15.62s]
[0m18:17:48.190041 [debug] [Thread-6 (]: Finished running node seed.shopflow_analytics.raw_products
[0m18:17:48.185054 [info ] [Thread-4 (]: 2 of 4 OK loaded seed file bronze.raw_order_items .............................. [[32mINSERT 30[0m in 15.69s]
[0m18:17:48.262846 [debug] [Thread-4 (]: Finished running node seed.shopflow_analytics.raw_order_items
[0m18:17:48.188046 [info ] [Thread-3 (]: 1 of 4 OK loaded seed file bronze.raw_customers ................................ [[32mINSERT 10[0m in 15.69s]
[0m18:17:48.617896 [debug] [Thread-3 (]: Finished running node seed.shopflow_analytics.raw_customers
[0m18:17:48.620888 [debug] [MainThread]: Databricks adapter: DatabricksDBTConnection(session-id=None, name=master) - Creating connection
[0m18:17:48.621885 [debug] [MainThread]: Acquiring new databricks connection 'master'
[0m18:17:48.622883 [info ] [MainThread]: 
[0m18:17:48.725609 [info ] [MainThread]: Finished shopflow_analytics run
[0m18:17:48.781459 [debug] [MainThread]: Writing injected SQL for node "operation.shopflow_analytics.shopflow_analytics-on-run-end-0"
[0m18:17:48.785447 [info ] [MainThread]: 1 of 1 START hook: shopflow_analytics.on-run-end.0 ............................. [RUN]
[0m18:17:48.804397 [info ] [MainThread]: 1 of 1 OK hook: shopflow_analytics.on-run-end.0 ................................ [[32mOK[0m in 0.08s]
[0m18:17:48.861246 [info ] [MainThread]: 
[0m18:17:48.913108 [info ] [MainThread]: Finished running 2 project hooks, 4 seeds in 0 hours 0 minutes and 25.35 seconds (25.35s).
[0m18:17:48.919090 [debug] [MainThread]: Command end result
[0m18:17:49.143490 [debug] [MainThread]: Wrote artifact WritableManifest to C:\Users\Utilisateur\Desktop\Auto E TS\Datanoumrite\DBT ENG PROJECT\ddd-engineering-project\target\manifest.json
[0m18:17:49.152466 [debug] [MainThread]: Wrote artifact SemanticManifest to C:\Users\Utilisateur\Desktop\Auto E TS\Datanoumrite\DBT ENG PROJECT\ddd-engineering-project\target\semantic_manifest.json
[0m18:17:49.161442 [debug] [MainThread]: Wrote artifact OsiDocument to C:\Users\Utilisateur\Desktop\Auto E TS\Datanoumrite\DBT ENG PROJECT\ddd-engineering-project\target\osi_document.json
[0m18:17:49.175405 [debug] [MainThread]: Wrote artifact RunExecutionResult to C:\Users\Utilisateur\Desktop\Auto E TS\Datanoumrite\DBT ENG PROJECT\ddd-engineering-project\target\run_results.json
[0m18:17:49.176401 [info ] [MainThread]: 
[0m18:17:49.179394 [info ] [MainThread]: [32mCompleted successfully[0m
[0m18:17:49.180391 [info ] [MainThread]: 
[0m18:17:49.183384 [info ] [MainThread]: Done. PASS=6 WARN=0 ERROR=0 SKIP=0 NO-OP=0 REUSED=0 TOTAL=6
[0m18:17:49.186374 [debug] [MainThread]: Command `dbt seed` succeeded at 18:17:49.186374 after 49.48 seconds
[0m18:17:49.187372 [debug] [MainThread]: Sending event: {'category': 'dbt', 'action': 'invocation', 'label': 'end', 'context': [<snowplow_tracker.self_describing_json.SelfDescribingJson object at 0x0000025710AC2D50>, <snowplow_tracker.self_describing_json.SelfDescribingJson object at 0x0000025710A85370>, <snowplow_tracker.self_describing_json.SelfDescribingJson object at 0x0000025714605CD0>]}
[0m18:17:49.188369 [debug] [MainThread]: Flushing usage events
[0m18:17:50.644769 [debug] [MainThread]: An error was encountered while trying to flush usage events
[0m18:19:13.385109 [debug] [MainThread]: Sending event: {'category': 'dbt', 'action': 'invocation', 'label': 'start', 'context': [<snowplow_tracker.self_describing_json.SelfDescribingJson object at 0x000001DD0961D460>, <snowplow_tracker.self_describing_json.SelfDescribingJson object at 0x000001DD0B3001D0>, <snowplow_tracker.self_describing_json.SelfDescribingJson object at 0x000001DD0B300050>]}


============================== 18:19:13.393087 | 2ea4170b-a28f-4ccd-a826-07086c6a950c ==============================
[0m18:19:13.393087 [info ] [MainThread]: Running with dbt=1.12.0
[0m18:19:13.394166 [debug] [MainThread]: running dbt with arguments {'version_check': 'True', 'no_print': 'None', 'static_parser': 'True', 'warn_error_options': 'WarnErrorOptionsV2(error=[], warn=[], silence=[])', 'target_path': 'None', 'maximum_seed_size_mib': '1', 'printer_width': '80', 'write_json': 'True', 'empty': 'False', 'log_cache_events': 'False', 'introspect': 'True', 'cache_selected_only': 'False', 'fail_fast': 'False', 'debug': 'False', 'log_format': 'default', 'partial_parse': 'True', 'send_anonymous_usage_stats': 'True', 'quiet': 'False', 'warn_error': 'None', 'profiles_dir': 'C:\\Users\\Utilisateur\\Desktop\\Auto E TS\\Datanoumrite\\DBT ENG PROJECT\\ddd-engineering-project', 'invocation_command': 'dbt snapshot', 'hints_enabled': 'True', 'use_colors': 'True', 'use_experimental_parser': 'False', 'indirect_selection': 'eager', 'log_path': 'C:\\Users\\Utilisateur\\Desktop\\Auto E TS\\Datanoumrite\\DBT ENG PROJECT\\ddd-engineering-project\\logs'}
[0m18:19:15.127797 [debug] [MainThread]: Spark adapter: Setting pyhive.hive logging to ERROR
[0m18:19:15.127797 [debug] [MainThread]: Spark adapter: Setting thrift.transport logging to ERROR
[0m18:19:15.129791 [debug] [MainThread]: Spark adapter: Setting thrift.protocol logging to ERROR
[0m18:19:16.831332 [debug] [MainThread]: Sending event: {'category': 'dbt', 'action': 'project_id', 'label': '2ea4170b-a28f-4ccd-a826-07086c6a950c', 'context': [<snowplow_tracker.self_describing_json.SelfDescribingJson object at 0x000001DD092DF4A0>]}
[0m18:19:16.983544 [debug] [MainThread]: Sending event: {'category': 'dbt', 'action': 'adapter_info', 'label': '2ea4170b-a28f-4ccd-a826-07086c6a950c', 'context': [<snowplow_tracker.self_describing_json.SelfDescribingJson object at 0x000001DD12A800B0>]}
[0m18:19:16.984540 [info ] [MainThread]: Registered adapter: databricks=1.12.3
[0m18:19:17.721131 [debug] [MainThread]: checksum: 084b7dca7de436582dfd47cda807ce894c1aacc971f621924e28a9827d1c7273, vars: {}, profile: shopflow_analytics, target: dev, version: 1.12.0
[0m18:19:18.270079 [debug] [MainThread]: Partial parsing enabled: 0 files deleted, 0 files added, 0 files changed.
[0m18:19:18.271076 [debug] [MainThread]: Nothing changed, skipping partial parsing.
[0m18:19:18.271076 [debug] [MainThread]: Partial parsing enabled, no changes found, skipping parsing
[0m18:19:18.294014 [debug] [MainThread]: Sending event: {'category': 'dbt', 'action': 'load_project', 'label': '2ea4170b-a28f-4ccd-a826-07086c6a950c', 'context': [<snowplow_tracker.self_describing_json.SelfDescribingJson object at 0x000001DD153DEEA0>]}
[0m18:19:18.894720 [debug] [MainThread]: Wrote artifact WritableManifest to C:\Users\Utilisateur\Desktop\Auto E TS\Datanoumrite\DBT ENG PROJECT\ddd-engineering-project\target\manifest.json
[0m18:19:18.898708 [debug] [MainThread]: Wrote artifact SemanticManifest to C:\Users\Utilisateur\Desktop\Auto E TS\Datanoumrite\DBT ENG PROJECT\ddd-engineering-project\target\semantic_manifest.json
[0m18:19:18.962540 [debug] [MainThread]: Wrote artifact OsiDocument to C:\Users\Utilisateur\Desktop\Auto E TS\Datanoumrite\DBT ENG PROJECT\ddd-engineering-project\target\osi_document.json
[0m18:19:18.989370 [debug] [MainThread]: Sending event: {'category': 'dbt', 'action': 'resource_counts', 'label': '2ea4170b-a28f-4ccd-a826-07086c6a950c', 'context': [<snowplow_tracker.self_describing_json.SelfDescribingJson object at 0x000001DD159CE7E0>]}
[0m18:19:18.990368 [info ] [MainThread]: Found 8 models, 1 snapshot, 37 data tests, 4 seeds, 2 operations, 3 exposures, 888 macros
[0m18:19:18.990368 [debug] [MainThread]: Sending event: {'category': 'dbt', 'action': 'runnable_timing', 'label': '2ea4170b-a28f-4ccd-a826-07086c6a950c', 'context': [<snowplow_tracker.self_describing_json.SelfDescribingJson object at 0x000001DD1517EBA0>]}
[0m18:19:18.994356 [info ] [MainThread]: 
[0m18:19:18.995353 [info ] [MainThread]: Concurrency: 4 threads (target='dev')
[0m18:19:18.996351 [info ] [MainThread]: 
[0m18:19:18.999344 [debug] [MainThread]: Databricks adapter: DatabricksDBTConnection(session-id=None, name=master) - Creating connection
[0m18:19:19.000342 [debug] [MainThread]: Acquiring new databricks connection 'master'
[0m18:19:19.001339 [debug] [ThreadPool]: Databricks adapter: DatabricksDBTConnection(session-id=None, name=list_shopflow_analytics_cat) - Creating connection
[0m18:19:19.001339 [debug] [ThreadPool]: Acquiring new databricks connection 'list_shopflow_analytics_cat'
[0m18:19:19.024276 [debug] [ThreadPool]: Using databricks connection "list_shopflow_analytics_cat"
[0m18:19:19.025273 [debug] [ThreadPool]: On list_shopflow_analytics_cat: /* {"app": "dbt", "dbt_version": "1.12.0", "dbt_databricks_version": "1.12.3", "databricks_sql_connector_version": "4.3.0", "profile_name": "shopflow_analytics", "target_name": "dev", "invocation_id": "2ea4170b-a28f-4ccd-a826-07086c6a950c", "connection_name": "list_shopflow_analytics_cat"} */

    

  SHOW SCHEMAS IN `shopflow_analytics_cat`


  
[0m18:19:19.026724 [debug] [ThreadPool]: Opening a new connection, currently in state init
[0m18:19:22.648827 [debug] [ThreadPool]: Databricks adapter: Connection(session-id=01f18c32-6d21-183c-b426-205134d24a35) - Created
[0m18:19:23.183458 [debug] [ThreadPool]: SQL status: OK in 4.160 seconds
[0m18:19:23.216440 [debug] [ThreadPool]: Databricks adapter: Cursor(session-id=01f18c32-6d21-183c-b426-205134d24a35, command-id=01f18c32-6d9b-1f60-b13f-51a50debb016) - Closing
[0m18:19:23.218435 [debug] [ThreadPool]: On list_shopflow_analytics_cat: Close
[0m18:19:23.219431 [debug] [ThreadPool]: Databricks adapter: Connection(session-id=01f18c32-6d21-183c-b426-205134d24a35) - Closing
[0m18:19:23.431752 [debug] [ThreadPool]: Databricks adapter: DatabricksDBTConnection(session-id=None, name=list_shopflow_analytics_cat_bronze) - Creating connection
[0m18:19:23.432747 [debug] [ThreadPool]: Acquiring new databricks connection 'list_shopflow_analytics_cat_bronze'
[0m18:19:23.434743 [debug] [ThreadPool]: Databricks adapter: DatabricksDBTConnection(session-id=None, name=list_shopflow_analytics_cat_silver) - Creating connection
[0m18:19:23.445714 [debug] [ThreadPool]: Using databricks connection "list_shopflow_analytics_cat_bronze"
[0m18:19:23.447707 [debug] [ThreadPool]: Acquiring new databricks connection 'list_shopflow_analytics_cat_silver'
[0m18:19:23.448705 [debug] [ThreadPool]: Databricks adapter: DatabricksDBTConnection(session-id=None, name=list_shopflow_analytics_cat_gold) - Creating connection
[0m18:19:23.449702 [debug] [ThreadPool]: On list_shopflow_analytics_cat_bronze: /* {"app": "dbt", "dbt_version": "1.12.0", "dbt_databricks_version": "1.12.3", "databricks_sql_connector_version": "4.3.0", "profile_name": "shopflow_analytics", "target_name": "dev", "invocation_id": "2ea4170b-a28f-4ccd-a826-07086c6a950c", "connection_name": "list_shopflow_analytics_cat_bronze"} */

    
SELECT
  table_name,
  if(table_type IN ('EXTERNAL', 'MANAGED', 'MANAGED_SHALLOW_CLONE', 'EXTERNAL_SHALLOW_CLONE'), 'table', lower(table_type)) AS table_type,
  lower(data_source_format) AS file_format,
  table_owner,
  if(
    table_type IN (
      'EXTERNAL',
      'MANAGED',
      'MANAGED_SHALLOW_CLONE',
      'EXTERNAL_SHALLOW_CLONE'
    ),
    lower(table_type),
    NULL
  ) AS databricks_table_type
FROM `system`.`information_schema`.`tables`
WHERE table_catalog = 'shopflow_analytics_cat'
  AND table_schema = 'bronze'

  
[0m18:19:23.450699 [debug] [ThreadPool]: Using databricks connection "list_shopflow_analytics_cat_silver"
[0m18:19:23.451696 [debug] [ThreadPool]: Acquiring new databricks connection 'list_shopflow_analytics_cat_gold'
[0m18:19:23.452694 [debug] [ThreadPool]: Opening a new connection, currently in state init
[0m18:19:23.452694 [debug] [ThreadPool]: On list_shopflow_analytics_cat_silver: /* {"app": "dbt", "dbt_version": "1.12.0", "dbt_databricks_version": "1.12.3", "databricks_sql_connector_version": "4.3.0", "profile_name": "shopflow_analytics", "target_name": "dev", "invocation_id": "2ea4170b-a28f-4ccd-a826-07086c6a950c", "connection_name": "list_shopflow_analytics_cat_silver"} */

    
SELECT
  table_name,
  if(table_type IN ('EXTERNAL', 'MANAGED', 'MANAGED_SHALLOW_CLONE', 'EXTERNAL_SHALLOW_CLONE'), 'table', lower(table_type)) AS table_type,
  lower(data_source_format) AS file_format,
  table_owner,
  if(
    table_type IN (
      'EXTERNAL',
      'MANAGED',
      'MANAGED_SHALLOW_CLONE',
      'EXTERNAL_SHALLOW_CLONE'
    ),
    lower(table_type),
    NULL
  ) AS databricks_table_type
FROM `system`.`information_schema`.`tables`
WHERE table_catalog = 'shopflow_analytics_cat'
  AND table_schema = 'silver'

  
[0m18:19:23.454688 [debug] [ThreadPool]: Using databricks connection "list_shopflow_analytics_cat_gold"
[0m18:19:23.456684 [debug] [ThreadPool]: Opening a new connection, currently in state init
[0m18:19:23.457684 [debug] [ThreadPool]: On list_shopflow_analytics_cat_gold: /* {"app": "dbt", "dbt_version": "1.12.0", "dbt_databricks_version": "1.12.3", "databricks_sql_connector_version": "4.3.0", "profile_name": "shopflow_analytics", "target_name": "dev", "invocation_id": "2ea4170b-a28f-4ccd-a826-07086c6a950c", "connection_name": "list_shopflow_analytics_cat_gold"} */

    
SELECT
  table_name,
  if(table_type IN ('EXTERNAL', 'MANAGED', 'MANAGED_SHALLOW_CLONE', 'EXTERNAL_SHALLOW_CLONE'), 'table', lower(table_type)) AS table_type,
  lower(data_source_format) AS file_format,
  table_owner,
  if(
    table_type IN (
      'EXTERNAL',
      'MANAGED',
      'MANAGED_SHALLOW_CLONE',
      'EXTERNAL_SHALLOW_CLONE'
    ),
    lower(table_type),
    NULL
  ) AS databricks_table_type
FROM `system`.`information_schema`.`tables`
WHERE table_catalog = 'shopflow_analytics_cat'
  AND table_schema = 'gold'

  
[0m18:19:23.458678 [debug] [ThreadPool]: Opening a new connection, currently in state init
[0m18:19:24.617719 [debug] [ThreadPool]: Databricks adapter: Connection(session-id=01f18c32-6e9a-1186-a7f2-684342a912bc) - Created
[0m18:19:24.617719 [debug] [ThreadPool]: Databricks adapter: Connection(session-id=01f18c32-6ea0-1d96-af91-7d354491457c) - Created
[0m18:19:24.618717 [debug] [ThreadPool]: Databricks adapter: Connection(session-id=01f18c32-6e9d-1c8f-8332-717072fdb266) - Created
[0m18:19:25.198426 [debug] [ThreadPool]: SQL status: OK in 1.740 seconds
[0m18:19:25.204412 [debug] [ThreadPool]: Databricks adapter: Cursor(session-id=01f18c32-6e9a-1186-a7f2-684342a912bc, command-id=01f18c32-6ec8-1d10-862a-32d2e8a30c38) - Closing
[0m18:19:25.206405 [debug] [ThreadPool]: On list_shopflow_analytics_cat_gold: Close
[0m18:19:25.207403 [debug] [ThreadPool]: Databricks adapter: Connection(session-id=01f18c32-6e9a-1186-a7f2-684342a912bc) - Closing
[0m18:19:25.296165 [debug] [ThreadPool]: SQL status: OK in 1.840 seconds
[0m18:19:25.301158 [debug] [ThreadPool]: Databricks adapter: Cursor(session-id=01f18c32-6e9d-1c8f-8332-717072fdb266, command-id=01f18c32-6eca-1497-a2ec-edb29d68432b) - Closing
[0m18:19:25.397942 [debug] [ThreadPool]: On list_shopflow_analytics_cat_silver: Close
[0m18:19:25.401926 [debug] [ThreadPool]: Databricks adapter: Connection(session-id=01f18c32-6e9d-1c8f-8332-717072fdb266) - Closing
[0m18:19:25.430850 [debug] [ThreadPool]: SQL status: OK in 1.980 seconds
[0m18:19:25.447806 [debug] [ThreadPool]: Databricks adapter: Cursor(session-id=01f18c32-6ea0-1d96-af91-7d354491457c, command-id=01f18c32-6ecb-1720-b330-2f35a95671df) - Closing
[0m18:19:25.659189 [debug] [ThreadPool]: On list_shopflow_analytics_cat_bronze: Close
[0m18:19:25.661192 [debug] [ThreadPool]: Databricks adapter: Connection(session-id=01f18c32-6ea0-1d96-af91-7d354491457c) - Closing
[0m18:19:25.891866 [debug] [MainThread]: Sending event: {'category': 'dbt', 'action': 'runnable_timing', 'label': '2ea4170b-a28f-4ccd-a826-07086c6a950c', 'context': [<snowplow_tracker.self_describing_json.SelfDescribingJson object at 0x000001DD1506D430>]}
[0m18:19:25.900842 [info ] [MainThread]: Starting shopflow_analytics run
[0m18:19:25.901840 [debug] [MainThread]: Writing injected SQL for node "operation.shopflow_analytics.shopflow_analytics-on-run-start-0"
[0m18:19:25.909823 [info ] [MainThread]: 1 of 1 START hook: shopflow_analytics.on-run-start.0 ........................... [RUN]
[0m18:19:25.911813 [info ] [MainThread]: 1 of 1 OK hook: shopflow_analytics.on-run-start.0 .............................. [[32mOK[0m in 0.02s]
[0m18:19:25.912810 [info ] [MainThread]: 
[0m18:19:25.942730 [debug] [Thread-3 (]: Began running node snapshot.shopflow_analytics.scd_customers
[0m18:19:25.943727 [info ] [Thread-3 (]: 1 of 1 START snapshot gold.scd_customers ....................................... [RUN]
[0m18:19:25.947718 [debug] [Thread-3 (]: Databricks adapter: DatabricksDBTConnection(session-id=None, name=snapshot.shopflow_analytics.scd_customers) - Creating connection
[0m18:19:25.948714 [debug] [Thread-3 (]: Acquiring new databricks connection 'snapshot.shopflow_analytics.scd_customers'
[0m18:19:25.949711 [debug] [Thread-3 (]: Began compiling node snapshot.shopflow_analytics.scd_customers
[0m18:19:25.956694 [debug] [Thread-3 (]: Writing injected SQL for node "snapshot.shopflow_analytics.scd_customers"
[0m18:19:25.960683 [debug] [Thread-3 (]: Began executing node snapshot.shopflow_analytics.scd_customers
[0m18:19:26.099311 [debug] [Thread-3 (]: Using databricks connection "snapshot.shopflow_analytics.scd_customers"
[0m18:19:26.100309 [debug] [Thread-3 (]: On snapshot.shopflow_analytics.scd_customers: /* {"app": "dbt", "dbt_version": "1.12.0", "dbt_databricks_version": "1.12.3", "databricks_sql_connector_version": "4.3.0", "profile_name": "shopflow_analytics", "target_name": "dev", "invocation_id": "2ea4170b-a28f-4ccd-a826-07086c6a950c", "node_id": "snapshot.shopflow_analytics.scd_customers"} */
select * from (
        select first_name, last_name, email, country from (
                

select
    customer_id,
    trim(first_name) as first_name,
    trim(last_name) as last_name,
    lower(trim(email)) as email,
    upper(trim(country)) as country,
    created_at
from `shopflow_analytics_cat`.`bronze`.`raw_customers`
            ) subq
    ) as __dbt_sbq
    where false
    limit 0

    
[0m18:19:26.101306 [debug] [Thread-3 (]: Opening a new connection, currently in state init
[0m18:19:27.153574 [debug] [Thread-3 (]: Databricks adapter: Connection(session-id=01f18c32-701c-1588-9459-f771ad26df29) - Created
[0m18:19:28.687812 [debug] [Thread-3 (]: SQL status: OK in 2.590 seconds
[0m18:19:28.696789 [debug] [Thread-3 (]: Databricks adapter: Cursor(session-id=01f18c32-701c-1588-9459-f771ad26df29, command-id=01f18c32-7059-164e-8d34-cdaf15b7ce00) - Closing
[0m18:19:28.731693 [debug] [Thread-3 (]: Using databricks connection "snapshot.shopflow_analytics.scd_customers"
[0m18:19:28.736682 [debug] [Thread-3 (]: On snapshot.shopflow_analytics.scd_customers: /* {"app": "dbt", "dbt_version": "1.12.0", "dbt_databricks_version": "1.12.3", "databricks_sql_connector_version": "4.3.0", "profile_name": "shopflow_analytics", "target_name": "dev", "invocation_id": "2ea4170b-a28f-4ccd-a826-07086c6a950c", "node_id": "snapshot.shopflow_analytics.scd_customers"} */

    
  DESCRIBE TABLE EXTENDED `shopflow_analytics_cat`.`gold`.`scd_customers` AS JSON

  
[0m18:19:29.537874 [debug] [Thread-3 (]: SQL status: OK in 0.800 seconds
[0m18:19:29.540868 [debug] [Thread-3 (]: Databricks adapter: Cursor(session-id=01f18c32-701c-1588-9459-f771ad26df29, command-id=01f18c32-713f-1ef2-8bb8-7678f5d7f647) - Closing
[0m18:19:29.547848 [debug] [Thread-3 (]: Using databricks connection "snapshot.shopflow_analytics.scd_customers"
[0m18:19:29.547848 [debug] [Thread-3 (]: On snapshot.shopflow_analytics.scd_customers: /* {"app": "dbt", "dbt_version": "1.12.0", "dbt_databricks_version": "1.12.3", "databricks_sql_connector_version": "4.3.0", "profile_name": "shopflow_analytics", "target_name": "dev", "invocation_id": "2ea4170b-a28f-4ccd-a826-07086c6a950c", "node_id": "snapshot.shopflow_analytics.scd_customers"} */

    
  DESCRIBE TABLE EXTENDED `shopflow_analytics_cat`.`gold`.`scd_customers` AS JSON

  
[0m18:19:30.069021 [debug] [Thread-3 (]: SQL status: OK in 0.520 seconds
[0m18:19:30.072013 [debug] [Thread-3 (]: Databricks adapter: Cursor(session-id=01f18c32-701c-1588-9459-f771ad26df29, command-id=01f18c32-71ba-1df9-8a26-dcf1a9a05d15) - Closing
[0m18:19:30.141827 [debug] [Thread-3 (]: Using databricks connection "snapshot.shopflow_analytics.scd_customers"
[0m18:19:30.143820 [debug] [Thread-3 (]: On snapshot.shopflow_analytics.scd_customers: /* {"app": "dbt", "dbt_version": "1.12.0", "dbt_databricks_version": "1.12.3", "databricks_sql_connector_version": "4.3.0", "profile_name": "shopflow_analytics", "target_name": "dev", "invocation_id": "2ea4170b-a28f-4ccd-a826-07086c6a950c", "node_id": "snapshot.shopflow_analytics.scd_customers"} */

        
  
    create or replace temporary view `scd_customers__dbt_tmp` as
      
    
    with snapshot_query as (

        select
    customer_id,
    trim(first_name) as first_name,
    trim(last_name) as last_name,
    lower(trim(email)) as email,
    upper(trim(country)) as country,
    created_at
from `shopflow_analytics_cat`.`bronze`.`raw_customers`

    ),

    snapshotted_data as (

        select *, 
    
        customer_id as dbt_unique_key
    

        from `shopflow_analytics_cat`.`gold`.`scd_customers`
        where
            
                dbt_valid_to is null
            

    ),

    insertions_source_data as (

        select *, 
    
        customer_id as dbt_unique_key
    
,
            
    current_timestamp()
 as dbt_updated_at,
            
    current_timestamp()
 as dbt_valid_from,
            
  
  coalesce(nullif(
    current_timestamp()
, 
    current_timestamp()
), null)
  as dbt_valid_to
,
            md5(coalesce(cast(customer_id as string ), '')
         || '|' || coalesce(cast(
    current_timestamp()
 as string ), '')
        ) as dbt_scd_id

        from snapshot_query
    ),

    updates_source_data as (

        select *, 
    
        customer_id as dbt_unique_key
    
,
            
    current_timestamp()
 as dbt_updated_at,
            
    current_timestamp()
 as dbt_valid_from,
            
    current_timestamp()
 as dbt_valid_to

        from snapshot_query
    ),

    insertions as (

        select
            'insert' as dbt_change_type,
            source_data.*

        from insertions_source_data as source_data
        left outer join snapshotted_data
            on 
    
        snapshotted_data.dbt_unique_key = source_data.dbt_unique_key
    

            where 
    
        snapshotted_data.dbt_unique_key is null
    

            or (
    
        snapshotted_data.dbt_unique_key is not null
    
 and (
                (snapshotted_data.`first_name` != source_data.`first_name`
        or
        (
            ((snapshotted_data.`first_name` is null) and not (source_data.`first_name` is null))
            or
            ((not snapshotted_data.`first_name` is null) and (source_data.`first_name` is null))
        ) or snapshotted_data.`last_name` != source_data.`last_name`
        or
        (
            ((snapshotted_data.`last_name` is null) and not (source_data.`last_name` is null))
            or
            ((not snapshotted_data.`last_name` is null) and (source_data.`last_name` is null))
        ) or snapshotted_data.`email` != source_data.`email`
        or
        (
            ((snapshotted_data.`email` is null) and not (source_data.`email` is null))
            or
            ((not snapshotted_data.`email` is null) and (source_data.`email` is null))
        ) or snapshotted_data.`country` != source_data.`country`
        or
        (
            ((snapshotted_data.`country` is null) and not (source_data.`country` is null))
            or
            ((not snapshotted_data.`country` is null) and (source_data.`country` is null))
        ))
            )

        )

    ),

    updates as (

        select
            'update' as dbt_change_type,
            source_data.*,
            snapshotted_data.dbt_scd_id

        from updates_source_data as source_data
        join snapshotted_data
            on 
    
        snapshotted_data.dbt_unique_key = source_data.dbt_unique_key
    

        where (
            (snapshotted_data.`first_name` != source_data.`first_name`
        or
        (
            ((snapshotted_data.`first_name` is null) and not (source_data.`first_name` is null))
            or
            ((not snapshotted_data.`first_name` is null) and (source_data.`first_name` is null))
        ) or snapshotted_data.`last_name` != source_data.`last_name`
        or
        (
            ((snapshotted_data.`last_name` is null) and not (source_data.`last_name` is null))
            or
            ((not snapshotted_data.`last_name` is null) and (source_data.`last_name` is null))
        ) or snapshotted_data.`email` != source_data.`email`
        or
        (
            ((snapshotted_data.`email` is null) and not (source_data.`email` is null))
            or
            ((not snapshotted_data.`email` is null) and (source_data.`email` is null))
        ) or snapshotted_data.`country` != source_data.`country`
        or
        (
            ((snapshotted_data.`country` is null) and not (source_data.`country` is null))
            or
            ((not snapshotted_data.`country` is null) and (source_data.`country` is null))
        ))
        )
    )

    select * from insertions
    union all
    select * from updates

  
    
[0m18:19:31.009677 [debug] [Thread-3 (]: SQL status: OK in 0.860 seconds
[0m18:19:31.014792 [debug] [Thread-3 (]: Databricks adapter: Cursor(session-id=01f18c32-701c-1588-9459-f771ad26df29, command-id=01f18c32-7215-1296-b3dd-0b5765ac0f19) - Closing
[0m18:19:31.021810 [debug] [Thread-3 (]: Using databricks connection "snapshot.shopflow_analytics.scd_customers"
[0m18:19:31.023819 [debug] [Thread-3 (]: On snapshot.shopflow_analytics.scd_customers: /* {"app": "dbt", "dbt_version": "1.12.0", "dbt_databricks_version": "1.12.3", "databricks_sql_connector_version": "4.3.0", "profile_name": "shopflow_analytics", "target_name": "dev", "invocation_id": "2ea4170b-a28f-4ccd-a826-07086c6a950c", "node_id": "snapshot.shopflow_analytics.scd_customers"} */

    
  DESCRIBE TABLE EXTENDED `scd_customers__dbt_tmp` AS JSON

  
[0m18:19:31.338691 [debug] [Thread-3 (]: SQL status: OK in 0.310 seconds
[0m18:19:31.342677 [debug] [Thread-3 (]: Databricks adapter: Cursor(session-id=01f18c32-701c-1588-9459-f771ad26df29, command-id=01f18c32-729b-189e-82c7-ab3a27a984b8) - Closing
[0m18:19:31.345669 [debug] [Thread-3 (]: Using databricks connection "snapshot.shopflow_analytics.scd_customers"
[0m18:19:31.346666 [debug] [Thread-3 (]: On snapshot.shopflow_analytics.scd_customers: /* {"app": "dbt", "dbt_version": "1.12.0", "dbt_databricks_version": "1.12.3", "databricks_sql_connector_version": "4.3.0", "profile_name": "shopflow_analytics", "target_name": "dev", "invocation_id": "2ea4170b-a28f-4ccd-a826-07086c6a950c", "node_id": "snapshot.shopflow_analytics.scd_customers"} */

    
  DESCRIBE TABLE EXTENDED `shopflow_analytics_cat`.`gold`.`scd_customers` AS JSON

  
[0m18:19:32.069449 [debug] [Thread-3 (]: SQL status: OK in 0.720 seconds
[0m18:19:32.077429 [debug] [Thread-3 (]: Databricks adapter: Cursor(session-id=01f18c32-701c-1588-9459-f771ad26df29, command-id=01f18c32-72cd-153a-91f4-70d0ce6a1f47) - Closing
[0m18:19:32.087400 [debug] [Thread-3 (]: Using databricks connection "snapshot.shopflow_analytics.scd_customers"
[0m18:19:32.090563 [debug] [Thread-3 (]: On snapshot.shopflow_analytics.scd_customers: /* {"app": "dbt", "dbt_version": "1.12.0", "dbt_databricks_version": "1.12.3", "databricks_sql_connector_version": "4.3.0", "profile_name": "shopflow_analytics", "target_name": "dev", "invocation_id": "2ea4170b-a28f-4ccd-a826-07086c6a950c", "node_id": "snapshot.shopflow_analytics.scd_customers"} */

    
  DESCRIBE TABLE EXTENDED `scd_customers__dbt_tmp` AS JSON

  
[0m18:19:32.367890 [debug] [Thread-3 (]: SQL status: OK in 0.280 seconds
[0m18:19:32.372877 [debug] [Thread-3 (]: Databricks adapter: Cursor(session-id=01f18c32-701c-1588-9459-f771ad26df29, command-id=01f18c32-733e-1fdf-8a3d-6c40baa98130) - Closing
[0m18:19:32.375869 [debug] [Thread-3 (]: Using databricks connection "snapshot.shopflow_analytics.scd_customers"
[0m18:19:32.376866 [debug] [Thread-3 (]: On snapshot.shopflow_analytics.scd_customers: /* {"app": "dbt", "dbt_version": "1.12.0", "dbt_databricks_version": "1.12.3", "databricks_sql_connector_version": "4.3.0", "profile_name": "shopflow_analytics", "target_name": "dev", "invocation_id": "2ea4170b-a28f-4ccd-a826-07086c6a950c", "node_id": "snapshot.shopflow_analytics.scd_customers"} */

    
  DESCRIBE TABLE EXTENDED `shopflow_analytics_cat`.`gold`.`scd_customers` AS JSON

  
[0m18:19:39.248486 [debug] [Thread-3 (]: SQL status: OK in 6.870 seconds
[0m18:19:39.260454 [debug] [Thread-3 (]: Databricks adapter: Cursor(session-id=01f18c32-701c-1588-9459-f771ad26df29, command-id=01f18c32-736a-139e-92f7-990021cfbe8f) - Closing
[0m18:19:39.283393 [debug] [Thread-3 (]: Using databricks connection "snapshot.shopflow_analytics.scd_customers"
[0m18:19:39.285387 [debug] [Thread-3 (]: On snapshot.shopflow_analytics.scd_customers: /* {"app": "dbt", "dbt_version": "1.12.0", "dbt_databricks_version": "1.12.3", "databricks_sql_connector_version": "4.3.0", "profile_name": "shopflow_analytics", "target_name": "dev", "invocation_id": "2ea4170b-a28f-4ccd-a826-07086c6a950c", "node_id": "snapshot.shopflow_analytics.scd_customers"} */

    
  DESCRIBE TABLE EXTENDED `scd_customers__dbt_tmp` AS JSON

  
[0m18:19:39.548739 [debug] [Thread-3 (]: SQL status: OK in 0.260 seconds
[0m18:19:39.554723 [debug] [Thread-3 (]: Databricks adapter: Cursor(session-id=01f18c32-701c-1588-9459-f771ad26df29, command-id=01f18c32-7788-16af-b591-8230d1376306) - Closing
[0m18:19:39.613565 [debug] [Thread-3 (]: Using databricks connection "snapshot.shopflow_analytics.scd_customers"
[0m18:19:39.614564 [debug] [Thread-3 (]: On snapshot.shopflow_analytics.scd_customers: /* {"app": "dbt", "dbt_version": "1.12.0", "dbt_databricks_version": "1.12.3", "databricks_sql_connector_version": "4.3.0", "profile_name": "shopflow_analytics", "target_name": "dev", "invocation_id": "2ea4170b-a28f-4ccd-a826-07086c6a950c", "node_id": "snapshot.shopflow_analytics.scd_customers"} */
select * from (
        
    
    with snapshot_query as (

        select
    customer_id,
    trim(first_name) as first_name,
    trim(last_name) as last_name,
    lower(trim(email)) as email,
    upper(trim(country)) as country,
    created_at
from `shopflow_analytics_cat`.`bronze`.`raw_customers`

    ),

    snapshotted_data as (

        select *, 
    
        customer_id as dbt_unique_key
    

        from `shopflow_analytics_cat`.`gold`.`scd_customers`
        where
            
                dbt_valid_to is null
            

    ),

    insertions_source_data as (

        select *, 
    
        customer_id as dbt_unique_key
    
,
            
    current_timestamp()
 as dbt_updated_at,
            
    current_timestamp()
 as dbt_valid_from,
            
  
  coalesce(nullif(
    current_timestamp()
, 
    current_timestamp()
), null)
  as dbt_valid_to
,
            md5(coalesce(cast(customer_id as string ), '')
         || '|' || coalesce(cast(
    current_timestamp()
 as string ), '')
        ) as dbt_scd_id

        from snapshot_query
    ),

    updates_source_data as (

        select *, 
    
        customer_id as dbt_unique_key
    
,
            
    current_timestamp()
 as dbt_updated_at,
            
    current_timestamp()
 as dbt_valid_from,
            
    current_timestamp()
 as dbt_valid_to

        from snapshot_query
    ),

    insertions as (

        select
            'insert' as dbt_change_type,
            source_data.*

        from insertions_source_data as source_data
        left outer join snapshotted_data
            on 
    
        snapshotted_data.dbt_unique_key = source_data.dbt_unique_key
    

            where 
    
        snapshotted_data.dbt_unique_key is null
    

            or (
    
        snapshotted_data.dbt_unique_key is not null
    
 and (
                (snapshotted_data.`first_name` != source_data.`first_name`
        or
        (
            ((snapshotted_data.`first_name` is null) and not (source_data.`first_name` is null))
            or
            ((not snapshotted_data.`first_name` is null) and (source_data.`first_name` is null))
        ) or snapshotted_data.`last_name` != source_data.`last_name`
        or
        (
            ((snapshotted_data.`last_name` is null) and not (source_data.`last_name` is null))
            or
            ((not snapshotted_data.`last_name` is null) and (source_data.`last_name` is null))
        ) or snapshotted_data.`email` != source_data.`email`
        or
        (
            ((snapshotted_data.`email` is null) and not (source_data.`email` is null))
            or
            ((not snapshotted_data.`email` is null) and (source_data.`email` is null))
        ) or snapshotted_data.`country` != source_data.`country`
        or
        (
            ((snapshotted_data.`country` is null) and not (source_data.`country` is null))
            or
            ((not snapshotted_data.`country` is null) and (source_data.`country` is null))
        ))
            )

        )

    ),

    updates as (

        select
            'update' as dbt_change_type,
            source_data.*,
            snapshotted_data.dbt_scd_id

        from updates_source_data as source_data
        join snapshotted_data
            on 
    
        snapshotted_data.dbt_unique_key = source_data.dbt_unique_key
    

        where (
            (snapshotted_data.`first_name` != source_data.`first_name`
        or
        (
            ((snapshotted_data.`first_name` is null) and not (source_data.`first_name` is null))
            or
            ((not snapshotted_data.`first_name` is null) and (source_data.`first_name` is null))
        ) or snapshotted_data.`last_name` != source_data.`last_name`
        or
        (
            ((snapshotted_data.`last_name` is null) and not (source_data.`last_name` is null))
            or
            ((not snapshotted_data.`last_name` is null) and (source_data.`last_name` is null))
        ) or snapshotted_data.`email` != source_data.`email`
        or
        (
            ((snapshotted_data.`email` is null) and not (source_data.`email` is null))
            or
            ((not snapshotted_data.`email` is null) and (source_data.`email` is null))
        ) or snapshotted_data.`country` != source_data.`country`
        or
        (
            ((snapshotted_data.`country` is null) and not (source_data.`country` is null))
            or
            ((not snapshotted_data.`country` is null) and (source_data.`country` is null))
        ))
        )
    )

    select * from insertions
    union all
    select * from updates

    ) as __dbt_sbq
    where false
    limit 0

[0m18:19:40.771733 [debug] [Thread-3 (]: SQL status: OK in 1.160 seconds
[0m18:19:40.783745 [debug] [Thread-3 (]: Using databricks connection "snapshot.shopflow_analytics.scd_customers"
[0m18:19:40.784745 [debug] [Thread-3 (]: On snapshot.shopflow_analytics.scd_customers: /* {"app": "dbt", "dbt_version": "1.12.0", "dbt_databricks_version": "1.12.3", "databricks_sql_connector_version": "4.3.0", "profile_name": "shopflow_analytics", "target_name": "dev", "invocation_id": "2ea4170b-a28f-4ccd-a826-07086c6a950c", "node_id": "snapshot.shopflow_analytics.scd_customers"} */
select * from (
        select 
    current_timestamp()
 as dbt_snapshot_time
    ) as __dbt_sbq
    where false
    limit 0

[0m18:19:40.785737 [debug] [Thread-3 (]: Databricks adapter: Cursor(session-id=01f18c32-701c-1588-9459-f771ad26df29, command-id=01f18c32-77f3-1b10-b7cd-a6c340e98a95) - Closing
[0m18:19:41.165867 [debug] [Thread-3 (]: SQL status: OK in 0.380 seconds
[0m18:19:41.165867 [debug] [Thread-3 (]: Writing runtime sql for node "snapshot.shopflow_analytics.scd_customers"
[0m18:19:41.167862 [debug] [Thread-3 (]: Using databricks connection "snapshot.shopflow_analytics.scd_customers"
[0m18:19:41.167862 [debug] [Thread-3 (]: On snapshot.shopflow_analytics.scd_customers: /* {"app": "dbt", "dbt_version": "1.12.0", "dbt_databricks_version": "1.12.3", "databricks_sql_connector_version": "4.3.0", "profile_name": "shopflow_analytics", "target_name": "dev", "invocation_id": "2ea4170b-a28f-4ccd-a826-07086c6a950c", "node_id": "snapshot.shopflow_analytics.scd_customers"} */

      merge into `shopflow_analytics_cat`.`gold`.`scd_customers` as DBT_INTERNAL_DEST
        using `scd_customers__dbt_tmp` as DBT_INTERNAL_SOURCE
    on DBT_INTERNAL_SOURCE.`dbt_scd_id` = DBT_INTERNAL_DEST.`dbt_scd_id`
    when matched
        and DBT_INTERNAL_DEST.`dbt_valid_to` is null
        and DBT_INTERNAL_SOURCE.`dbt_change_type` in ('update', 'delete')
        then update
        set `dbt_valid_to` = DBT_INTERNAL_SOURCE.`dbt_valid_to`

    when not matched
        and DBT_INTERNAL_SOURCE.`dbt_change_type` = 'insert'
        then insert (`customer_id`, `first_name`, `last_name`, `email`, `country`, `created_at`, `dbt_updated_at`, `dbt_valid_from`, `dbt_valid_to`, `dbt_scd_id`)
        values (`customer_id`, `first_name`, `last_name`, `email`, `country`, `created_at`, `dbt_updated_at`, `dbt_valid_from`, `dbt_valid_to`, `dbt_scd_id`)
    ;

  
[0m18:19:41.168859 [debug] [Thread-3 (]: Databricks adapter: Cursor(session-id=01f18c32-701c-1588-9459-f771ad26df29, command-id=01f18c32-786d-1b3e-9ca5-9e9ddd336934) - Closing
[0m18:19:47.687437 [debug] [Thread-3 (]: SQL status: OK in 6.520 seconds
[0m18:19:47.688434 [debug] [Thread-3 (]: Databricks adapter: Cursor(session-id=01f18c32-701c-1588-9459-f771ad26df29, command-id=01f18c32-78a7-1e7f-b517-1bca782fc738) - Closing
[0m18:19:47.954382 [debug] [Thread-3 (]: Applying DROP to: `scd_customers__dbt_tmp`
[0m18:19:47.959368 [debug] [Thread-3 (]: Using databricks connection "snapshot.shopflow_analytics.scd_customers"
[0m18:19:47.960365 [debug] [Thread-3 (]: On snapshot.shopflow_analytics.scd_customers: /* {"app": "dbt", "dbt_version": "1.12.0", "dbt_databricks_version": "1.12.3", "databricks_sql_connector_version": "4.3.0", "profile_name": "shopflow_analytics", "target_name": "dev", "invocation_id": "2ea4170b-a28f-4ccd-a826-07086c6a950c", "node_id": "snapshot.shopflow_analytics.scd_customers"} */
DROP VIEW IF EXISTS `scd_customers__dbt_tmp`
[0m18:19:48.265445 [debug] [Thread-3 (]: SQL status: OK in 0.300 seconds
[0m18:19:48.273415 [debug] [Thread-3 (]: Databricks adapter: Cursor(session-id=01f18c32-701c-1588-9459-f771ad26df29, command-id=01f18c32-7cb4-10a7-9a00-195d42335cf7) - Closing
[0m18:19:48.304325 [debug] [Thread-3 (]: On snapshot.shopflow_analytics.scd_customers: Close
[0m18:19:48.304325 [debug] [Thread-3 (]: Databricks adapter: Connection(session-id=01f18c32-701c-1588-9459-f771ad26df29) - Closing
[0m18:19:48.532634 [debug] [Thread-3 (]: Sending event: {'category': 'dbt', 'action': 'run_model', 'label': '2ea4170b-a28f-4ccd-a826-07086c6a950c', 'context': [<snowplow_tracker.self_describing_json.SelfDescribingJson object at 0x000001DD14A26DE0>]}
[0m18:19:48.538617 [info ] [Thread-3 (]: 1 of 1 OK snapshotted gold.scd_customers ....................................... [[32mOK[0m in 22.57s]
[0m18:19:48.541609 [debug] [Thread-3 (]: Finished running node snapshot.shopflow_analytics.scd_customers
[0m18:19:48.544783 [debug] [MainThread]: Databricks adapter: DatabricksDBTConnection(session-id=None, name=master) - Creating connection
[0m18:19:48.545780 [debug] [MainThread]: Acquiring new databricks connection 'master'
[0m18:19:48.546777 [info ] [MainThread]: 
[0m18:19:48.551768 [info ] [MainThread]: Finished shopflow_analytics run
[0m18:19:48.558740 [debug] [MainThread]: Writing injected SQL for node "operation.shopflow_analytics.shopflow_analytics-on-run-end-0"
[0m18:19:48.559739 [info ] [MainThread]: 1 of 1 START hook: shopflow_analytics.on-run-end.0 ............................. [RUN]
[0m18:19:48.560736 [info ] [MainThread]: 1 of 1 OK hook: shopflow_analytics.on-run-end.0 ................................ [[32mOK[0m in 0.01s]
[0m18:19:48.561734 [info ] [MainThread]: 
[0m18:19:48.562731 [info ] [MainThread]: Finished running 2 project hooks, 1 snapshot in 0 hours 0 minutes and 29.56 seconds (29.56s).
[0m18:19:48.563728 [debug] [MainThread]: Command end result
[0m18:19:48.687398 [debug] [MainThread]: Wrote artifact WritableManifest to C:\Users\Utilisateur\Desktop\Auto E TS\Datanoumrite\DBT ENG PROJECT\ddd-engineering-project\target\manifest.json
[0m18:19:48.691386 [debug] [MainThread]: Wrote artifact SemanticManifest to C:\Users\Utilisateur\Desktop\Auto E TS\Datanoumrite\DBT ENG PROJECT\ddd-engineering-project\target\semantic_manifest.json
[0m18:19:48.696373 [debug] [MainThread]: Wrote artifact OsiDocument to C:\Users\Utilisateur\Desktop\Auto E TS\Datanoumrite\DBT ENG PROJECT\ddd-engineering-project\target\osi_document.json
[0m18:19:48.705350 [debug] [MainThread]: Wrote artifact RunExecutionResult to C:\Users\Utilisateur\Desktop\Auto E TS\Datanoumrite\DBT ENG PROJECT\ddd-engineering-project\target\run_results.json
[0m18:19:48.706346 [info ] [MainThread]: 
[0m18:19:48.707343 [info ] [MainThread]: [32mCompleted successfully[0m
[0m18:19:48.707343 [info ] [MainThread]: 
[0m18:19:48.708340 [info ] [MainThread]: Done. PASS=3 WARN=0 ERROR=0 SKIP=0 NO-OP=0 REUSED=0 TOTAL=3
[0m18:19:48.709339 [debug] [MainThread]: Command `dbt snapshot` succeeded at 18:19:48.709339 after 35.50 seconds
[0m18:19:48.710339 [debug] [MainThread]: Sending event: {'category': 'dbt', 'action': 'invocation', 'label': 'end', 'context': [<snowplow_tracker.self_describing_json.SelfDescribingJson object at 0x000001DD097A55E0>, <snowplow_tracker.self_describing_json.SelfDescribingJson object at 0x000001DD097A4680>, <snowplow_tracker.self_describing_json.SelfDescribingJson object at 0x000001DD097A54F0>]}
[0m18:19:48.710339 [debug] [MainThread]: Flushing usage events
[0m18:19:49.763765 [debug] [MainThread]: An error was encountered while trying to flush usage events
[0m18:21:48.603196 [debug] [MainThread]: Sending event: {'category': 'dbt', 'action': 'invocation', 'label': 'start', 'context': [<snowplow_tracker.self_describing_json.SelfDescribingJson object at 0x0000028A3508E810>, <snowplow_tracker.self_describing_json.SelfDescribingJson object at 0x0000028A33425BE0>, <snowplow_tracker.self_describing_json.SelfDescribingJson object at 0x0000028A33500530>]}


============================== 18:21:48.611174 | 973e3aac-21cc-4ce0-8499-4d915c48d159 ==============================
[0m18:21:48.611174 [info ] [MainThread]: Running with dbt=1.12.0
[0m18:21:48.612171 [debug] [MainThread]: running dbt with arguments {'maximum_seed_size_mib': '1', 'no_print': 'None', 'static_parser': 'True', 'warn_error_options': 'WarnErrorOptionsV2(error=[], warn=[], silence=[])', 'version_check': 'True', 'target_path': 'None', 'printer_width': '80', 'write_json': 'True', 'empty': 'False', 'log_cache_events': 'False', 'introspect': 'True', 'cache_selected_only': 'False', 'log_format': 'default', 'debug': 'False', 'fail_fast': 'False', 'profiles_dir': 'C:\\Users\\Utilisateur\\Desktop\\Auto E TS\\Datanoumrite\\DBT ENG PROJECT\\ddd-engineering-project', 'send_anonymous_usage_stats': 'True', 'quiet': 'False', 'warn_error': 'None', 'partial_parse': 'True', 'indirect_selection': 'eager', 'hints_enabled': 'True', 'use_colors': 'True', 'use_experimental_parser': 'False', 'invocation_command': 'dbt seed --select raw_customers --full-refresh', 'log_path': 'C:\\Users\\Utilisateur\\Desktop\\Auto E TS\\Datanoumrite\\DBT ENG PROJECT\\ddd-engineering-project\\logs'}
[0m18:21:51.190684 [debug] [MainThread]: Spark adapter: Setting pyhive.hive logging to ERROR
[0m18:21:51.191807 [debug] [MainThread]: Spark adapter: Setting thrift.transport logging to ERROR
[0m18:21:51.191807 [debug] [MainThread]: Spark adapter: Setting thrift.protocol logging to ERROR
[0m18:21:53.710367 [debug] [MainThread]: Sending event: {'category': 'dbt', 'action': 'project_id', 'label': '973e3aac-21cc-4ce0-8499-4d915c48d159', 'context': [<snowplow_tracker.self_describing_json.SelfDescribingJson object at 0x0000028A3EEDF140>]}
[0m18:21:53.893729 [debug] [MainThread]: Sending event: {'category': 'dbt', 'action': 'adapter_info', 'label': '973e3aac-21cc-4ce0-8499-4d915c48d159', 'context': [<snowplow_tracker.self_describing_json.SelfDescribingJson object at 0x0000028A3EF99940>]}
[0m18:21:53.895724 [info ] [MainThread]: Registered adapter: databricks=1.12.3
[0m18:21:54.985940 [debug] [MainThread]: checksum: 084b7dca7de436582dfd47cda807ce894c1aacc971f621924e28a9827d1c7273, vars: {}, profile: shopflow_analytics, target: dev, version: 1.12.0
[0m18:21:55.677744 [debug] [MainThread]: Partial parsing enabled: 0 files deleted, 0 files added, 1 files changed.
[0m18:21:55.679741 [debug] [MainThread]: Partial parsing: updated file: shopflow_analytics://seeds\raw_customers.csv
[0m18:21:56.386750 [debug] [MainThread]: Sending event: {'category': 'dbt', 'action': 'load_project', 'label': '973e3aac-21cc-4ce0-8499-4d915c48d159', 'context': [<snowplow_tracker.self_describing_json.SelfDescribingJson object at 0x0000028A3F065670>]}
[0m18:21:56.807874 [debug] [MainThread]: Wrote artifact WritableManifest to C:\Users\Utilisateur\Desktop\Auto E TS\Datanoumrite\DBT ENG PROJECT\ddd-engineering-project\target\manifest.json
[0m18:21:56.814866 [debug] [MainThread]: Wrote artifact SemanticManifest to C:\Users\Utilisateur\Desktop\Auto E TS\Datanoumrite\DBT ENG PROJECT\ddd-engineering-project\target\semantic_manifest.json
[0m18:21:56.872759 [debug] [MainThread]: Wrote artifact OsiDocument to C:\Users\Utilisateur\Desktop\Auto E TS\Datanoumrite\DBT ENG PROJECT\ddd-engineering-project\target\osi_document.json
[0m18:21:56.906613 [debug] [MainThread]: Sending event: {'category': 'dbt', 'action': 'resource_counts', 'label': '973e3aac-21cc-4ce0-8499-4d915c48d159', 'context': [<snowplow_tracker.self_describing_json.SelfDescribingJson object at 0x0000028A3F954410>]}
[0m18:21:56.906613 [info ] [MainThread]: Found 8 models, 1 snapshot, 37 data tests, 4 seeds, 2 operations, 3 exposures, 888 macros
[0m18:21:56.907686 [debug] [MainThread]: Sending event: {'category': 'dbt', 'action': 'runnable_timing', 'label': '973e3aac-21cc-4ce0-8499-4d915c48d159', 'context': [<snowplow_tracker.self_describing_json.SelfDescribingJson object at 0x0000028A3D985040>]}
[0m18:21:56.910677 [info ] [MainThread]: 
[0m18:21:56.915674 [info ] [MainThread]: Concurrency: 4 threads (target='dev')
[0m18:21:56.917660 [info ] [MainThread]: 
[0m18:21:56.918658 [debug] [MainThread]: Databricks adapter: DatabricksDBTConnection(session-id=None, name=master) - Creating connection
[0m18:21:56.919657 [debug] [MainThread]: Acquiring new databricks connection 'master'
[0m18:21:56.920654 [debug] [ThreadPool]: Databricks adapter: DatabricksDBTConnection(session-id=None, name=list_shopflow_analytics_cat) - Creating connection
[0m18:21:56.921649 [debug] [ThreadPool]: Acquiring new databricks connection 'list_shopflow_analytics_cat'
[0m18:21:56.955626 [debug] [ThreadPool]: Using databricks connection "list_shopflow_analytics_cat"
[0m18:21:56.959616 [debug] [ThreadPool]: On list_shopflow_analytics_cat: /* {"app": "dbt", "dbt_version": "1.12.0", "dbt_databricks_version": "1.12.3", "databricks_sql_connector_version": "4.3.0", "profile_name": "shopflow_analytics", "target_name": "dev", "invocation_id": "973e3aac-21cc-4ce0-8499-4d915c48d159", "connection_name": "list_shopflow_analytics_cat"} */

    

  SHOW SCHEMAS IN `shopflow_analytics_cat`


  
[0m18:21:56.960613 [debug] [ThreadPool]: Opening a new connection, currently in state init
[0m18:22:01.401035 [debug] [ThreadPool]: Databricks adapter: Connection(session-id=01f18c32-cb95-15e6-a549-ec6f936f263c) - Created
[0m18:22:01.864406 [debug] [ThreadPool]: SQL status: OK in 4.900 seconds
[0m18:22:01.881361 [debug] [ThreadPool]: Databricks adapter: Cursor(session-id=01f18c32-cb95-15e6-a549-ec6f936f263c, command-id=01f18c32-cc42-1ded-ae42-32d3e4a4534c) - Closing
[0m18:22:01.881361 [debug] [ThreadPool]: On list_shopflow_analytics_cat: Close
[0m18:22:01.882359 [debug] [ThreadPool]: Databricks adapter: Connection(session-id=01f18c32-cb95-15e6-a549-ec6f936f263c) - Closing
[0m18:22:02.168698 [debug] [ThreadPool]: Databricks adapter: DatabricksDBTConnection(session-id=None, name=list_shopflow_analytics_cat_silver) - Creating connection
[0m18:22:02.170686 [debug] [ThreadPool]: Acquiring new databricks connection 'list_shopflow_analytics_cat_silver'
[0m18:22:02.172682 [debug] [ThreadPool]: Databricks adapter: DatabricksDBTConnection(session-id=None, name=list_shopflow_analytics_cat_gold) - Creating connection
[0m18:22:02.189637 [debug] [ThreadPool]: Using databricks connection "list_shopflow_analytics_cat_silver"
[0m18:22:02.195632 [debug] [ThreadPool]: Databricks adapter: DatabricksDBTConnection(session-id=None, name=list_shopflow_analytics_cat_bronze) - Creating connection
[0m18:22:02.197616 [debug] [ThreadPool]: Acquiring new databricks connection 'list_shopflow_analytics_cat_gold'
[0m18:22:02.199610 [debug] [ThreadPool]: On list_shopflow_analytics_cat_silver: /* {"app": "dbt", "dbt_version": "1.12.0", "dbt_databricks_version": "1.12.3", "databricks_sql_connector_version": "4.3.0", "profile_name": "shopflow_analytics", "target_name": "dev", "invocation_id": "973e3aac-21cc-4ce0-8499-4d915c48d159", "connection_name": "list_shopflow_analytics_cat_silver"} */

    
SELECT
  table_name,
  if(table_type IN ('EXTERNAL', 'MANAGED', 'MANAGED_SHALLOW_CLONE', 'EXTERNAL_SHALLOW_CLONE'), 'table', lower(table_type)) AS table_type,
  lower(data_source_format) AS file_format,
  table_owner,
  if(
    table_type IN (
      'EXTERNAL',
      'MANAGED',
      'MANAGED_SHALLOW_CLONE',
      'EXTERNAL_SHALLOW_CLONE'
    ),
    lower(table_type),
    NULL
  ) AS databricks_table_type
FROM `system`.`information_schema`.`tables`
WHERE table_catalog = 'shopflow_analytics_cat'
  AND table_schema = 'silver'

  
[0m18:22:02.200607 [debug] [ThreadPool]: Acquiring new databricks connection 'list_shopflow_analytics_cat_bronze'
[0m18:22:02.204596 [debug] [ThreadPool]: Using databricks connection "list_shopflow_analytics_cat_gold"
[0m18:22:02.206591 [debug] [ThreadPool]: Opening a new connection, currently in state init
[0m18:22:02.212574 [debug] [ThreadPool]: Using databricks connection "list_shopflow_analytics_cat_bronze"
[0m18:22:02.215567 [debug] [ThreadPool]: On list_shopflow_analytics_cat_gold: /* {"app": "dbt", "dbt_version": "1.12.0", "dbt_databricks_version": "1.12.3", "databricks_sql_connector_version": "4.3.0", "profile_name": "shopflow_analytics", "target_name": "dev", "invocation_id": "973e3aac-21cc-4ce0-8499-4d915c48d159", "connection_name": "list_shopflow_analytics_cat_gold"} */

    
SELECT
  table_name,
  if(table_type IN ('EXTERNAL', 'MANAGED', 'MANAGED_SHALLOW_CLONE', 'EXTERNAL_SHALLOW_CLONE'), 'table', lower(table_type)) AS table_type,
  lower(data_source_format) AS file_format,
  table_owner,
  if(
    table_type IN (
      'EXTERNAL',
      'MANAGED',
      'MANAGED_SHALLOW_CLONE',
      'EXTERNAL_SHALLOW_CLONE'
    ),
    lower(table_type),
    NULL
  ) AS databricks_table_type
FROM `system`.`information_schema`.`tables`
WHERE table_catalog = 'shopflow_analytics_cat'
  AND table_schema = 'gold'

  
[0m18:22:02.218558 [debug] [ThreadPool]: On list_shopflow_analytics_cat_bronze: /* {"app": "dbt", "dbt_version": "1.12.0", "dbt_databricks_version": "1.12.3", "databricks_sql_connector_version": "4.3.0", "profile_name": "shopflow_analytics", "target_name": "dev", "invocation_id": "973e3aac-21cc-4ce0-8499-4d915c48d159", "connection_name": "list_shopflow_analytics_cat_bronze"} */

    
SELECT
  table_name,
  if(table_type IN ('EXTERNAL', 'MANAGED', 'MANAGED_SHALLOW_CLONE', 'EXTERNAL_SHALLOW_CLONE'), 'table', lower(table_type)) AS table_type,
  lower(data_source_format) AS file_format,
  table_owner,
  if(
    table_type IN (
      'EXTERNAL',
      'MANAGED',
      'MANAGED_SHALLOW_CLONE',
      'EXTERNAL_SHALLOW_CLONE'
    ),
    lower(table_type),
    NULL
  ) AS databricks_table_type
FROM `system`.`information_schema`.`tables`
WHERE table_catalog = 'shopflow_analytics_cat'
  AND table_schema = 'bronze'

  
[0m18:22:02.220552 [debug] [ThreadPool]: Opening a new connection, currently in state init
[0m18:22:02.222549 [debug] [ThreadPool]: Opening a new connection, currently in state init
[0m18:22:03.784007 [debug] [ThreadPool]: Databricks adapter: Connection(session-id=01f18c32-cd7f-1c1c-881f-494f13234ed5) - Created
[0m18:22:03.785005 [debug] [ThreadPool]: Databricks adapter: Connection(session-id=01f18c32-cd82-1628-822f-18402c0a44ba) - Created
[0m18:22:03.785005 [debug] [ThreadPool]: Databricks adapter: Connection(session-id=01f18c32-cd80-19fc-a2ea-f7c69e2050a0) - Created
[0m18:22:04.465077 [debug] [ThreadPool]: SQL status: OK in 2.260 seconds
[0m18:22:04.475050 [debug] [ThreadPool]: Databricks adapter: Cursor(session-id=01f18c32-cd80-19fc-a2ea-f7c69e2050a0, command-id=01f18c32-cdba-19c0-8525-15d672831526) - Closing
[0m18:22:04.477040 [debug] [ThreadPool]: On list_shopflow_analytics_cat_silver: Close
[0m18:22:04.479040 [debug] [ThreadPool]: Databricks adapter: Connection(session-id=01f18c32-cd80-19fc-a2ea-f7c69e2050a0) - Closing
[0m18:22:04.602462 [debug] [ThreadPool]: SQL status: OK in 2.380 seconds
[0m18:22:04.611446 [debug] [ThreadPool]: Databricks adapter: Cursor(session-id=01f18c32-cd7f-1c1c-881f-494f13234ed5, command-id=01f18c32-cdb8-15fe-b447-6bd46986c1c8) - Closing
[0m18:22:04.664344 [debug] [ThreadPool]: On list_shopflow_analytics_cat_gold: Close
[0m18:22:04.665341 [debug] [ThreadPool]: Databricks adapter: Connection(session-id=01f18c32-cd7f-1c1c-881f-494f13234ed5) - Closing
[0m18:22:04.751247 [debug] [ThreadPool]: SQL status: OK in 2.530 seconds
[0m18:22:04.763665 [debug] [ThreadPool]: Databricks adapter: Cursor(session-id=01f18c32-cd82-1628-822f-18402c0a44ba, command-id=01f18c32-cdba-158f-83da-dd5fa96a7e71) - Closing
[0m18:22:04.861536 [debug] [ThreadPool]: On list_shopflow_analytics_cat_bronze: Close
[0m18:22:04.863580 [debug] [ThreadPool]: Databricks adapter: Connection(session-id=01f18c32-cd82-1628-822f-18402c0a44ba) - Closing
[0m18:22:05.078901 [debug] [MainThread]: Sending event: {'category': 'dbt', 'action': 'runnable_timing', 'label': '973e3aac-21cc-4ce0-8499-4d915c48d159', 'context': [<snowplow_tracker.self_describing_json.SelfDescribingJson object at 0x0000028A38181FA0>]}
[0m18:22:05.117804 [info ] [MainThread]: Starting shopflow_analytics run
[0m18:22:05.124954 [debug] [MainThread]: Writing injected SQL for node "operation.shopflow_analytics.shopflow_analytics-on-run-start-0"
[0m18:22:05.146718 [info ] [MainThread]: 1 of 1 START hook: shopflow_analytics.on-run-start.0 ........................... [RUN]
[0m18:22:05.149710 [info ] [MainThread]: 1 of 1 OK hook: shopflow_analytics.on-run-start.0 .............................. [[32mOK[0m in 0.07s]
[0m18:22:05.152701 [info ] [MainThread]: 
[0m18:22:05.168659 [debug] [Thread-3 (]: Began running node seed.shopflow_analytics.raw_customers
[0m18:22:05.170653 [info ] [Thread-3 (]: 1 of 1 START seed file bronze.raw_customers .................................... [RUN]
[0m18:22:05.174643 [debug] [Thread-3 (]: Databricks adapter: DatabricksDBTConnection(session-id=None, name=seed.shopflow_analytics.raw_customers) - Creating connection
[0m18:22:05.176635 [debug] [Thread-3 (]: Acquiring new databricks connection 'seed.shopflow_analytics.raw_customers'
[0m18:22:05.178632 [debug] [Thread-3 (]: Began compiling node seed.shopflow_analytics.raw_customers
[0m18:22:05.179628 [debug] [Thread-3 (]: Began executing node seed.shopflow_analytics.raw_customers
[0m18:22:05.303296 [debug] [Thread-3 (]: Using databricks connection "seed.shopflow_analytics.raw_customers"
[0m18:22:05.306288 [debug] [Thread-3 (]: On seed.shopflow_analytics.raw_customers: /* {"app": "dbt", "dbt_version": "1.12.0", "dbt_databricks_version": "1.12.3", "databricks_sql_connector_version": "4.3.0", "profile_name": "shopflow_analytics", "target_name": "dev", "invocation_id": "973e3aac-21cc-4ce0-8499-4d915c48d159", "node_id": "seed.shopflow_analytics.raw_customers"} */

    create or replace table `shopflow_analytics_cat`.`bronze`.`raw_customers` (`customer_id` string ,`first_name` string ,`last_name` string ,`email` string ,`country` string ,`created_at` timestamp )
    
    using delta
  
    
    
    
    
    
  
[0m18:22:05.307286 [debug] [Thread-3 (]: Opening a new connection, currently in state init
[0m18:22:06.167779 [debug] [Thread-3 (]: Databricks adapter: Connection(session-id=01f18c32-cef0-1ba8-8a49-cade9fb0ef23) - Created
[0m18:22:07.878035 [debug] [Thread-3 (]: SQL status: OK in 2.570 seconds
[0m18:22:07.883021 [debug] [Thread-3 (]: Databricks adapter: Cursor(session-id=01f18c32-cef0-1ba8-8a49-cade9fb0ef23, command-id=01f18c32-cf13-1bd0-ba04-7328b0d988d3) - Closing
[0m18:22:07.972442 [debug] [Thread-3 (]: Using databricks connection "seed.shopflow_analytics.raw_customers"
[0m18:22:07.974436 [debug] [Thread-3 (]: On seed.shopflow_analytics.raw_customers: 
          insert overwrite `shopflow_analytics_cat`.`bronze`.`raw_customers` values
          (%s,%s,%s,%s,%s,%s),(%s,%s,%s,%s,%s,%s)
      ...
[0m18:22:09.521135 [debug] [Thread-3 (]: SQL status: OK in 1.540 seconds
[0m18:22:09.523478 [debug] [Thread-3 (]: Databricks adapter: Cursor(session-id=01f18c32-cef0-1ba8-8a49-cade9fb0ef23, command-id=01f18c32-d028-10f0-9a2f-3381a1e483d6) - Closing
[0m18:22:09.561510 [debug] [Thread-3 (]: Writing runtime SQL for node "seed.shopflow_analytics.raw_customers"
[0m18:22:09.639300 [debug] [Thread-3 (]: On seed.shopflow_analytics.raw_customers: Close
[0m18:22:09.640299 [debug] [Thread-3 (]: Databricks adapter: Connection(session-id=01f18c32-cef0-1ba8-8a49-cade9fb0ef23) - Closing
[0m18:22:09.840203 [debug] [Thread-3 (]: Sending event: {'category': 'dbt', 'action': 'run_model', 'label': '973e3aac-21cc-4ce0-8499-4d915c48d159', 'context': [<snowplow_tracker.self_describing_json.SelfDescribingJson object at 0x0000028A3F3CFF80>]}
[0m18:22:09.843193 [info ] [Thread-3 (]: 1 of 1 OK loaded seed file bronze.raw_customers ................................ [[32mCREATE 2[0m in 4.66s]
[0m18:22:09.847182 [debug] [Thread-3 (]: Finished running node seed.shopflow_analytics.raw_customers
[0m18:22:09.852171 [debug] [MainThread]: Databricks adapter: DatabricksDBTConnection(session-id=None, name=master) - Creating connection
[0m18:22:09.853167 [debug] [MainThread]: Acquiring new databricks connection 'master'
[0m18:22:09.854164 [info ] [MainThread]: 
[0m18:22:09.858153 [info ] [MainThread]: Finished shopflow_analytics run
[0m18:22:09.879610 [debug] [MainThread]: Writing injected SQL for node "operation.shopflow_analytics.shopflow_analytics-on-run-end-0"
[0m18:22:09.880606 [info ] [MainThread]: 1 of 1 START hook: shopflow_analytics.on-run-end.0 ............................. [RUN]
[0m18:22:09.883598 [info ] [MainThread]: 1 of 1 OK hook: shopflow_analytics.on-run-end.0 ................................ [[32mOK[0m in 0.03s]
[0m18:22:09.899557 [info ] [MainThread]: 
[0m18:22:09.906537 [info ] [MainThread]: Finished running 2 project hooks, 1 seed in 0 hours 0 minutes and 12.98 seconds (12.98s).
[0m18:22:09.912521 [debug] [MainThread]: Command end result
[0m18:22:10.025602 [debug] [MainThread]: Wrote artifact WritableManifest to C:\Users\Utilisateur\Desktop\Auto E TS\Datanoumrite\DBT ENG PROJECT\ddd-engineering-project\target\manifest.json
[0m18:22:10.031588 [debug] [MainThread]: Wrote artifact SemanticManifest to C:\Users\Utilisateur\Desktop\Auto E TS\Datanoumrite\DBT ENG PROJECT\ddd-engineering-project\target\semantic_manifest.json
[0m18:22:10.040567 [debug] [MainThread]: Wrote artifact OsiDocument to C:\Users\Utilisateur\Desktop\Auto E TS\Datanoumrite\DBT ENG PROJECT\ddd-engineering-project\target\osi_document.json
[0m18:22:10.059512 [debug] [MainThread]: Wrote artifact RunExecutionResult to C:\Users\Utilisateur\Desktop\Auto E TS\Datanoumrite\DBT ENG PROJECT\ddd-engineering-project\target\run_results.json
[0m18:22:10.059512 [info ] [MainThread]: 
[0m18:22:10.060509 [info ] [MainThread]: [32mCompleted successfully[0m
[0m18:22:10.061507 [info ] [MainThread]: 
[0m18:22:10.061507 [info ] [MainThread]: Done. PASS=3 WARN=0 ERROR=0 SKIP=0 NO-OP=0 REUSED=0 TOTAL=3
[0m18:22:10.063502 [debug] [MainThread]: Command `dbt seed` succeeded at 18:22:10.063502 after 21.70 seconds
[0m18:22:10.064499 [debug] [MainThread]: Sending event: {'category': 'dbt', 'action': 'invocation', 'label': 'end', 'context': [<snowplow_tracker.self_describing_json.SelfDescribingJson object at 0x0000028A2FF5A6C0>, <snowplow_tracker.self_describing_json.SelfDescribingJson object at 0x0000028A336BF2F0>, <snowplow_tracker.self_describing_json.SelfDescribingJson object at 0x0000028A336BF290>]}
[0m18:22:10.064499 [debug] [MainThread]: Flushing usage events
[0m18:22:11.278120 [debug] [MainThread]: An error was encountered while trying to flush usage events
[0m18:27:05.789554 [debug] [MainThread]: Sending event: {'category': 'dbt', 'action': 'invocation', 'label': 'start', 'context': [<snowplow_tracker.self_describing_json.SelfDescribingJson object at 0x000001EE89AC4740>, <snowplow_tracker.self_describing_json.SelfDescribingJson object at 0x000001EE873F2660>, <snowplow_tracker.self_describing_json.SelfDescribingJson object at 0x000001EE89AC4830>]}


============================== 18:27:05.803516 | db374e2f-2a6e-43d9-97c2-1f2e2bdf036e ==============================
[0m18:27:05.803516 [info ] [MainThread]: Running with dbt=1.12.0
[0m18:27:05.805511 [debug] [MainThread]: running dbt with arguments {'version_check': 'True', 'no_print': 'None', 'maximum_seed_size_mib': '1', 'warn_error_options': 'WarnErrorOptionsV2(error=[], warn=[], silence=[])', 'target_path': 'None', 'static_parser': 'True', 'printer_width': '80', 'write_json': 'True', 'introspect': 'True', 'log_cache_events': 'False', 'empty': 'False', 'cache_selected_only': 'False', 'log_format': 'default', 'debug': 'False', 'fail_fast': 'False', 'partial_parse': 'True', 'send_anonymous_usage_stats': 'True', 'quiet': 'False', 'warn_error': 'None', 'profiles_dir': 'C:\\Users\\Utilisateur\\Desktop\\Auto E TS\\Datanoumrite\\DBT ENG PROJECT\\ddd-engineering-project', 'indirect_selection': 'eager', 'hints_enabled': 'True', 'invocation_command': 'dbt snapshot', 'use_experimental_parser': 'False', 'use_colors': 'True', 'log_path': 'C:\\Users\\Utilisateur\\Desktop\\Auto E TS\\Datanoumrite\\DBT ENG PROJECT\\ddd-engineering-project\\logs'}
[0m18:27:11.050869 [debug] [MainThread]: Spark adapter: Setting pyhive.hive logging to ERROR
[0m18:27:11.051864 [debug] [MainThread]: Spark adapter: Setting thrift.transport logging to ERROR
[0m18:27:11.051864 [debug] [MainThread]: Spark adapter: Setting thrift.protocol logging to ERROR
[0m18:27:16.692217 [debug] [MainThread]: Sending event: {'category': 'dbt', 'action': 'project_id', 'label': 'db374e2f-2a6e-43d9-97c2-1f2e2bdf036e', 'context': [<snowplow_tracker.self_describing_json.SelfDescribingJson object at 0x000001EE939E3B90>]}
[0m18:27:17.189145 [debug] [MainThread]: Sending event: {'category': 'dbt', 'action': 'adapter_info', 'label': 'db374e2f-2a6e-43d9-97c2-1f2e2bdf036e', 'context': [<snowplow_tracker.self_describing_json.SelfDescribingJson object at 0x000001EE9214F560>]}
[0m18:27:17.190145 [info ] [MainThread]: Registered adapter: databricks=1.12.3
[0m18:27:18.846178 [debug] [MainThread]: checksum: 084b7dca7de436582dfd47cda807ce894c1aacc971f621924e28a9827d1c7273, vars: {}, profile: shopflow_analytics, target: dev, version: 1.12.0
[0m18:27:19.545561 [debug] [MainThread]: Partial parsing enabled: 0 files deleted, 0 files added, 0 files changed.
[0m18:27:19.548561 [debug] [MainThread]: Nothing changed, skipping partial parsing.
[0m18:27:19.549551 [debug] [MainThread]: Partial parsing enabled, no changes found, skipping parsing
[0m18:27:19.573487 [debug] [MainThread]: Sending event: {'category': 'dbt', 'action': 'load_project', 'label': 'db374e2f-2a6e-43d9-97c2-1f2e2bdf036e', 'context': [<snowplow_tracker.self_describing_json.SelfDescribingJson object at 0x000001EE939E1400>]}
[0m18:27:20.252769 [debug] [MainThread]: Wrote artifact WritableManifest to C:\Users\Utilisateur\Desktop\Auto E TS\Datanoumrite\DBT ENG PROJECT\ddd-engineering-project\target\manifest.json
[0m18:27:20.267334 [debug] [MainThread]: Wrote artifact SemanticManifest to C:\Users\Utilisateur\Desktop\Auto E TS\Datanoumrite\DBT ENG PROJECT\ddd-engineering-project\target\semantic_manifest.json
[0m18:27:20.376425 [debug] [MainThread]: Wrote artifact OsiDocument to C:\Users\Utilisateur\Desktop\Auto E TS\Datanoumrite\DBT ENG PROJECT\ddd-engineering-project\target\osi_document.json
[0m18:27:20.425744 [debug] [MainThread]: Sending event: {'category': 'dbt', 'action': 'resource_counts', 'label': 'db374e2f-2a6e-43d9-97c2-1f2e2bdf036e', 'context': [<snowplow_tracker.self_describing_json.SelfDescribingJson object at 0x000001EE93F118B0>]}
[0m18:27:20.425744 [info ] [MainThread]: Found 8 models, 1 snapshot, 37 data tests, 4 seeds, 2 operations, 3 exposures, 888 macros
[0m18:27:20.426741 [debug] [MainThread]: Sending event: {'category': 'dbt', 'action': 'runnable_timing', 'label': 'db374e2f-2a6e-43d9-97c2-1f2e2bdf036e', 'context': [<snowplow_tracker.self_describing_json.SelfDescribingJson object at 0x000001EE93D2FAD0>]}
[0m18:27:20.435717 [info ] [MainThread]: 
[0m18:27:20.436715 [info ] [MainThread]: Concurrency: 4 threads (target='dev')
[0m18:27:20.437712 [info ] [MainThread]: 
[0m18:27:20.438710 [debug] [MainThread]: Databricks adapter: DatabricksDBTConnection(session-id=None, name=master) - Creating connection
[0m18:27:20.439708 [debug] [MainThread]: Acquiring new databricks connection 'master'
[0m18:27:20.441702 [debug] [ThreadPool]: Databricks adapter: DatabricksDBTConnection(session-id=None, name=list_shopflow_analytics_cat) - Creating connection
[0m18:27:20.442699 [debug] [ThreadPool]: Acquiring new databricks connection 'list_shopflow_analytics_cat'
[0m18:27:20.503554 [debug] [ThreadPool]: Using databricks connection "list_shopflow_analytics_cat"
[0m18:27:20.504543 [debug] [ThreadPool]: On list_shopflow_analytics_cat: /* {"app": "dbt", "dbt_version": "1.12.0", "dbt_databricks_version": "1.12.3", "databricks_sql_connector_version": "4.3.0", "profile_name": "shopflow_analytics", "target_name": "dev", "invocation_id": "db374e2f-2a6e-43d9-97c2-1f2e2bdf036e", "connection_name": "list_shopflow_analytics_cat"} */

    

  SHOW SCHEMAS IN `shopflow_analytics_cat`


  
[0m18:27:20.505540 [debug] [ThreadPool]: Opening a new connection, currently in state init
[0m18:27:25.032533 [debug] [ThreadPool]: Databricks adapter: Connection(session-id=01f18c33-8cb3-1889-a96e-41536dd7f657) - Created
[0m18:27:25.527514 [debug] [ThreadPool]: SQL status: OK in 5.020 seconds
[0m18:27:25.562408 [debug] [ThreadPool]: Databricks adapter: Cursor(session-id=01f18c33-8cb3-1889-a96e-41536dd7f657, command-id=01f18c33-8d24-1bad-8114-6c2ff3ff1171) - Closing
[0m18:27:25.564397 [debug] [ThreadPool]: On list_shopflow_analytics_cat: Close
[0m18:27:25.565394 [debug] [ThreadPool]: Databricks adapter: Connection(session-id=01f18c33-8cb3-1889-a96e-41536dd7f657) - Closing
[0m18:27:25.799343 [debug] [ThreadPool]: Databricks adapter: DatabricksDBTConnection(session-id=None, name=list_shopflow_analytics_cat_silver) - Creating connection
[0m18:27:25.800337 [debug] [ThreadPool]: Acquiring new databricks connection 'list_shopflow_analytics_cat_silver'
[0m18:27:25.801335 [debug] [ThreadPool]: Databricks adapter: DatabricksDBTConnection(session-id=None, name=list_shopflow_analytics_cat_bronze) - Creating connection
[0m18:27:25.810311 [debug] [ThreadPool]: Using databricks connection "list_shopflow_analytics_cat_silver"
[0m18:27:25.812307 [debug] [ThreadPool]: Acquiring new databricks connection 'list_shopflow_analytics_cat_bronze'
[0m18:27:25.813303 [debug] [ThreadPool]: Databricks adapter: DatabricksDBTConnection(session-id=None, name=list_shopflow_analytics_cat_gold) - Creating connection
[0m18:27:25.814300 [debug] [ThreadPool]: On list_shopflow_analytics_cat_silver: /* {"app": "dbt", "dbt_version": "1.12.0", "dbt_databricks_version": "1.12.3", "databricks_sql_connector_version": "4.3.0", "profile_name": "shopflow_analytics", "target_name": "dev", "invocation_id": "db374e2f-2a6e-43d9-97c2-1f2e2bdf036e", "connection_name": "list_shopflow_analytics_cat_silver"} */

    
SELECT
  table_name,
  if(table_type IN ('EXTERNAL', 'MANAGED', 'MANAGED_SHALLOW_CLONE', 'EXTERNAL_SHALLOW_CLONE'), 'table', lower(table_type)) AS table_type,
  lower(data_source_format) AS file_format,
  table_owner,
  if(
    table_type IN (
      'EXTERNAL',
      'MANAGED',
      'MANAGED_SHALLOW_CLONE',
      'EXTERNAL_SHALLOW_CLONE'
    ),
    lower(table_type),
    NULL
  ) AS databricks_table_type
FROM `system`.`information_schema`.`tables`
WHERE table_catalog = 'shopflow_analytics_cat'
  AND table_schema = 'silver'

  
[0m18:27:25.816294 [debug] [ThreadPool]: Using databricks connection "list_shopflow_analytics_cat_bronze"
[0m18:27:25.817291 [debug] [ThreadPool]: Acquiring new databricks connection 'list_shopflow_analytics_cat_gold'
[0m18:27:25.817291 [debug] [ThreadPool]: Opening a new connection, currently in state init
[0m18:27:25.818290 [debug] [ThreadPool]: On list_shopflow_analytics_cat_bronze: /* {"app": "dbt", "dbt_version": "1.12.0", "dbt_databricks_version": "1.12.3", "databricks_sql_connector_version": "4.3.0", "profile_name": "shopflow_analytics", "target_name": "dev", "invocation_id": "db374e2f-2a6e-43d9-97c2-1f2e2bdf036e", "connection_name": "list_shopflow_analytics_cat_bronze"} */

    
SELECT
  table_name,
  if(table_type IN ('EXTERNAL', 'MANAGED', 'MANAGED_SHALLOW_CLONE', 'EXTERNAL_SHALLOW_CLONE'), 'table', lower(table_type)) AS table_type,
  lower(data_source_format) AS file_format,
  table_owner,
  if(
    table_type IN (
      'EXTERNAL',
      'MANAGED',
      'MANAGED_SHALLOW_CLONE',
      'EXTERNAL_SHALLOW_CLONE'
    ),
    lower(table_type),
    NULL
  ) AS databricks_table_type
FROM `system`.`information_schema`.`tables`
WHERE table_catalog = 'shopflow_analytics_cat'
  AND table_schema = 'bronze'

  
[0m18:27:25.820284 [debug] [ThreadPool]: Using databricks connection "list_shopflow_analytics_cat_gold"
[0m18:27:25.820284 [debug] [ThreadPool]: Opening a new connection, currently in state init
[0m18:27:25.821281 [debug] [ThreadPool]: On list_shopflow_analytics_cat_gold: /* {"app": "dbt", "dbt_version": "1.12.0", "dbt_databricks_version": "1.12.3", "databricks_sql_connector_version": "4.3.0", "profile_name": "shopflow_analytics", "target_name": "dev", "invocation_id": "db374e2f-2a6e-43d9-97c2-1f2e2bdf036e", "connection_name": "list_shopflow_analytics_cat_gold"} */

    
SELECT
  table_name,
  if(table_type IN ('EXTERNAL', 'MANAGED', 'MANAGED_SHALLOW_CLONE', 'EXTERNAL_SHALLOW_CLONE'), 'table', lower(table_type)) AS table_type,
  lower(data_source_format) AS file_format,
  table_owner,
  if(
    table_type IN (
      'EXTERNAL',
      'MANAGED',
      'MANAGED_SHALLOW_CLONE',
      'EXTERNAL_SHALLOW_CLONE'
    ),
    lower(table_type),
    NULL
  ) AS databricks_table_type
FROM `system`.`information_schema`.`tables`
WHERE table_catalog = 'shopflow_analytics_cat'
  AND table_schema = 'gold'

  
[0m18:27:25.822278 [debug] [ThreadPool]: Opening a new connection, currently in state init
[0m18:27:27.014206 [debug] [ThreadPool]: Databricks adapter: Connection(session-id=01f18c33-8e2f-16a3-a320-f7a52cf0fb50) - Created
[0m18:27:27.014206 [debug] [ThreadPool]: Databricks adapter: Connection(session-id=01f18c33-8e32-1d47-9016-2a8af411d428) - Created
[0m18:27:27.015203 [debug] [ThreadPool]: Databricks adapter: Connection(session-id=01f18c33-8e38-1309-a013-c3d964429a68) - Created
[0m18:27:27.656279 [debug] [ThreadPool]: SQL status: OK in 1.830 seconds
[0m18:27:27.671236 [debug] [ThreadPool]: Databricks adapter: Cursor(session-id=01f18c33-8e2f-16a3-a320-f7a52cf0fb50, command-id=01f18c33-8e52-1290-883a-323575ffe3d3) - Closing
[0m18:27:27.677221 [debug] [ThreadPool]: On list_shopflow_analytics_cat_gold: Close
[0m18:27:27.677221 [debug] [ThreadPool]: Databricks adapter: Connection(session-id=01f18c33-8e2f-16a3-a320-f7a52cf0fb50) - Closing
[0m18:27:27.735065 [debug] [ThreadPool]: SQL status: OK in 1.920 seconds
[0m18:27:27.738056 [debug] [ThreadPool]: Databricks adapter: Cursor(session-id=01f18c33-8e32-1d47-9016-2a8af411d428, command-id=01f18c33-8e53-125f-89c5-36cac7cbb26e) - Closing
[0m18:27:27.845531 [debug] [ThreadPool]: On list_shopflow_analytics_cat_silver: Close
[0m18:27:27.846526 [debug] [ThreadPool]: Databricks adapter: Connection(session-id=01f18c33-8e32-1d47-9016-2a8af411d428) - Closing
[0m18:27:27.874517 [debug] [ThreadPool]: SQL status: OK in 2.050 seconds
[0m18:27:27.879503 [debug] [ThreadPool]: Databricks adapter: Cursor(session-id=01f18c33-8e38-1309-a013-c3d964429a68, command-id=01f18c33-8e55-115c-ab9f-fadf021dabd1) - Closing
[0m18:27:28.047629 [debug] [ThreadPool]: On list_shopflow_analytics_cat_bronze: Close
[0m18:27:28.049584 [debug] [ThreadPool]: Databricks adapter: Connection(session-id=01f18c33-8e38-1309-a013-c3d964429a68) - Closing
[0m18:27:28.282712 [debug] [MainThread]: Sending event: {'category': 'dbt', 'action': 'runnable_timing', 'label': 'db374e2f-2a6e-43d9-97c2-1f2e2bdf036e', 'context': [<snowplow_tracker.self_describing_json.SelfDescribingJson object at 0x000001EE85569A90>]}
[0m18:27:28.328433 [info ] [MainThread]: Starting shopflow_analytics run
[0m18:27:28.331422 [debug] [MainThread]: Writing injected SQL for node "operation.shopflow_analytics.shopflow_analytics-on-run-start-0"
[0m18:27:28.380291 [info ] [MainThread]: 1 of 1 START hook: shopflow_analytics.on-run-start.0 ........................... [RUN]
[0m18:27:28.382284 [info ] [MainThread]: 1 of 1 OK hook: shopflow_analytics.on-run-start.0 .............................. [[32mOK[0m in 0.10s]
[0m18:27:28.383281 [info ] [MainThread]: 
[0m18:27:28.409217 [debug] [Thread-3 (]: Began running node snapshot.shopflow_analytics.scd_customers
[0m18:27:28.414208 [info ] [Thread-3 (]: 1 of 1 START snapshot gold.scd_customers ....................................... [RUN]
[0m18:27:28.416192 [debug] [Thread-3 (]: Databricks adapter: DatabricksDBTConnection(session-id=None, name=snapshot.shopflow_analytics.scd_customers) - Creating connection
[0m18:27:28.418193 [debug] [Thread-3 (]: Acquiring new databricks connection 'snapshot.shopflow_analytics.scd_customers'
[0m18:27:28.419190 [debug] [Thread-3 (]: Began compiling node snapshot.shopflow_analytics.scd_customers
[0m18:27:28.431155 [debug] [Thread-3 (]: Writing injected SQL for node "snapshot.shopflow_analytics.scd_customers"
[0m18:27:28.433146 [debug] [Thread-3 (]: Began executing node snapshot.shopflow_analytics.scd_customers
[0m18:27:28.546600 [debug] [Thread-3 (]: Using databricks connection "snapshot.shopflow_analytics.scd_customers"
[0m18:27:28.547599 [debug] [Thread-3 (]: On snapshot.shopflow_analytics.scd_customers: /* {"app": "dbt", "dbt_version": "1.12.0", "dbt_databricks_version": "1.12.3", "databricks_sql_connector_version": "4.3.0", "profile_name": "shopflow_analytics", "target_name": "dev", "invocation_id": "db374e2f-2a6e-43d9-97c2-1f2e2bdf036e", "node_id": "snapshot.shopflow_analytics.scd_customers"} */
select * from (
        select first_name, last_name, email, country from (
                

select
    customer_id,
    trim(first_name) as first_name,
    trim(last_name) as last_name,
    lower(trim(email)) as email,
    upper(trim(country)) as country,
    created_at
from `shopflow_analytics_cat`.`bronze`.`raw_customers`
            ) subq
    ) as __dbt_sbq
    where false
    limit 0

    
[0m18:27:28.547599 [debug] [Thread-3 (]: Opening a new connection, currently in state init
[0m18:27:29.413688 [debug] [Thread-3 (]: Databricks adapter: Connection(session-id=01f18c33-8f9e-1820-b8fd-11d56346aa38) - Created
[0m18:27:30.058046 [debug] [Thread-3 (]: SQL status: OK in 1.510 seconds
[0m18:27:30.066024 [debug] [Thread-3 (]: Databricks adapter: Cursor(session-id=01f18c33-8f9e-1820-b8fd-11d56346aa38, command-id=01f18c33-8fc2-1e08-8fbd-6fdfd255d981) - Closing
[0m18:27:30.077991 [debug] [Thread-3 (]: Using databricks connection "snapshot.shopflow_analytics.scd_customers"
[0m18:27:30.080982 [debug] [Thread-3 (]: On snapshot.shopflow_analytics.scd_customers: /* {"app": "dbt", "dbt_version": "1.12.0", "dbt_databricks_version": "1.12.3", "databricks_sql_connector_version": "4.3.0", "profile_name": "shopflow_analytics", "target_name": "dev", "invocation_id": "db374e2f-2a6e-43d9-97c2-1f2e2bdf036e", "node_id": "snapshot.shopflow_analytics.scd_customers"} */

    
  DESCRIBE TABLE EXTENDED `shopflow_analytics_cat`.`gold`.`scd_customers` AS JSON

  
[0m18:27:30.691943 [debug] [Thread-3 (]: SQL status: OK in 0.610 seconds
[0m18:27:30.698922 [debug] [Thread-3 (]: Databricks adapter: Cursor(session-id=01f18c33-8f9e-1820-b8fd-11d56346aa38, command-id=01f18c33-9028-1fb5-819b-a9e25f4b42dc) - Closing
[0m18:27:30.714870 [debug] [Thread-3 (]: Using databricks connection "snapshot.shopflow_analytics.scd_customers"
[0m18:27:30.715868 [debug] [Thread-3 (]: On snapshot.shopflow_analytics.scd_customers: /* {"app": "dbt", "dbt_version": "1.12.0", "dbt_databricks_version": "1.12.3", "databricks_sql_connector_version": "4.3.0", "profile_name": "shopflow_analytics", "target_name": "dev", "invocation_id": "db374e2f-2a6e-43d9-97c2-1f2e2bdf036e", "node_id": "snapshot.shopflow_analytics.scd_customers"} */

    
  DESCRIBE TABLE EXTENDED `shopflow_analytics_cat`.`gold`.`scd_customers` AS JSON

  
[0m18:27:31.588376 [debug] [Thread-3 (]: SQL status: OK in 0.870 seconds
[0m18:27:31.599939 [debug] [Thread-3 (]: Databricks adapter: Cursor(session-id=01f18c33-8f9e-1820-b8fd-11d56346aa38, command-id=01f18c33-908a-11a7-8d2b-e87f399ca6c0) - Closing
[0m18:27:31.714630 [debug] [Thread-3 (]: Using databricks connection "snapshot.shopflow_analytics.scd_customers"
[0m18:27:31.714630 [debug] [Thread-3 (]: On snapshot.shopflow_analytics.scd_customers: /* {"app": "dbt", "dbt_version": "1.12.0", "dbt_databricks_version": "1.12.3", "databricks_sql_connector_version": "4.3.0", "profile_name": "shopflow_analytics", "target_name": "dev", "invocation_id": "db374e2f-2a6e-43d9-97c2-1f2e2bdf036e", "node_id": "snapshot.shopflow_analytics.scd_customers"} */

        
  
    create or replace temporary view `scd_customers__dbt_tmp` as
      
    
    with snapshot_query as (

        select
    customer_id,
    trim(first_name) as first_name,
    trim(last_name) as last_name,
    lower(trim(email)) as email,
    upper(trim(country)) as country,
    created_at
from `shopflow_analytics_cat`.`bronze`.`raw_customers`

    ),

    snapshotted_data as (

        select *, 
    
        customer_id as dbt_unique_key
    

        from `shopflow_analytics_cat`.`gold`.`scd_customers`
        where
            
                dbt_valid_to is null
            

    ),

    insertions_source_data as (

        select *, 
    
        customer_id as dbt_unique_key
    
,
            
    current_timestamp()
 as dbt_updated_at,
            
    current_timestamp()
 as dbt_valid_from,
            
  
  coalesce(nullif(
    current_timestamp()
, 
    current_timestamp()
), null)
  as dbt_valid_to
,
            md5(coalesce(cast(customer_id as string ), '')
         || '|' || coalesce(cast(
    current_timestamp()
 as string ), '')
        ) as dbt_scd_id

        from snapshot_query
    ),

    updates_source_data as (

        select *, 
    
        customer_id as dbt_unique_key
    
,
            
    current_timestamp()
 as dbt_updated_at,
            
    current_timestamp()
 as dbt_valid_from,
            
    current_timestamp()
 as dbt_valid_to

        from snapshot_query
    ),

    insertions as (

        select
            'insert' as dbt_change_type,
            source_data.*

        from insertions_source_data as source_data
        left outer join snapshotted_data
            on 
    
        snapshotted_data.dbt_unique_key = source_data.dbt_unique_key
    

            where 
    
        snapshotted_data.dbt_unique_key is null
    

            or (
    
        snapshotted_data.dbt_unique_key is not null
    
 and (
                (snapshotted_data.`first_name` != source_data.`first_name`
        or
        (
            ((snapshotted_data.`first_name` is null) and not (source_data.`first_name` is null))
            or
            ((not snapshotted_data.`first_name` is null) and (source_data.`first_name` is null))
        ) or snapshotted_data.`last_name` != source_data.`last_name`
        or
        (
            ((snapshotted_data.`last_name` is null) and not (source_data.`last_name` is null))
            or
            ((not snapshotted_data.`last_name` is null) and (source_data.`last_name` is null))
        ) or snapshotted_data.`email` != source_data.`email`
        or
        (
            ((snapshotted_data.`email` is null) and not (source_data.`email` is null))
            or
            ((not snapshotted_data.`email` is null) and (source_data.`email` is null))
        ) or snapshotted_data.`country` != source_data.`country`
        or
        (
            ((snapshotted_data.`country` is null) and not (source_data.`country` is null))
            or
            ((not snapshotted_data.`country` is null) and (source_data.`country` is null))
        ))
            )

        )

    ),

    updates as (

        select
            'update' as dbt_change_type,
            source_data.*,
            snapshotted_data.dbt_scd_id

        from updates_source_data as source_data
        join snapshotted_data
            on 
    
        snapshotted_data.dbt_unique_key = source_data.dbt_unique_key
    

        where (
            (snapshotted_data.`first_name` != source_data.`first_name`
        or
        (
            ((snapshotted_data.`first_name` is null) and not (source_data.`first_name` is null))
            or
            ((not snapshotted_data.`first_name` is null) and (source_data.`first_name` is null))
        ) or snapshotted_data.`last_name` != source_data.`last_name`
        or
        (
            ((snapshotted_data.`last_name` is null) and not (source_data.`last_name` is null))
            or
            ((not snapshotted_data.`last_name` is null) and (source_data.`last_name` is null))
        ) or snapshotted_data.`email` != source_data.`email`
        or
        (
            ((snapshotted_data.`email` is null) and not (source_data.`email` is null))
            or
            ((not snapshotted_data.`email` is null) and (source_data.`email` is null))
        ) or snapshotted_data.`country` != source_data.`country`
        or
        (
            ((snapshotted_data.`country` is null) and not (source_data.`country` is null))
            or
            ((not snapshotted_data.`country` is null) and (source_data.`country` is null))
        ))
        )
    )

    select * from insertions
    union all
    select * from updates

  
    
[0m18:27:32.410529 [debug] [Thread-3 (]: SQL status: OK in 0.690 seconds
[0m18:27:32.421500 [debug] [Thread-3 (]: Databricks adapter: Cursor(session-id=01f18c33-8f9e-1820-b8fd-11d56346aa38, command-id=01f18c33-9121-1d5e-83f1-4c98fd280f1c) - Closing
[0m18:27:32.432471 [debug] [Thread-3 (]: Using databricks connection "snapshot.shopflow_analytics.scd_customers"
[0m18:27:32.439452 [debug] [Thread-3 (]: On snapshot.shopflow_analytics.scd_customers: /* {"app": "dbt", "dbt_version": "1.12.0", "dbt_databricks_version": "1.12.3", "databricks_sql_connector_version": "4.3.0", "profile_name": "shopflow_analytics", "target_name": "dev", "invocation_id": "db374e2f-2a6e-43d9-97c2-1f2e2bdf036e", "node_id": "snapshot.shopflow_analytics.scd_customers"} */

    
  DESCRIBE TABLE EXTENDED `scd_customers__dbt_tmp` AS JSON

  
[0m18:27:32.813408 [debug] [Thread-3 (]: SQL status: OK in 0.370 seconds
[0m18:27:32.821389 [debug] [Thread-3 (]: Databricks adapter: Cursor(session-id=01f18c33-8f9e-1820-b8fd-11d56346aa38, command-id=01f18c33-9190-1de0-bc58-29f3a92fbbbf) - Closing
[0m18:27:32.826375 [debug] [Thread-3 (]: Using databricks connection "snapshot.shopflow_analytics.scd_customers"
[0m18:27:32.827372 [debug] [Thread-3 (]: On snapshot.shopflow_analytics.scd_customers: /* {"app": "dbt", "dbt_version": "1.12.0", "dbt_databricks_version": "1.12.3", "databricks_sql_connector_version": "4.3.0", "profile_name": "shopflow_analytics", "target_name": "dev", "invocation_id": "db374e2f-2a6e-43d9-97c2-1f2e2bdf036e", "node_id": "snapshot.shopflow_analytics.scd_customers"} */

    
  DESCRIBE TABLE EXTENDED `shopflow_analytics_cat`.`gold`.`scd_customers` AS JSON

  
[0m18:27:33.596535 [debug] [Thread-3 (]: SQL status: OK in 0.770 seconds
[0m18:27:33.606507 [debug] [Thread-3 (]: Databricks adapter: Cursor(session-id=01f18c33-8f9e-1820-b8fd-11d56346aa38, command-id=01f18c33-91cb-1c8f-b62e-be80189c9563) - Closing
[0m18:27:33.616477 [debug] [Thread-3 (]: Using databricks connection "snapshot.shopflow_analytics.scd_customers"
[0m18:27:33.623461 [debug] [Thread-3 (]: On snapshot.shopflow_analytics.scd_customers: /* {"app": "dbt", "dbt_version": "1.12.0", "dbt_databricks_version": "1.12.3", "databricks_sql_connector_version": "4.3.0", "profile_name": "shopflow_analytics", "target_name": "dev", "invocation_id": "db374e2f-2a6e-43d9-97c2-1f2e2bdf036e", "node_id": "snapshot.shopflow_analytics.scd_customers"} */

    
  DESCRIBE TABLE EXTENDED `scd_customers__dbt_tmp` AS JSON

  
[0m18:27:33.978889 [debug] [Thread-3 (]: SQL status: OK in 0.350 seconds
[0m18:27:33.990858 [debug] [Thread-3 (]: Databricks adapter: Cursor(session-id=01f18c33-8f9e-1820-b8fd-11d56346aa38, command-id=01f18c33-9245-16f8-b79c-ac4f95993400) - Closing
[0m18:27:33.995844 [debug] [Thread-3 (]: Using databricks connection "snapshot.shopflow_analytics.scd_customers"
[0m18:27:33.998836 [debug] [Thread-3 (]: On snapshot.shopflow_analytics.scd_customers: /* {"app": "dbt", "dbt_version": "1.12.0", "dbt_databricks_version": "1.12.3", "databricks_sql_connector_version": "4.3.0", "profile_name": "shopflow_analytics", "target_name": "dev", "invocation_id": "db374e2f-2a6e-43d9-97c2-1f2e2bdf036e", "node_id": "snapshot.shopflow_analytics.scd_customers"} */

    
  DESCRIBE TABLE EXTENDED `shopflow_analytics_cat`.`gold`.`scd_customers` AS JSON

  
[0m18:27:34.563136 [debug] [Thread-3 (]: SQL status: OK in 0.560 seconds
[0m18:27:34.575653 [debug] [Thread-3 (]: Databricks adapter: Cursor(session-id=01f18c33-8f9e-1820-b8fd-11d56346aa38, command-id=01f18c33-9280-10ed-bf34-36905b080b8b) - Closing
[0m18:27:34.648398 [debug] [Thread-3 (]: Using databricks connection "snapshot.shopflow_analytics.scd_customers"
[0m18:27:34.650381 [debug] [Thread-3 (]: On snapshot.shopflow_analytics.scd_customers: /* {"app": "dbt", "dbt_version": "1.12.0", "dbt_databricks_version": "1.12.3", "databricks_sql_connector_version": "4.3.0", "profile_name": "shopflow_analytics", "target_name": "dev", "invocation_id": "db374e2f-2a6e-43d9-97c2-1f2e2bdf036e", "node_id": "snapshot.shopflow_analytics.scd_customers"} */

    
  DESCRIBE TABLE EXTENDED `scd_customers__dbt_tmp` AS JSON

  
[0m18:27:35.201941 [debug] [Thread-3 (]: SQL status: OK in 0.550 seconds
[0m18:27:35.205933 [debug] [Thread-3 (]: Databricks adapter: Cursor(session-id=01f18c33-8f9e-1820-b8fd-11d56346aa38, command-id=01f18c33-92e2-1e2c-b75d-10b431816e72) - Closing
[0m18:27:35.231900 [debug] [Thread-3 (]: Using databricks connection "snapshot.shopflow_analytics.scd_customers"
[0m18:27:35.232899 [debug] [Thread-3 (]: On snapshot.shopflow_analytics.scd_customers: /* {"app": "dbt", "dbt_version": "1.12.0", "dbt_databricks_version": "1.12.3", "databricks_sql_connector_version": "4.3.0", "profile_name": "shopflow_analytics", "target_name": "dev", "invocation_id": "db374e2f-2a6e-43d9-97c2-1f2e2bdf036e", "node_id": "snapshot.shopflow_analytics.scd_customers"} */
select * from (
        
    
    with snapshot_query as (

        select
    customer_id,
    trim(first_name) as first_name,
    trim(last_name) as last_name,
    lower(trim(email)) as email,
    upper(trim(country)) as country,
    created_at
from `shopflow_analytics_cat`.`bronze`.`raw_customers`

    ),

    snapshotted_data as (

        select *, 
    
        customer_id as dbt_unique_key
    

        from `shopflow_analytics_cat`.`gold`.`scd_customers`
        where
            
                dbt_valid_to is null
            

    ),

    insertions_source_data as (

        select *, 
    
        customer_id as dbt_unique_key
    
,
            
    current_timestamp()
 as dbt_updated_at,
            
    current_timestamp()
 as dbt_valid_from,
            
  
  coalesce(nullif(
    current_timestamp()
, 
    current_timestamp()
), null)
  as dbt_valid_to
,
            md5(coalesce(cast(customer_id as string ), '')
         || '|' || coalesce(cast(
    current_timestamp()
 as string ), '')
        ) as dbt_scd_id

        from snapshot_query
    ),

    updates_source_data as (

        select *, 
    
        customer_id as dbt_unique_key
    
,
            
    current_timestamp()
 as dbt_updated_at,
            
    current_timestamp()
 as dbt_valid_from,
            
    current_timestamp()
 as dbt_valid_to

        from snapshot_query
    ),

    insertions as (

        select
            'insert' as dbt_change_type,
            source_data.*

        from insertions_source_data as source_data
        left outer join snapshotted_data
            on 
    
        snapshotted_data.dbt_unique_key = source_data.dbt_unique_key
    

            where 
    
        snapshotted_data.dbt_unique_key is null
    

            or (
    
        snapshotted_data.dbt_unique_key is not null
    
 and (
                (snapshotted_data.`first_name` != source_data.`first_name`
        or
        (
            ((snapshotted_data.`first_name` is null) and not (source_data.`first_name` is null))
            or
            ((not snapshotted_data.`first_name` is null) and (source_data.`first_name` is null))
        ) or snapshotted_data.`last_name` != source_data.`last_name`
        or
        (
            ((snapshotted_data.`last_name` is null) and not (source_data.`last_name` is null))
            or
            ((not snapshotted_data.`last_name` is null) and (source_data.`last_name` is null))
        ) or snapshotted_data.`email` != source_data.`email`
        or
        (
            ((snapshotted_data.`email` is null) and not (source_data.`email` is null))
            or
            ((not snapshotted_data.`email` is null) and (source_data.`email` is null))
        ) or snapshotted_data.`country` != source_data.`country`
        or
        (
            ((snapshotted_data.`country` is null) and not (source_data.`country` is null))
            or
            ((not snapshotted_data.`country` is null) and (source_data.`country` is null))
        ))
            )

        )

    ),

    updates as (

        select
            'update' as dbt_change_type,
            source_data.*,
            snapshotted_data.dbt_scd_id

        from updates_source_data as source_data
        join snapshotted_data
            on 
    
        snapshotted_data.dbt_unique_key = source_data.dbt_unique_key
    

        where (
            (snapshotted_data.`first_name` != source_data.`first_name`
        or
        (
            ((snapshotted_data.`first_name` is null) and not (source_data.`first_name` is null))
            or
            ((not snapshotted_data.`first_name` is null) and (source_data.`first_name` is null))
        ) or snapshotted_data.`last_name` != source_data.`last_name`
        or
        (
            ((snapshotted_data.`last_name` is null) and not (source_data.`last_name` is null))
            or
            ((not snapshotted_data.`last_name` is null) and (source_data.`last_name` is null))
        ) or snapshotted_data.`email` != source_data.`email`
        or
        (
            ((snapshotted_data.`email` is null) and not (source_data.`email` is null))
            or
            ((not snapshotted_data.`email` is null) and (source_data.`email` is null))
        ) or snapshotted_data.`country` != source_data.`country`
        or
        (
            ((snapshotted_data.`country` is null) and not (source_data.`country` is null))
            or
            ((not snapshotted_data.`country` is null) and (source_data.`country` is null))
        ))
        )
    )

    select * from insertions
    union all
    select * from updates

    ) as __dbt_sbq
    where false
    limit 0

[0m18:27:35.975514 [debug] [Thread-3 (]: SQL status: OK in 0.740 seconds
[0m18:27:35.985479 [debug] [Thread-3 (]: Using databricks connection "snapshot.shopflow_analytics.scd_customers"
[0m18:27:35.985479 [debug] [Thread-3 (]: On snapshot.shopflow_analytics.scd_customers: /* {"app": "dbt", "dbt_version": "1.12.0", "dbt_databricks_version": "1.12.3", "databricks_sql_connector_version": "4.3.0", "profile_name": "shopflow_analytics", "target_name": "dev", "invocation_id": "db374e2f-2a6e-43d9-97c2-1f2e2bdf036e", "node_id": "snapshot.shopflow_analytics.scd_customers"} */
select * from (
        select 
    current_timestamp()
 as dbt_snapshot_time
    ) as __dbt_sbq
    where false
    limit 0

[0m18:27:35.986476 [debug] [Thread-3 (]: Databricks adapter: Cursor(session-id=01f18c33-8f9e-1820-b8fd-11d56346aa38, command-id=01f18c33-933b-183a-939e-458727430ef9) - Closing
[0m18:27:36.269209 [debug] [Thread-3 (]: SQL status: OK in 0.280 seconds
[0m18:27:36.270206 [debug] [Thread-3 (]: Writing runtime sql for node "snapshot.shopflow_analytics.scd_customers"
[0m18:27:36.272201 [debug] [Thread-3 (]: Using databricks connection "snapshot.shopflow_analytics.scd_customers"
[0m18:27:36.273201 [debug] [Thread-3 (]: On snapshot.shopflow_analytics.scd_customers: /* {"app": "dbt", "dbt_version": "1.12.0", "dbt_databricks_version": "1.12.3", "databricks_sql_connector_version": "4.3.0", "profile_name": "shopflow_analytics", "target_name": "dev", "invocation_id": "db374e2f-2a6e-43d9-97c2-1f2e2bdf036e", "node_id": "snapshot.shopflow_analytics.scd_customers"} */

      merge into `shopflow_analytics_cat`.`gold`.`scd_customers` as DBT_INTERNAL_DEST
        using `scd_customers__dbt_tmp` as DBT_INTERNAL_SOURCE
    on DBT_INTERNAL_SOURCE.`dbt_scd_id` = DBT_INTERNAL_DEST.`dbt_scd_id`
    when matched
        and DBT_INTERNAL_DEST.`dbt_valid_to` is null
        and DBT_INTERNAL_SOURCE.`dbt_change_type` in ('update', 'delete')
        then update
        set `dbt_valid_to` = DBT_INTERNAL_SOURCE.`dbt_valid_to`

    when not matched
        and DBT_INTERNAL_SOURCE.`dbt_change_type` = 'insert'
        then insert (`customer_id`, `first_name`, `last_name`, `email`, `country`, `created_at`, `dbt_updated_at`, `dbt_valid_from`, `dbt_valid_to`, `dbt_scd_id`)
        values (`customer_id`, `first_name`, `last_name`, `email`, `country`, `created_at`, `dbt_updated_at`, `dbt_valid_from`, `dbt_valid_to`, `dbt_scd_id`)
    ;

  
[0m18:27:36.274195 [debug] [Thread-3 (]: Databricks adapter: Cursor(session-id=01f18c33-8f9e-1820-b8fd-11d56346aa38, command-id=01f18c33-93ad-1b6b-a2c6-8f708cb1b994) - Closing
[0m18:27:42.656989 [debug] [Thread-3 (]: SQL status: OK in 6.380 seconds
[0m18:27:42.664968 [debug] [Thread-3 (]: Databricks adapter: Cursor(session-id=01f18c33-8f9e-1820-b8fd-11d56346aa38, command-id=01f18c33-93d9-1874-87e8-a900fcdcd6b2) - Closing
[0m18:27:42.935151 [debug] [Thread-3 (]: Applying DROP to: `scd_customers__dbt_tmp`
[0m18:27:42.941135 [debug] [Thread-3 (]: Using databricks connection "snapshot.shopflow_analytics.scd_customers"
[0m18:27:42.942132 [debug] [Thread-3 (]: On snapshot.shopflow_analytics.scd_customers: /* {"app": "dbt", "dbt_version": "1.12.0", "dbt_databricks_version": "1.12.3", "databricks_sql_connector_version": "4.3.0", "profile_name": "shopflow_analytics", "target_name": "dev", "invocation_id": "db374e2f-2a6e-43d9-97c2-1f2e2bdf036e", "node_id": "snapshot.shopflow_analytics.scd_customers"} */
DROP VIEW IF EXISTS `scd_customers__dbt_tmp`
[0m18:27:43.346368 [debug] [Thread-3 (]: SQL status: OK in 0.400 seconds
[0m18:27:43.351352 [debug] [Thread-3 (]: Databricks adapter: Cursor(session-id=01f18c33-8f9e-1820-b8fd-11d56346aa38, command-id=01f18c33-97e1-1edb-801a-066c1f7536cf) - Closing
[0m18:27:43.412685 [debug] [Thread-3 (]: On snapshot.shopflow_analytics.scd_customers: Close
[0m18:27:43.414680 [debug] [Thread-3 (]: Databricks adapter: Connection(session-id=01f18c33-8f9e-1820-b8fd-11d56346aa38) - Closing
[0m18:27:43.648985 [debug] [Thread-3 (]: Sending event: {'category': 'dbt', 'action': 'run_model', 'label': 'db374e2f-2a6e-43d9-97c2-1f2e2bdf036e', 'context': [<snowplow_tracker.self_describing_json.SelfDescribingJson object at 0x000001EE93A846E0>]}
[0m18:27:43.652973 [info ] [Thread-3 (]: 1 of 1 OK snapshotted gold.scd_customers ....................................... [[32mOK[0m in 15.22s]
[0m18:27:43.656963 [debug] [Thread-3 (]: Finished running node snapshot.shopflow_analytics.scd_customers
[0m18:27:43.665929 [debug] [MainThread]: Databricks adapter: DatabricksDBTConnection(session-id=None, name=master) - Creating connection
[0m18:27:43.666926 [debug] [MainThread]: Acquiring new databricks connection 'master'
[0m18:27:43.667923 [info ] [MainThread]: 
[0m18:27:43.675916 [info ] [MainThread]: Finished shopflow_analytics run
[0m18:27:43.680857 [debug] [MainThread]: Writing injected SQL for node "operation.shopflow_analytics.shopflow_analytics-on-run-end-0"
[0m18:27:43.681855 [info ] [MainThread]: 1 of 1 START hook: shopflow_analytics.on-run-end.0 ............................. [RUN]
[0m18:27:43.683848 [info ] [MainThread]: 1 of 1 OK hook: shopflow_analytics.on-run-end.0 ................................ [[32mOK[0m in 0.01s]
[0m18:27:43.685844 [info ] [MainThread]: 
[0m18:27:43.698809 [info ] [MainThread]: Finished running 2 project hooks, 1 snapshot in 0 hours 0 minutes and 23.25 seconds (23.25s).
[0m18:27:43.700803 [debug] [MainThread]: Command end result
[0m18:27:43.829526 [debug] [MainThread]: Wrote artifact WritableManifest to C:\Users\Utilisateur\Desktop\Auto E TS\Datanoumrite\DBT ENG PROJECT\ddd-engineering-project\target\manifest.json
[0m18:27:43.835510 [debug] [MainThread]: Wrote artifact SemanticManifest to C:\Users\Utilisateur\Desktop\Auto E TS\Datanoumrite\DBT ENG PROJECT\ddd-engineering-project\target\semantic_manifest.json
[0m18:27:43.839499 [debug] [MainThread]: Wrote artifact OsiDocument to C:\Users\Utilisateur\Desktop\Auto E TS\Datanoumrite\DBT ENG PROJECT\ddd-engineering-project\target\osi_document.json
[0m18:27:43.851467 [debug] [MainThread]: Wrote artifact RunExecutionResult to C:\Users\Utilisateur\Desktop\Auto E TS\Datanoumrite\DBT ENG PROJECT\ddd-engineering-project\target\run_results.json
[0m18:27:43.852465 [info ] [MainThread]: 
[0m18:27:43.853463 [info ] [MainThread]: [32mCompleted successfully[0m
[0m18:27:43.853463 [info ] [MainThread]: 
[0m18:27:43.854459 [info ] [MainThread]: Done. PASS=3 WARN=0 ERROR=0 SKIP=0 NO-OP=0 REUSED=0 TOTAL=3
[0m18:27:43.855457 [debug] [MainThread]: Command `dbt snapshot` succeeded at 18:27:43.855457 after 38.62 seconds
[0m18:27:43.855457 [debug] [MainThread]: Sending event: {'category': 'dbt', 'action': 'invocation', 'label': 'end', 'context': [<snowplow_tracker.self_describing_json.SelfDescribingJson object at 0x000001EE879797C0>, <snowplow_tracker.self_describing_json.SelfDescribingJson object at 0x000001EE87F2FD70>, <snowplow_tracker.self_describing_json.SelfDescribingJson object at 0x000001EE87F2C5C0>]}
[0m18:27:43.856454 [debug] [MainThread]: Flushing usage events
[0m18:27:44.995797 [debug] [MainThread]: An error was encountered while trying to flush usage events
[0m18:44:35.941760 [debug] [MainThread]: Sending event: {'category': 'dbt', 'action': 'invocation', 'label': 'start', 'context': [<snowplow_tracker.self_describing_json.SelfDescribingJson object at 0x000001EA3B666AB0>, <snowplow_tracker.self_describing_json.SelfDescribingJson object at 0x000001EA3B4CA000>, <snowplow_tracker.self_describing_json.SelfDescribingJson object at 0x000001EA3AEF82C0>]}


============================== 18:44:35.948598 | 67863b9a-c270-4a33-989a-fe9e13f8805a ==============================
[0m18:44:35.948598 [info ] [MainThread]: Running with dbt=1.12.0
[0m18:44:35.949594 [debug] [MainThread]: running dbt with arguments {'version_check': 'True', 'no_print': 'None', 'maximum_seed_size_mib': '1', 'target_path': 'None', 'static_parser': 'True', 'warn_error_options': 'WarnErrorOptionsV2(error=[], warn=[], silence=[])', 'printer_width': '80', 'write_json': 'True', 'empty': 'False', 'log_cache_events': 'False', 'introspect': 'True', 'cache_selected_only': 'False', 'log_format': 'default', 'debug': 'False', 'fail_fast': 'False', 'partial_parse': 'True', 'send_anonymous_usage_stats': 'True', 'quiet': 'False', 'warn_error': 'None', 'profiles_dir': 'C:\\Users\\Utilisateur\\Desktop\\Auto E TS\\Datanoumrite\\DBT ENG PROJECT\\ddd-engineering-project', 'invocation_command': 'dbt seed', 'hints_enabled': 'True', 'indirect_selection': 'eager', 'use_experimental_parser': 'False', 'use_colors': 'True', 'log_path': 'C:\\Users\\Utilisateur\\Desktop\\Auto E TS\\Datanoumrite\\DBT ENG PROJECT\\ddd-engineering-project\\logs'}
[0m18:44:37.651306 [debug] [MainThread]: Spark adapter: Setting pyhive.hive logging to ERROR
[0m18:44:37.651306 [debug] [MainThread]: Spark adapter: Setting thrift.transport logging to ERROR
[0m18:44:37.652303 [debug] [MainThread]: Spark adapter: Setting thrift.protocol logging to ERROR
[0m18:44:39.333901 [debug] [MainThread]: Sending event: {'category': 'dbt', 'action': 'project_id', 'label': '67863b9a-c270-4a33-989a-fe9e13f8805a', 'context': [<snowplow_tracker.self_describing_json.SelfDescribingJson object at 0x000001EA3F1E0980>]}
[0m18:44:39.442612 [debug] [MainThread]: Sending event: {'category': 'dbt', 'action': 'adapter_info', 'label': '67863b9a-c270-4a33-989a-fe9e13f8805a', 'context': [<snowplow_tracker.self_describing_json.SelfDescribingJson object at 0x000001EA448F13A0>]}
[0m18:44:39.444605 [info ] [MainThread]: Registered adapter: databricks=1.12.3
[0m18:44:40.100631 [debug] [MainThread]: checksum: 084b7dca7de436582dfd47cda807ce894c1aacc971f621924e28a9827d1c7273, vars: {}, profile: shopflow_analytics, target: dev, version: 1.12.0
[0m18:44:40.466199 [debug] [MainThread]: Partial parsing enabled: 0 files deleted, 0 files added, 0 files changed.
[0m18:44:40.467237 [debug] [MainThread]: Nothing changed, skipping partial parsing.
[0m18:44:40.467237 [debug] [MainThread]: Partial parsing enabled, no changes found, skipping parsing
[0m18:44:40.484188 [debug] [MainThread]: Sending event: {'category': 'dbt', 'action': 'load_project', 'label': '67863b9a-c270-4a33-989a-fe9e13f8805a', 'context': [<snowplow_tracker.self_describing_json.SelfDescribingJson object at 0x000001EA46EC9790>]}
[0m18:44:40.847869 [debug] [MainThread]: Wrote artifact WritableManifest to C:\Users\Utilisateur\Desktop\Auto E TS\Datanoumrite\DBT ENG PROJECT\ddd-engineering-project\target\manifest.json
[0m18:44:40.851817 [debug] [MainThread]: Wrote artifact SemanticManifest to C:\Users\Utilisateur\Desktop\Auto E TS\Datanoumrite\DBT ENG PROJECT\ddd-engineering-project\target\semantic_manifest.json
[0m18:44:40.900217 [debug] [MainThread]: Wrote artifact OsiDocument to C:\Users\Utilisateur\Desktop\Auto E TS\Datanoumrite\DBT ENG PROJECT\ddd-engineering-project\target\osi_document.json
[0m18:44:40.927264 [debug] [MainThread]: Sending event: {'category': 'dbt', 'action': 'resource_counts', 'label': '67863b9a-c270-4a33-989a-fe9e13f8805a', 'context': [<snowplow_tracker.self_describing_json.SelfDescribingJson object at 0x000001EA4782FE30>]}
[0m18:44:40.927264 [info ] [MainThread]: Found 8 models, 1 snapshot, 37 data tests, 4 seeds, 2 operations, 3 exposures, 888 macros
[0m18:44:40.928222 [debug] [MainThread]: Sending event: {'category': 'dbt', 'action': 'runnable_timing', 'label': '67863b9a-c270-4a33-989a-fe9e13f8805a', 'context': [<snowplow_tracker.self_describing_json.SelfDescribingJson object at 0x000001EA471D5700>]}
[0m18:44:40.931249 [info ] [MainThread]: 
[0m18:44:40.932210 [info ] [MainThread]: Concurrency: 4 threads (target='dev')
[0m18:44:40.933208 [info ] [MainThread]: 
[0m18:44:40.934205 [debug] [MainThread]: Databricks adapter: DatabricksDBTConnection(session-id=None, name=master) - Creating connection
[0m18:44:40.935244 [debug] [MainThread]: Acquiring new databricks connection 'master'
[0m18:44:40.949168 [debug] [ThreadPool]: Databricks adapter: DatabricksDBTConnection(session-id=None, name=list_shopflow_analytics_cat) - Creating connection
[0m18:44:40.950164 [debug] [ThreadPool]: Acquiring new databricks connection 'list_shopflow_analytics_cat'
[0m18:44:40.984887 [debug] [ThreadPool]: Using databricks connection "list_shopflow_analytics_cat"
[0m18:44:40.984887 [debug] [ThreadPool]: On list_shopflow_analytics_cat: /* {"app": "dbt", "dbt_version": "1.12.0", "dbt_databricks_version": "1.12.3", "databricks_sql_connector_version": "4.3.0", "profile_name": "shopflow_analytics", "target_name": "dev", "invocation_id": "67863b9a-c270-4a33-989a-fe9e13f8805a", "connection_name": "list_shopflow_analytics_cat"} */

    

  SHOW SCHEMAS IN `shopflow_analytics_cat`


  
[0m18:44:40.985885 [debug] [ThreadPool]: Opening a new connection, currently in state init
[0m18:44:45.441188 [debug] [ThreadPool]: Databricks adapter: Connection(session-id=01f18c35-f8c7-140f-8d53-51c3f35f7f49) - Created
[0m18:44:46.156418 [debug] [ThreadPool]: SQL status: OK in 5.170 seconds
[0m18:44:46.169383 [debug] [ThreadPool]: Databricks adapter: Cursor(session-id=01f18c35-f8c7-140f-8d53-51c3f35f7f49, command-id=01f18c35-f94b-1575-a18e-d061ba7afa75) - Closing
[0m18:44:46.170379 [debug] [ThreadPool]: On list_shopflow_analytics_cat: Close
[0m18:44:46.171376 [debug] [ThreadPool]: Databricks adapter: Connection(session-id=01f18c35-f8c7-140f-8d53-51c3f35f7f49) - Closing
[0m18:44:46.478472 [debug] [ThreadPool]: Databricks adapter: DatabricksDBTConnection(session-id=None, name=list_shopflow_analytics_cat_gold) - Creating connection
[0m18:44:46.481463 [debug] [ThreadPool]: Acquiring new databricks connection 'list_shopflow_analytics_cat_gold'
[0m18:44:46.482460 [debug] [ThreadPool]: Databricks adapter: DatabricksDBTConnection(session-id=None, name=list_shopflow_analytics_cat_bronze) - Creating connection
[0m18:44:46.499416 [debug] [ThreadPool]: Using databricks connection "list_shopflow_analytics_cat_gold"
[0m18:44:46.500412 [debug] [ThreadPool]: Acquiring new databricks connection 'list_shopflow_analytics_cat_bronze'
[0m18:44:46.502408 [debug] [ThreadPool]: Databricks adapter: DatabricksDBTConnection(session-id=None, name=list_shopflow_analytics_cat_silver) - Creating connection
[0m18:44:46.505399 [debug] [ThreadPool]: On list_shopflow_analytics_cat_gold: /* {"app": "dbt", "dbt_version": "1.12.0", "dbt_databricks_version": "1.12.3", "databricks_sql_connector_version": "4.3.0", "profile_name": "shopflow_analytics", "target_name": "dev", "invocation_id": "67863b9a-c270-4a33-989a-fe9e13f8805a", "connection_name": "list_shopflow_analytics_cat_gold"} */

    
SELECT
  table_name,
  if(table_type IN ('EXTERNAL', 'MANAGED', 'MANAGED_SHALLOW_CLONE', 'EXTERNAL_SHALLOW_CLONE'), 'table', lower(table_type)) AS table_type,
  lower(data_source_format) AS file_format,
  table_owner,
  if(
    table_type IN (
      'EXTERNAL',
      'MANAGED',
      'MANAGED_SHALLOW_CLONE',
      'EXTERNAL_SHALLOW_CLONE'
    ),
    lower(table_type),
    NULL
  ) AS databricks_table_type
FROM `system`.`information_schema`.`tables`
WHERE table_catalog = 'shopflow_analytics_cat'
  AND table_schema = 'gold'

  
[0m18:44:46.508390 [debug] [ThreadPool]: Using databricks connection "list_shopflow_analytics_cat_bronze"
[0m18:44:46.509388 [debug] [ThreadPool]: Acquiring new databricks connection 'list_shopflow_analytics_cat_silver'
[0m18:44:46.510385 [debug] [ThreadPool]: Opening a new connection, currently in state init
[0m18:44:46.511383 [debug] [ThreadPool]: On list_shopflow_analytics_cat_bronze: /* {"app": "dbt", "dbt_version": "1.12.0", "dbt_databricks_version": "1.12.3", "databricks_sql_connector_version": "4.3.0", "profile_name": "shopflow_analytics", "target_name": "dev", "invocation_id": "67863b9a-c270-4a33-989a-fe9e13f8805a", "connection_name": "list_shopflow_analytics_cat_bronze"} */

    
SELECT
  table_name,
  if(table_type IN ('EXTERNAL', 'MANAGED', 'MANAGED_SHALLOW_CLONE', 'EXTERNAL_SHALLOW_CLONE'), 'table', lower(table_type)) AS table_type,
  lower(data_source_format) AS file_format,
  table_owner,
  if(
    table_type IN (
      'EXTERNAL',
      'MANAGED',
      'MANAGED_SHALLOW_CLONE',
      'EXTERNAL_SHALLOW_CLONE'
    ),
    lower(table_type),
    NULL
  ) AS databricks_table_type
FROM `system`.`information_schema`.`tables`
WHERE table_catalog = 'shopflow_analytics_cat'
  AND table_schema = 'bronze'

  
[0m18:44:46.513377 [debug] [ThreadPool]: Using databricks connection "list_shopflow_analytics_cat_silver"
[0m18:44:46.515372 [debug] [ThreadPool]: Opening a new connection, currently in state init
[0m18:44:46.516369 [debug] [ThreadPool]: On list_shopflow_analytics_cat_silver: /* {"app": "dbt", "dbt_version": "1.12.0", "dbt_databricks_version": "1.12.3", "databricks_sql_connector_version": "4.3.0", "profile_name": "shopflow_analytics", "target_name": "dev", "invocation_id": "67863b9a-c270-4a33-989a-fe9e13f8805a", "connection_name": "list_shopflow_analytics_cat_silver"} */

    
SELECT
  table_name,
  if(table_type IN ('EXTERNAL', 'MANAGED', 'MANAGED_SHALLOW_CLONE', 'EXTERNAL_SHALLOW_CLONE'), 'table', lower(table_type)) AS table_type,
  lower(data_source_format) AS file_format,
  table_owner,
  if(
    table_type IN (
      'EXTERNAL',
      'MANAGED',
      'MANAGED_SHALLOW_CLONE',
      'EXTERNAL_SHALLOW_CLONE'
    ),
    lower(table_type),
    NULL
  ) AS databricks_table_type
FROM `system`.`information_schema`.`tables`
WHERE table_catalog = 'shopflow_analytics_cat'
  AND table_schema = 'silver'

  
[0m18:44:46.517366 [debug] [ThreadPool]: Opening a new connection, currently in state init
[0m18:44:47.887984 [debug] [ThreadPool]: Databricks adapter: Connection(session-id=01f18c35-fa9a-1dc3-9cbb-20044df93ab7) - Created
[0m18:44:47.888993 [debug] [ThreadPool]: Databricks adapter: Connection(session-id=01f18c35-fa9c-13bc-bbb9-1a3784519910) - Created
[0m18:44:47.889977 [debug] [ThreadPool]: Databricks adapter: Connection(session-id=01f18c35-fa9d-1bc1-9db0-10d974ab1de7) - Created
[0m18:44:49.336828 [debug] [ThreadPool]: SQL status: OK in 2.820 seconds
[0m18:44:49.351260 [debug] [ThreadPool]: Databricks adapter: Cursor(session-id=01f18c35-fa9c-13bc-bbb9-1a3784519910, command-id=01f18c35-fac2-135c-b912-cdda6f6265a8) - Closing
[0m18:44:49.357245 [debug] [ThreadPool]: On list_shopflow_analytics_cat_bronze: Close
[0m18:44:49.362230 [debug] [ThreadPool]: Databricks adapter: Connection(session-id=01f18c35-fa9c-13bc-bbb9-1a3784519910) - Closing
[0m18:44:49.391152 [debug] [ThreadPool]: SQL status: OK in 2.880 seconds
[0m18:44:49.399128 [debug] [ThreadPool]: Databricks adapter: Cursor(session-id=01f18c35-fa9d-1bc1-9db0-10d974ab1de7, command-id=01f18c35-fac3-1774-ae12-656e29df4df8) - Closing
[0m18:44:49.476784 [debug] [ThreadPool]: SQL status: OK in 2.960 seconds
[0m18:44:49.489751 [debug] [ThreadPool]: Databricks adapter: Cursor(session-id=01f18c35-fa9a-1dc3-9cbb-20044df93ab7, command-id=01f18c35-fac1-1a0b-99bb-810779ac1ff9) - Closing
[0m18:44:49.598091 [debug] [ThreadPool]: On list_shopflow_analytics_cat_gold: Close
[0m18:44:49.606069 [debug] [ThreadPool]: Databricks adapter: Connection(session-id=01f18c35-fa9d-1bc1-9db0-10d974ab1de7) - Closing
[0m18:44:49.821712 [debug] [ThreadPool]: On list_shopflow_analytics_cat_silver: Close
[0m18:44:49.823707 [debug] [ThreadPool]: Databricks adapter: Connection(session-id=01f18c35-fa9a-1dc3-9cbb-20044df93ab7) - Closing
[0m18:44:50.045794 [debug] [MainThread]: Sending event: {'category': 'dbt', 'action': 'runnable_timing', 'label': '67863b9a-c270-4a33-989a-fe9e13f8805a', 'context': [<snowplow_tracker.self_describing_json.SelfDescribingJson object at 0x000001EA3D20AF90>]}
[0m18:44:50.064742 [info ] [MainThread]: Starting shopflow_analytics run
[0m18:44:50.071726 [debug] [MainThread]: Writing injected SQL for node "operation.shopflow_analytics.shopflow_analytics-on-run-start-0"
[0m18:44:50.088677 [info ] [MainThread]: 1 of 1 START hook: shopflow_analytics.on-run-start.0 ........................... [RUN]
[0m18:44:50.090672 [info ] [MainThread]: 1 of 1 OK hook: shopflow_analytics.on-run-start.0 .............................. [[32mOK[0m in 0.04s]
[0m18:44:50.092666 [info ] [MainThread]: 
[0m18:44:50.120591 [debug] [Thread-3 (]: Began running node seed.shopflow_analytics.raw_customers
[0m18:44:50.122586 [debug] [Thread-4 (]: Began running node seed.shopflow_analytics.raw_order_items
[0m18:44:50.136088 [debug] [Thread-5 (]: Began running node seed.shopflow_analytics.raw_orders
[0m18:44:50.141080 [debug] [Thread-6 (]: Began running node seed.shopflow_analytics.raw_products
[0m18:44:50.121588 [info ] [Thread-3 (]: 1 of 4 START seed file bronze.raw_customers .................................... [RUN]
[0m18:44:50.162018 [debug] [Thread-3 (]: Databricks adapter: DatabricksDBTConnection(session-id=None, name=seed.shopflow_analytics.raw_customers) - Creating connection
[0m18:44:50.163016 [debug] [Thread-3 (]: Acquiring new databricks connection 'seed.shopflow_analytics.raw_customers'
[0m18:44:50.164012 [debug] [Thread-3 (]: Began compiling node seed.shopflow_analytics.raw_customers
[0m18:44:50.165011 [debug] [Thread-3 (]: Began executing node seed.shopflow_analytics.raw_customers
[0m18:44:50.131562 [info ] [Thread-4 (]: 2 of 4 START seed file bronze.raw_order_items .................................. [RUN]
[0m18:44:50.138082 [info ] [Thread-5 (]: 3 of 4 START seed file bronze.raw_orders ....................................... [RUN]
[0m18:44:50.214876 [debug] [Thread-4 (]: Databricks adapter: DatabricksDBTConnection(session-id=None, name=seed.shopflow_analytics.raw_order_items) - Creating connection
[0m18:44:50.142072 [info ] [Thread-6 (]: 4 of 4 START seed file bronze.raw_products ..................................... [RUN]
[0m18:44:50.226852 [debug] [Thread-5 (]: Databricks adapter: DatabricksDBTConnection(session-id=None, name=seed.shopflow_analytics.raw_orders) - Creating connection
[0m18:44:50.227842 [debug] [Thread-4 (]: Acquiring new databricks connection 'seed.shopflow_analytics.raw_order_items'
[0m18:44:50.228838 [debug] [Thread-6 (]: Databricks adapter: DatabricksDBTConnection(session-id=None, name=seed.shopflow_analytics.raw_products) - Creating connection
[0m18:44:50.228838 [debug] [Thread-5 (]: Acquiring new databricks connection 'seed.shopflow_analytics.raw_orders'
[0m18:44:50.229837 [debug] [Thread-4 (]: Began compiling node seed.shopflow_analytics.raw_order_items
[0m18:44:50.229837 [debug] [Thread-6 (]: Acquiring new databricks connection 'seed.shopflow_analytics.raw_products'
[0m18:44:50.230833 [debug] [Thread-5 (]: Began compiling node seed.shopflow_analytics.raw_orders
[0m18:44:50.234345 [debug] [Thread-4 (]: Began executing node seed.shopflow_analytics.raw_order_items
[0m18:44:50.238507 [debug] [Thread-6 (]: Began compiling node seed.shopflow_analytics.raw_products
[0m18:44:50.240322 [debug] [Thread-5 (]: Began executing node seed.shopflow_analytics.raw_orders
[0m18:44:50.247669 [debug] [Thread-6 (]: Began executing node seed.shopflow_analytics.raw_products
[0m18:44:50.335435 [debug] [Thread-3 (]: Using databricks connection "seed.shopflow_analytics.raw_customers"
[0m18:44:50.340421 [debug] [Thread-4 (]: Using databricks connection "seed.shopflow_analytics.raw_order_items"
[0m18:44:50.340421 [debug] [Thread-3 (]: On seed.shopflow_analytics.raw_customers: /* {"app": "dbt", "dbt_version": "1.12.0", "dbt_databricks_version": "1.12.3", "databricks_sql_connector_version": "4.3.0", "profile_name": "shopflow_analytics", "target_name": "dev", "invocation_id": "67863b9a-c270-4a33-989a-fe9e13f8805a", "node_id": "seed.shopflow_analytics.raw_customers"} */

    create or replace table `shopflow_analytics_cat`.`bronze`.`raw_customers` (`customer_id` string ,`first_name` string ,`last_name` string ,`email` string ,`country` string ,`created_at` timestamp )
    
    using delta
  
    
    
    
    
    
  
[0m18:44:50.341418 [debug] [Thread-4 (]: On seed.shopflow_analytics.raw_order_items: /* {"app": "dbt", "dbt_version": "1.12.0", "dbt_databricks_version": "1.12.3", "databricks_sql_connector_version": "4.3.0", "profile_name": "shopflow_analytics", "target_name": "dev", "invocation_id": "67863b9a-c270-4a33-989a-fe9e13f8805a", "node_id": "seed.shopflow_analytics.raw_order_items"} */

    create or replace table `shopflow_analytics_cat`.`bronze`.`raw_order_items` (`order_item_id` string ,`order_id` string ,`product_id` string ,`quantity` int ,`unit_price` double )
    
    using delta
  
    
    
    
    
    
  
[0m18:44:50.342416 [debug] [Thread-3 (]: Opening a new connection, currently in state init
[0m18:44:50.345409 [debug] [Thread-5 (]: Using databricks connection "seed.shopflow_analytics.raw_orders"
[0m18:44:50.346406 [debug] [Thread-4 (]: Opening a new connection, currently in state init
[0m18:44:50.347402 [debug] [Thread-5 (]: On seed.shopflow_analytics.raw_orders: /* {"app": "dbt", "dbt_version": "1.12.0", "dbt_databricks_version": "1.12.3", "databricks_sql_connector_version": "4.3.0", "profile_name": "shopflow_analytics", "target_name": "dev", "invocation_id": "67863b9a-c270-4a33-989a-fe9e13f8805a", "node_id": "seed.shopflow_analytics.raw_orders"} */

    create or replace table `shopflow_analytics_cat`.`bronze`.`raw_orders` (`order_id` string ,`customer_id` string ,`order_date` date ,`status` string ,`total_amount` double )
    
    using delta
  
    
    
    
    
    
  
[0m18:44:50.352390 [debug] [Thread-6 (]: Using databricks connection "seed.shopflow_analytics.raw_products"
[0m18:44:50.352390 [debug] [Thread-5 (]: Opening a new connection, currently in state init
[0m18:44:50.353387 [debug] [Thread-6 (]: On seed.shopflow_analytics.raw_products: /* {"app": "dbt", "dbt_version": "1.12.0", "dbt_databricks_version": "1.12.3", "databricks_sql_connector_version": "4.3.0", "profile_name": "shopflow_analytics", "target_name": "dev", "invocation_id": "67863b9a-c270-4a33-989a-fe9e13f8805a", "node_id": "seed.shopflow_analytics.raw_products"} */

    create or replace table `shopflow_analytics_cat`.`bronze`.`raw_products` (`product_id` string ,`product_name` string ,`category` string ,`price` double )
    
    using delta
  
    
    
    
    
    
  
[0m18:44:50.354384 [debug] [Thread-6 (]: Opening a new connection, currently in state init
[0m18:44:51.714580 [debug] [Thread-5 (]: Databricks adapter: Connection(session-id=01f18c35-fcdc-1e54-b657-8178d644380c) - Created
[0m18:44:51.716581 [debug] [Thread-3 (]: Databricks adapter: Connection(session-id=01f18c35-fcdf-177b-b368-15f5843e0e80) - Created
[0m18:44:51.717580 [debug] [Thread-6 (]: Databricks adapter: Connection(session-id=01f18c35-fce1-1966-b2e5-133ac8ee9397) - Created
[0m18:44:51.718568 [debug] [Thread-4 (]: Databricks adapter: Connection(session-id=01f18c35-fce3-16fd-b439-643d41042ae4) - Created
[0m18:44:56.200221 [debug] [Thread-6 (]: SQL status: OK in 5.850 seconds
[0m18:44:56.202215 [debug] [Thread-6 (]: Databricks adapter: Cursor(session-id=01f18c35-fce1-1966-b2e5-133ac8ee9397, command-id=01f18c35-fd0c-1035-adbb-621ddaf15345) - Closing
[0m18:44:56.229143 [debug] [Thread-4 (]: SQL status: OK in 5.880 seconds
[0m18:44:56.245116 [debug] [Thread-6 (]: Using databricks connection "seed.shopflow_analytics.raw_products"
[0m18:44:56.247096 [debug] [Thread-4 (]: Databricks adapter: Cursor(session-id=01f18c35-fce3-16fd-b439-643d41042ae4, command-id=01f18c35-fd0b-1ec6-8562-3910ad3b81c3) - Closing
[0m18:44:56.248093 [debug] [Thread-6 (]: On seed.shopflow_analytics.raw_products: 
          insert overwrite `shopflow_analytics_cat`.`bronze`.`raw_products` values
          (%s,%s,%s,%s),(%s,%s,%s,%s),(%s,%s,%s,%s),(%s,%s,%s,%s),(%s,%s,%s,%s),(%s,%s,%s,%s),(%s,%s,%s,%s),(%s,%s,%s,%s),(%s,%s,%s,%s),(%s,%s,%s,%s)
      ...
[0m18:44:56.287987 [debug] [Thread-4 (]: Using databricks connection "seed.shopflow_analytics.raw_order_items"
[0m18:44:56.288985 [debug] [Thread-4 (]: On seed.shopflow_analytics.raw_order_items: 
          insert overwrite `shopflow_analytics_cat`.`bronze`.`raw_order_items` values
          (%s,%s,%s,%s,%s),(%s,%s,%s,%s,%s),(%s,%s,%s,%s,%s),(%s,%s,%s,%s,%s),(%s,%s,%s,%s,%s),(%s,%s,%s,%s,%s),(%s,%s,%s,%s,%s),(%s,%s,%s,%s,%s),(%s,%s,%s,%s,%s),(%s,%s,%s,%s,%s),(%s,%s,%s,%s,%s),(%s,%s,%s,%s,%s),(%s,%s,%s,%s,%s),(%s,%s,%s,%s,%s),(%s,%s,%s,%s,%s),(%s,%s,%s,%s,%s),(%s,%s,%s,%s,%s),(%s,%s,%s,%s,%s),(%s,%s,%s,%s,%s),(%s,%s,%s,%s,%s),(%s,%s,%s,%s,%s),(%s,%s,%s,%s,%s),(%s,%s,%s,%s,%s),(%s,%s,%s,%s,%s),(%s,%s,...
[0m18:44:56.322930 [debug] [Thread-3 (]: SQL status: OK in 5.980 seconds
[0m18:44:56.324924 [debug] [Thread-3 (]: Databricks adapter: Cursor(session-id=01f18c35-fcdf-177b-b368-15f5843e0e80, command-id=01f18c35-fd0a-1385-9df0-123e930251f9) - Closing
[0m18:44:56.329919 [debug] [Thread-3 (]: Using databricks connection "seed.shopflow_analytics.raw_customers"
[0m18:44:56.330908 [debug] [Thread-3 (]: On seed.shopflow_analytics.raw_customers: 
          insert overwrite `shopflow_analytics_cat`.`bronze`.`raw_customers` values
          (%s,%s,%s,%s,%s,%s)
      ...
[0m18:44:56.333899 [debug] [Thread-5 (]: SQL status: OK in 5.980 seconds
[0m18:44:56.335894 [debug] [Thread-5 (]: Databricks adapter: Cursor(session-id=01f18c35-fcdc-1e54-b657-8178d644380c, command-id=01f18c35-fd09-1f1c-9e27-bb87e6d844ad) - Closing
[0m18:44:56.359830 [debug] [Thread-5 (]: Using databricks connection "seed.shopflow_analytics.raw_orders"
[0m18:44:56.361824 [debug] [Thread-5 (]: On seed.shopflow_analytics.raw_orders: 
          insert overwrite `shopflow_analytics_cat`.`bronze`.`raw_orders` values
          (%s,%s,%s,%s,%s),(%s,%s,%s,%s,%s),(%s,%s,%s,%s,%s),(%s,%s,%s,%s,%s),(%s,%s,%s,%s,%s),(%s,%s,%s,%s,%s),(%s,%s,%s,%s,%s),(%s,%s,%s,%s,%s),(%s,%s,%s,%s,%s),(%s,%s,%s,%s,%s),(%s,%s,%s,%s,%s),(%s,%s,%s,%s,%s),(%s,%s,%s,%s,%s),(%s,%s,%s,%s,%s),(%s,%s,%s,%s,%s),(%s,%s,%s,%s,%s),(%s,%s,%s,%s,%s),(%s,%s,%s,%s,%s),(%s,%s,%s,%s,%s),(%s,%s,%s,%s,%s)
      ...
[0m18:45:02.830445 [debug] [Thread-3 (]: SQL status: OK in 6.500 seconds
[0m18:45:02.831442 [debug] [Thread-3 (]: Databricks adapter: Cursor(session-id=01f18c35-fcdf-177b-b368-15f5843e0e80, command-id=01f18c35-ffcc-19ba-b216-9664c42bf5f6) - Closing
[0m18:45:02.832441 [debug] [Thread-6 (]: SQL status: OK in 6.550 seconds
[0m18:45:02.833449 [debug] [Thread-6 (]: Databricks adapter: Cursor(session-id=01f18c35-fce1-1966-b2e5-133ac8ee9397, command-id=01f18c35-ffc8-1f49-89bc-d0ced84642a5) - Closing
[0m18:45:02.838450 [debug] [Thread-5 (]: SQL status: OK in 6.470 seconds
[0m18:45:02.838450 [debug] [Thread-5 (]: Databricks adapter: Cursor(session-id=01f18c35-fcdc-1e54-b657-8178d644380c, command-id=01f18c35-ffce-124d-8fa4-faf9e77e9f8a) - Closing
[0m18:45:02.854552 [debug] [Thread-4 (]: SQL status: OK in 6.570 seconds
[0m18:45:02.855550 [debug] [Thread-4 (]: Databricks adapter: Cursor(session-id=01f18c35-fce3-16fd-b439-643d41042ae4, command-id=01f18c35-ffc8-17b8-88d8-5cb620ad818f) - Closing
[0m18:45:03.074435 [debug] [Thread-5 (]: Writing runtime SQL for node "seed.shopflow_analytics.raw_orders"
[0m18:45:03.078425 [debug] [Thread-3 (]: Writing runtime SQL for node "seed.shopflow_analytics.raw_customers"
[0m18:45:03.100365 [debug] [Thread-6 (]: Writing runtime SQL for node "seed.shopflow_analytics.raw_products"
[0m18:45:03.112336 [debug] [Thread-5 (]: On seed.shopflow_analytics.raw_orders: Close
[0m18:45:03.115325 [debug] [Thread-5 (]: Databricks adapter: Connection(session-id=01f18c35-fcdc-1e54-b657-8178d644380c) - Closing
[0m18:45:03.131824 [debug] [Thread-4 (]: Writing runtime SQL for node "seed.shopflow_analytics.raw_order_items"
[0m18:45:03.312277 [debug] [Thread-3 (]: On seed.shopflow_analytics.raw_customers: Close
[0m18:45:03.313274 [debug] [Thread-3 (]: Databricks adapter: Connection(session-id=01f18c35-fcdf-177b-b368-15f5843e0e80) - Closing
[0m18:45:03.517185 [debug] [Thread-6 (]: On seed.shopflow_analytics.raw_products: Close
[0m18:45:03.527161 [debug] [Thread-6 (]: Databricks adapter: Connection(session-id=01f18c35-fce1-1966-b2e5-133ac8ee9397) - Closing
[0m18:45:03.734215 [debug] [Thread-4 (]: On seed.shopflow_analytics.raw_order_items: Close
[0m18:45:03.742194 [debug] [Thread-4 (]: Databricks adapter: Connection(session-id=01f18c35-fce3-16fd-b439-643d41042ae4) - Closing
[0m18:45:03.989635 [debug] [Thread-3 (]: Sending event: {'category': 'dbt', 'action': 'run_model', 'label': '67863b9a-c270-4a33-989a-fe9e13f8805a', 'context': [<snowplow_tracker.self_describing_json.SelfDescribingJson object at 0x000001EA474B1D60>]}
[0m18:45:03.993623 [debug] [Thread-5 (]: Sending event: {'category': 'dbt', 'action': 'run_model', 'label': '67863b9a-c270-4a33-989a-fe9e13f8805a', 'context': [<snowplow_tracker.self_describing_json.SelfDescribingJson object at 0x000001EA389E5340>]}
[0m18:45:03.995626 [debug] [Thread-6 (]: Sending event: {'category': 'dbt', 'action': 'run_model', 'label': '67863b9a-c270-4a33-989a-fe9e13f8805a', 'context': [<snowplow_tracker.self_describing_json.SelfDescribingJson object at 0x000001EA472C2030>]}
[0m18:45:03.998612 [debug] [Thread-4 (]: Sending event: {'category': 'dbt', 'action': 'run_model', 'label': '67863b9a-c270-4a33-989a-fe9e13f8805a', 'context': [<snowplow_tracker.self_describing_json.SelfDescribingJson object at 0x000001EA46FDCCE0>]}
[0m18:45:04.002607 [info ] [Thread-3 (]: 1 of 4 OK loaded seed file bronze.raw_customers ................................ [[32mINSERT 1[0m in 13.82s]
[0m18:45:04.005593 [info ] [Thread-5 (]: 3 of 4 OK loaded seed file bronze.raw_orders ................................... [[32mINSERT 20[0m in 13.74s]
[0m18:45:04.010580 [info ] [Thread-6 (]: 4 of 4 OK loaded seed file bronze.raw_products ................................. [[32mINSERT 10[0m in 13.76s]
[0m18:45:04.021550 [debug] [Thread-3 (]: Finished running node seed.shopflow_analytics.raw_customers
[0m18:45:04.027537 [debug] [Thread-5 (]: Finished running node seed.shopflow_analytics.raw_orders
[0m18:45:04.015565 [info ] [Thread-4 (]: 2 of 4 OK loaded seed file bronze.raw_order_items .............................. [[32mINSERT 30[0m in 13.77s]
[0m18:45:04.032522 [debug] [Thread-6 (]: Finished running node seed.shopflow_analytics.raw_products
[0m18:45:04.040499 [debug] [Thread-4 (]: Finished running node seed.shopflow_analytics.raw_order_items
[0m18:45:04.050471 [debug] [MainThread]: Databricks adapter: DatabricksDBTConnection(session-id=None, name=master) - Creating connection
[0m18:45:04.052466 [debug] [MainThread]: Acquiring new databricks connection 'master'
[0m18:45:04.055458 [info ] [MainThread]: 
[0m18:45:04.060443 [info ] [MainThread]: Finished shopflow_analytics run
[0m18:45:04.062438 [debug] [MainThread]: Writing injected SQL for node "operation.shopflow_analytics.shopflow_analytics-on-run-end-0"
[0m18:45:04.064432 [info ] [MainThread]: 1 of 1 START hook: shopflow_analytics.on-run-end.0 ............................. [RUN]
[0m18:45:04.066426 [info ] [MainThread]: 1 of 1 OK hook: shopflow_analytics.on-run-end.0 ................................ [[32mOK[0m in 0.01s]
[0m18:45:04.068421 [info ] [MainThread]: 
[0m18:45:04.069418 [info ] [MainThread]: Finished running 2 project hooks, 4 seeds in 0 hours 0 minutes and 23.13 seconds (23.13s).
[0m18:45:04.077398 [debug] [MainThread]: Command end result
[0m18:45:04.226001 [debug] [MainThread]: Wrote artifact WritableManifest to C:\Users\Utilisateur\Desktop\Auto E TS\Datanoumrite\DBT ENG PROJECT\ddd-engineering-project\target\manifest.json
[0m18:45:04.230985 [debug] [MainThread]: Wrote artifact SemanticManifest to C:\Users\Utilisateur\Desktop\Auto E TS\Datanoumrite\DBT ENG PROJECT\ddd-engineering-project\target\semantic_manifest.json
[0m18:45:04.234975 [debug] [MainThread]: Wrote artifact OsiDocument to C:\Users\Utilisateur\Desktop\Auto E TS\Datanoumrite\DBT ENG PROJECT\ddd-engineering-project\target\osi_document.json
[0m18:45:04.246943 [debug] [MainThread]: Wrote artifact RunExecutionResult to C:\Users\Utilisateur\Desktop\Auto E TS\Datanoumrite\DBT ENG PROJECT\ddd-engineering-project\target\run_results.json
[0m18:45:04.248938 [info ] [MainThread]: 
[0m18:45:04.249935 [info ] [MainThread]: [32mCompleted successfully[0m
[0m18:45:04.250933 [info ] [MainThread]: 
[0m18:45:04.250933 [info ] [MainThread]: Done. PASS=6 WARN=0 ERROR=0 SKIP=0 NO-OP=0 REUSED=0 TOTAL=6
[0m18:45:04.252927 [debug] [MainThread]: Command `dbt seed` succeeded at 18:45:04.252927 after 28.51 seconds
[0m18:45:04.252927 [debug] [MainThread]: Sending event: {'category': 'dbt', 'action': 'invocation', 'label': 'end', 'context': [<snowplow_tracker.self_describing_json.SelfDescribingJson object at 0x000001EA3D020AA0>, <snowplow_tracker.self_describing_json.SelfDescribingJson object at 0x000001EA3D173950>, <snowplow_tracker.self_describing_json.SelfDescribingJson object at 0x000001EA46FB1010>]}
[0m18:45:04.253924 [debug] [MainThread]: Flushing usage events
[0m18:45:05.344802 [debug] [MainThread]: An error was encountered while trying to flush usage events
==================== 2026-07-30T17:25:59.806173Z | 019fb40f-c36e-7042-989f-9bb8f9ded282 ====================
17:25:59.807129 [info ]: dbt-fusion 2.0.0-preview.202
17:25:59.808826 [info ]: Started loading project
17:25:59.814673 [info ]: Loading profiles.yml
17:25:59.837762 [info ]:    Started resolving packages from packages.yml
17:26:00.577779 [info ]:   Finished [  0.74s] resolving packages from packages.yml (1 items)
17:26:00.583104 [debug]:    Started loading packages
17:26:00.656099 [debug]:     Loaded [  0.07s] packages
17:26:00.657910 [info ]: Finished loading project [  0.85s]
17:26:00.678790 [info ]: Started parsing
17:26:00.836289 [debug]: Finished parsing models/intermediate/_intermediate_models.yml [  0.00s]
17:26:00.837082 [debug]: Finished parsing models/marts/core/_exposures.yml [  0.00s]
17:26:00.838069 [debug]: Finished parsing models/marts/core/_marts_core.yml [  0.00s]
17:26:00.838769 [debug]: Finished parsing models/staging/_staging_models.yml [  0.00s]
17:26:00.838983 [debug]: Finished parsing snapshots/_snapshots.yml [  0.00s]
17:26:00.839090 [debug]: Finished parsing tests/_singular_tests.yml [  0.00s]
17:26:00.845830 [debug]: Finished parsing snapshots\scd_customers.sql:4:11 (scd_customers) [  0.00s]
17:26:00.849934 [debug]: Finished parsing models/intermediate/int_order_items_with_product.sql [  0.00s]
17:26:00.851755 [debug]: Finished parsing models/intermediate/int_orders_enriched.sql [  0.00s]
17:26:00.852818 [debug]: Finished parsing models/marts/core/dim_products.sql [  0.00s]
17:26:00.853721 [debug]: Finished parsing models/marts/core/fct_order_items.sql [  0.00s]
17:26:00.854989 [debug]: Finished parsing models/marts/core/fct_orders.sql [  0.00s]
17:26:00.855693 [debug]: Finished parsing models/staging/stg_order_items.sql [  0.00s]
17:26:00.856668 [debug]: Finished parsing models/staging/stg_orders.sql [  0.00s]
17:26:00.857272 [debug]: Finished parsing models/staging/stg_products.sql [  0.00s]
17:26:01.080465 [debug]: Finished parsing tests/assert_customer_has_valid_email.sql [  0.00s]
17:26:01.080983 [debug]: Finished parsing tests/assert_fct_orders_revenue_non_negative.sql [  0.00s]
17:26:01.081388 [debug]: Finished parsing tests/assert_no_future_order_dates.sql [  0.00s]
17:26:01.081865 [debug]: Finished parsing tests/assert_product_price_positive.sql [  0.00s]
17:26:01.082511 [debug]: Finished parsing tests/assert_quantity_positive.sql [  0.00s]
17:26:01.087871 [debug]: Finished parsing target\generic_tests\not_null_dim_products_category.sql [  0.01s]
17:26:01.089105 [debug]: Finished parsing target\generic_tests\unique_dim_products_product_id.sql [  0.00s]
17:26:01.089942 [debug]: Finished parsing target\generic_tests\not_null_dim_products_product_id.sql [  0.00s]
17:26:01.090702 [debug]: Finished parsing target\generic_tests\not_null_fct_order_items_order_id.sql [  0.00s]
17:26:01.091463 [debug]: Finished parsing target\generic_tests\relationships_fct_order_items_6605ef9332585c82f278ac817835eb79.sql [  0.00s]
17:26:01.092195 [debug]: Finished parsing target\generic_tests\unique_fct_order_items_order_item_id.sql [  0.00s]
17:26:01.093045 [debug]: Finished parsing target\generic_tests\not_null_fct_order_items_order_item_id.sql [  0.00s]
17:26:01.093876 [debug]: Finished parsing target\generic_tests\not_null_fct_order_items_product_id.sql [  0.00s]
17:26:01.094642 [debug]: Finished parsing target\generic_tests\relationships_fct_order_items_b0f28835da40fb8b0928f9f26aa86d50.sql [  0.00s]
17:26:01.095435 [debug]: Finished parsing target\generic_tests\not_null_fct_order_items_revenue.sql [  0.00s]
17:26:01.096198 [debug]: Finished parsing target\generic_tests\not_null_fct_orders_customer_id.sql [  0.00s]
17:26:01.096917 [debug]: Finished parsing target\generic_tests\relationships_fct_orders_40e6d5acbc1317469be3b3282d596122.sql [  0.00s]
17:26:01.097671 [debug]: Finished parsing target\generic_tests\not_null_fct_orders_order_date.sql [  0.00s]
17:26:01.098343 [debug]: Finished parsing target\generic_tests\unique_fct_orders_order_id.sql [  0.00s]
17:26:01.099226 [debug]: Finished parsing target\generic_tests\not_null_fct_orders_order_id.sql [  0.00s]
17:26:01.102049 [debug]: Finished parsing target\generic_tests\not_null_fct_orders_revenue.sql [  0.00s]
17:26:01.122768 [debug]: Finished parsing target\generic_tests\accepted_values_fct_orders_7aa877d99ee3e72e273e693f9bd8f50a.sql [  0.02s]
17:26:01.123982 [debug]: Finished parsing target\generic_tests\not_null_stg_order_items_order_id.sql [  0.00s]
17:26:01.130598 [debug]: Finished parsing target\generic_tests\relationships_stg_order_items_b3d7cdbd08ebfad01e3226c01c10bba0.sql [  0.01s]
17:26:01.131641 [debug]: Finished parsing target\generic_tests\unique_stg_order_items_order_item_id.sql [  0.00s]
17:26:01.135053 [debug]: Finished parsing target\generic_tests\not_null_stg_order_items_order_item_id.sql [  0.00s]
17:26:01.152552 [debug]: Finished parsing target\generic_tests\not_null_stg_order_items_product_id.sql [  0.02s]
17:26:01.153636 [debug]: Finished parsing target\generic_tests\relationships_stg_order_items_85fcc371bcae46211ede4a7fca07283f.sql [  0.00s]
17:26:01.154640 [debug]: Finished parsing target\generic_tests\not_null_stg_order_items_quantity.sql [  0.00s]
17:26:01.160984 [debug]: Finished parsing target\generic_tests\not_null_stg_orders_customer_id.sql [  0.01s]
17:26:01.161823 [debug]: Finished parsing target\generic_tests\relationships_stg_orders_37b50996680228ca937317b2f3af6e3f.sql [  0.00s]
17:26:01.162614 [debug]: Finished parsing target\generic_tests\not_null_stg_orders_order_date.sql [  0.00s]
17:26:01.163713 [debug]: Finished parsing target\generic_tests\unique_stg_orders_order_id.sql [  0.00s]
17:26:01.180580 [debug]: Finished parsing target\generic_tests\not_null_stg_orders_order_id.sql [  0.02s]
17:26:01.182004 [debug]: Finished parsing target\generic_tests\accepted_values_stg_orders_490d79bf41f1e0e8d94acb166919b07e.sql [  0.00s]
17:26:01.188824 [debug]: Finished parsing target\generic_tests\unique_stg_products_product_id.sql [  0.01s]
17:26:01.194449 [debug]: Finished parsing target\generic_tests\not_null_stg_products_product_id.sql [  0.01s]
17:26:01.230900 [info ]: Starting shopflow_analytics run
17:26:01.231676 [info ]: Finished shopflow_analytics run
17:26:01.242213 [info ]: Finished parsing [  0.56s]
17:26:01.245520 [info ]: Started scheduling
17:26:01.246250 [info ]: Finished scheduling [  0.00s]
17:26:01.258364 [debug]: Initializing schema store with entry: Frontier(CanonicalFqn { catalog: "shopflow_analytics_cat", schema: "silver", table: "int_orders_enriched" }) and interval: None
17:26:01.258494 [debug]: Initializing schema store with entry: Frontier(CanonicalFqn { catalog: "shopflow_analytics_cat", schema: "gold", table: "fct_order_items" }) and interval: None
17:26:01.258566 [debug]: Initializing schema store with entry: Frontier(CanonicalFqn { catalog: "shopflow_analytics_cat", schema: "gold", table: "scd_customers" }) and interval: None
17:26:01.279326 [debug]: License loaded from file C:\Users\Utilisateur\.dbt\license.70506183151160
17:26:01.280137 [debug]:    Started downloading relations (1 items)
17:26:02.912648 [debug]: Query executed on node unknown:

SELECT
    table_name,
    if(table_type IN ('EXTERNAL', 'MANAGED', 'MANAGED_SHALLOW_CLONE', 'EXTERNAL_SHALLOW_CLONE'), 'table', lower(table_type)) AS table_type,
    lower(data_source_format) AS file_format,
    table_schema,
    table_owner,
    table_catalog,
    if(
    table_type IN (
        'EXTERNAL',
        'MANAGED',
        'MANAGED_SHALLOW_CLONE',
        'EXTERNAL_SHALLOW_CLONE'
    ),
    lower(table_type),
    NULL
    ) AS databricks_table_type
FROM `system`.`information_schema`.`tables`
WHERE table_catalog = 'shopflow_analytics_cat'
    AND table_schema = 'gold'
17:26:03.355777 [debug]:   Finished [  2.08s] downloading relations (1 items)
17:26:03.476330 [info ]: Started building task graph
17:26:03.478485 [info ]: Finished building task graph [  0.00s]
17:26:04.222317 [debug]: Query executed on node unknown:
/* {"app": "dbt", "connection_name": "", "dbt_version": "2.0.0", "profile_name": "shopflow_analytics", "target_name": "dev"} */
SHOW SCHEMAS IN `shopflow_analytics_cat`
17:26:04.229531 [info ]: Started on-run-start hooks (1 nodes)
17:26:04.231224 [info ]: Starting shopflow_analytics run
17:26:04.252369 [info ]: Finished on-run-start hooks [  0.02s] (1 nodes, 0 skipped, 0 errors)
17:26:04.252815 [info ]: Started rendering (11 nodes)
17:26:04.293259 [info ]: Started model gold.fct_orders
17:26:04.293298 [debug]: Started rendering model gold.fct_orders
17:26:04.316378 [debug]: Compiled SQL for node model.shopflow_analytics.fct_orders at target\compiled\shopflow_analytics\models\marts\core\fct_orders.sql
17:26:04.317096 [debug]: Finished rendering [  0.02s] model gold.fct_orders [success]
17:26:04.320166 [info ]: Started analyzing (11 nodes)
17:26:04.320374 [debug]: Started analyzing model gold.fct_orders
17:26:04.372697 [debug]: Finished analyzing [  0.05s] model gold.fct_orders [success]
17:26:04.373308 [info ]: Started running (11 nodes)
17:26:04.373532 [info ]: Started running model gold.fct_orders
17:26:04.403825 [debug]: MATERIALIZING INCREMENTAL
17:26:04.412515 [debug]: Invalid value for on_schema_change (None) specified. Setting default value of ignore.
17:26:04.848534 [debug]: Writing runtime sql for node "model.shopflow_analytics.fct_orders"
17:26:05.606309 [debug]: Query executed on node model.shopflow_analytics.fct_orders:
/* {"app": "dbt", "dbt_version": "2.0.0", "node_id": "model.shopflow_analytics.fct_orders", "profile_name": "shopflow_analytics", "target_name": "dev"} */
create or replace table `shopflow_analytics_cat`.`gold`.`fct_orders`
      
      
    
      using delta
    
  
      
      
      
      
      
      
      
      as
      -- Fact: one row per order (incremental)


with orders_enriched as (
    select * from `shopflow_analytics_cat`.`silver`.`int_orders_enriched`
    
),

final as (
    select
        order_id,
        customer_id,
        order_date,
        status,
        order_total_amount as revenue,
        line_count as number_of_lines,
        total_quantity as total_units,
        customer_country,
        md5(cast(concat(coalesce(cast(order_id as string), '_dbt_utils_surrogate_key_null_')) as string)) as order_key
    from orders_enriched
)

select * from final
17:26:06.951709 [error]: [DbDriverFailed (dbt1308)]: Database Error in model fct_orders (target\run\shopflow_analytics\models\marts\core\fct_orders.sql)
  failed to execute query: databricks: execution error: failed to execute query: unexpected operation state ERROR_STATE: [TABLE_OR_VIEW_NOT_FOUND] The table or view `shopflow_analytics_cat`.`silver`.`int_orders_enriched` cannot be found. Verify the spelling and correctness of the schema and catalog.
  Search path: [`system`.`session`, `system`.`builtin`, `system`.`ai`, `shopflow_analytics_cat`.`silver`].
  If you did not qualify the name with a schema, verify the current_schema() output, or qualify the name with the correct schema and catalog.
  To tolerate the error on drop use DROP VIEW IF EXISTS or DROP TABLE IF EXISTS. SQLSTATE: 42P01; line 21 pos 18
  (in run\shopflow_analytics\models/marts/core\fct_orders.sql)
17:26:06.953162 [info ]: Finished running [  2.58s] model gold.fct_orders [error]
17:26:06.954338 [info ]:     Failed [  2.65s] model gold.fct_orders (incremental)
17:26:06.957977 [info ]: Started test dbt_test__audit.not_null_fct_orders_revenue
17:26:06.958015 [debug]: Started rendering test dbt_test__audit.not_null_fct_orders_revenue
17:26:06.958472 [debug]: Finished rendering [  0.00s] test dbt_test__audit.not_null_fct_orders_revenue [skipped]
17:26:06.959179 [debug]: Started analyzing test dbt_test__audit.not_null_fct_orders_revenue
17:26:06.959232 [debug]: Finished analyzing [  0.00s] test dbt_test__audit.not_null_fct_orders_revenue [skipped]
17:26:06.959877 [info ]: Started running test dbt_test__audit.not_null_fct_orders_revenue
17:26:06.959920 [info ]: Finished running [  0.00s] test dbt_test__audit.not_null_fct_orders_revenue [skipped]
17:26:06.960482 [info ]:    Skipped [-------] test  not_null_fct_orders_revenue (models/marts/core/_marts_core.yml:19:17)
17:26:06.960527 [info ]: Started test dbt_test__audit.assert_no_future_order_dates
17:26:06.960546 [debug]: Started rendering test dbt_test__audit.assert_no_future_order_dates
17:26:06.960572 [debug]: Finished rendering [  0.00s] test dbt_test__audit.assert_no_future_order_dates [skipped]
17:26:06.964735 [debug]: Started analyzing test dbt_test__audit.assert_no_future_order_dates
17:26:06.964788 [debug]: Finished analyzing [  0.00s] test dbt_test__audit.assert_no_future_order_dates [skipped]
17:26:06.970142 [info ]: Started running test dbt_test__audit.assert_no_future_order_dates
17:26:06.970179 [info ]: Finished running [  0.00s] test dbt_test__audit.assert_no_future_order_dates [skipped]
17:26:06.970398 [info ]:    Skipped [-------] test  assert_no_future_order_dates (tests/assert_no_future_order_dates.sql)
17:26:06.970430 [info ]: Started test dbt_test__audit.not_null_fct_orders_customer_id
17:26:06.970444 [debug]: Started rendering test dbt_test__audit.not_null_fct_orders_customer_id
17:26:06.970461 [debug]: Finished rendering [  0.00s] test dbt_test__audit.not_null_fct_orders_customer_id [skipped]
17:26:06.970599 [debug]: Started analyzing test dbt_test__audit.not_null_fct_orders_customer_id
17:26:06.970634 [debug]: Finished analyzing [  0.00s] test dbt_test__audit.not_null_fct_orders_customer_id [skipped]
17:26:06.970759 [info ]: Started running test dbt_test__audit.not_null_fct_orders_customer_id
17:26:06.970793 [info ]: Finished running [  0.00s] test dbt_test__audit.not_null_fct_orders_customer_id [skipped]
17:26:06.970890 [info ]:    Skipped [-------] test  not_null_fct_orders_customer_id (models/marts/core/_marts_core.yml:11:13)
17:26:06.970941 [info ]: Started test dbt_test__audit.relationships_fct_orders_customer_id__customer_id__ref_scd_customers_
17:26:06.970964 [debug]: Started rendering test dbt_test__audit.relationships_fct_orders_customer_id__customer_id__ref_scd_customers_
17:26:06.971004 [debug]: Finished rendering [  0.00s] test dbt_test__audit.relationships_fct_orders_customer_id__customer_id__ref_scd_customers_ [skipped]
17:26:06.971101 [debug]: Started analyzing test dbt_test__audit.relationships_fct_orders_customer_id__customer_id__ref_scd_customers_
17:26:06.971127 [debug]: Finished analyzing [  0.00s] test dbt_test__audit.relationships_fct_orders_customer_id__customer_id__ref_scd_customers_ [skipped]
17:26:06.971245 [info ]: Started running test dbt_test__audit.relationships_fct_orders_customer_id__customer_id__ref_scd_customers_
17:26:06.971290 [info ]: Finished running [  0.00s] test dbt_test__audit.relationships_fct_orders_customer_id__customer_id__ref_scd_customers_ [skipped]
17:26:06.971380 [info ]:    Skipped [-------] test  relationships_fct_orders_customer_id__customer_id__ref_scd_customers_ (models/marts/core/_marts_core.yml:12:13)
17:26:06.971420 [info ]: Started test dbt_test__audit.assert_fct_orders_revenue_non_negative
17:26:06.971441 [debug]: Started rendering test dbt_test__audit.assert_fct_orders_revenue_non_negative
17:26:06.971483 [debug]: Finished rendering [  0.00s] test dbt_test__audit.assert_fct_orders_revenue_non_negative [skipped]
17:26:06.971597 [debug]: Started analyzing test dbt_test__audit.assert_fct_orders_revenue_non_negative
17:26:06.971621 [debug]: Finished analyzing [  0.00s] test dbt_test__audit.assert_fct_orders_revenue_non_negative [skipped]
17:26:06.971708 [info ]: Started running test dbt_test__audit.assert_fct_orders_revenue_non_negative
17:26:06.971734 [info ]: Finished running [  0.00s] test dbt_test__audit.assert_fct_orders_revenue_non_negative [skipped]
17:26:06.971837 [info ]:    Skipped [-------] test  assert_fct_orders_revenue_non_negative (tests/assert_fct_orders_revenue_non_negative.sql)
17:26:06.971894 [info ]: Started test dbt_test__audit.accepted_values_fct_orders_status__delivered__shipped__processing__returned__cancelled
17:26:06.971920 [debug]: Started rendering test dbt_test__audit.accepted_values_fct_orders_status__delivered__shipped__processing__returned__cancelled
17:26:06.971955 [debug]: Finished rendering [  0.00s] test dbt_test__audit.accepted_values_fct_orders_status__delivered__shipped__processing__returned__cancelled [skipped]
17:26:06.972042 [debug]: Started analyzing test dbt_test__audit.accepted_values_fct_orders_status__delivered__shipped__processing__returned__cancelled
17:26:06.972059 [debug]: Finished analyzing [  0.00s] test dbt_test__audit.accepted_values_fct_orders_status__delivered__shipped__processing__returned__cancelled [skipped]
17:26:06.972147 [info ]: Started running test dbt_test__audit.accepted_values_fct_orders_status__delivered__shipped__processing__returned__cancelled
17:26:06.972172 [info ]: Finished running [  0.00s] test dbt_test__audit.accepted_values_fct_orders_status__delivered__shipped__processing__returned__cancelled [skipped]
17:26:06.972227 [info ]:    Skipped [-------] test  accepted_values_fct_orders_status__delivered__shipped__processing__returned__cancelled (models/marts/core/_marts_core.yml:22:13)
17:26:06.972253 [info ]: Started test dbt_test__audit.relationships_fct_order_items_order_id__order_id__ref_fct_orders_
17:26:06.972268 [debug]: Started rendering test dbt_test__audit.relationships_fct_order_items_order_id__order_id__ref_fct_orders_
17:26:06.972288 [debug]: Finished rendering [  0.00s] test dbt_test__audit.relationships_fct_order_items_order_id__order_id__ref_fct_orders_ [skipped]
17:26:06.972370 [debug]: Started analyzing test dbt_test__audit.relationships_fct_order_items_order_id__order_id__ref_fct_orders_
17:26:06.972385 [debug]: Finished analyzing [  0.00s] test dbt_test__audit.relationships_fct_order_items_order_id__order_id__ref_fct_orders_ [skipped]
17:26:06.972458 [info ]: Started running test dbt_test__audit.relationships_fct_order_items_order_id__order_id__ref_fct_orders_
17:26:06.972475 [info ]: Finished running [  0.00s] test dbt_test__audit.relationships_fct_order_items_order_id__order_id__ref_fct_orders_ [skipped]
17:26:06.972545 [info ]:    Skipped [-------] test  relationships_fct_order_items_order_id__order_id__ref_fct_orders_ (models/marts/core/_marts_core.yml:34:13)
17:26:06.972588 [info ]: Started test dbt_test__audit.unique_fct_orders_order_id
17:26:06.972606 [debug]: Started rendering test dbt_test__audit.unique_fct_orders_order_id
17:26:06.972631 [debug]: Finished rendering [  0.00s] test dbt_test__audit.unique_fct_orders_order_id [skipped]
17:26:06.972732 [debug]: Started analyzing test dbt_test__audit.unique_fct_orders_order_id
17:26:06.972758 [debug]: Finished analyzing [  0.00s] test dbt_test__audit.unique_fct_orders_order_id [skipped]
17:26:06.972884 [info ]: Started running test dbt_test__audit.unique_fct_orders_order_id
17:26:06.972919 [info ]: Finished running [  0.00s] test dbt_test__audit.unique_fct_orders_order_id [skipped]
17:26:06.973020 [info ]:    Skipped [-------] test  unique_fct_orders_order_id (models/marts/core/_marts_core.yml:8:17)
17:26:06.973072 [info ]: Started test dbt_test__audit.not_null_fct_orders_order_id
17:26:06.973088 [debug]: Started rendering test dbt_test__audit.not_null_fct_orders_order_id
17:26:06.973115 [debug]: Finished rendering [  0.00s] test dbt_test__audit.not_null_fct_orders_order_id [skipped]
17:26:06.973196 [debug]: Started analyzing test dbt_test__audit.not_null_fct_orders_order_id
17:26:06.973210 [debug]: Finished analyzing [  0.00s] test dbt_test__audit.not_null_fct_orders_order_id [skipped]
17:26:06.973301 [info ]: Started running test dbt_test__audit.not_null_fct_orders_order_id
17:26:06.973318 [info ]: Finished running [  0.00s] test dbt_test__audit.not_null_fct_orders_order_id [skipped]
17:26:06.973393 [info ]:    Skipped [-------] test  not_null_fct_orders_order_id (models/marts/core/_marts_core.yml:8:25)
17:26:06.973418 [info ]: Started test dbt_test__audit.not_null_fct_orders_order_date
17:26:06.973428 [debug]: Started rendering test dbt_test__audit.not_null_fct_orders_order_date
17:26:06.973441 [debug]: Finished rendering [  0.00s] test dbt_test__audit.not_null_fct_orders_order_date [skipped]
17:26:06.973507 [info ]: Finished rendering [  2.72s] (11 nodes, 10 skipped, 0 errors)
17:26:06.974822 [debug]: Started analyzing test dbt_test__audit.not_null_fct_orders_order_date
17:26:06.974859 [debug]: Finished analyzing [  0.00s] test dbt_test__audit.not_null_fct_orders_order_date [skipped]
17:26:06.976934 [info ]: Finished analyzing [  2.66s] (11 nodes, 10 skipped, 0 errors)
17:26:06.981743 [info ]: Started running test dbt_test__audit.not_null_fct_orders_order_date
17:26:06.981786 [info ]: Finished running [  0.00s] test dbt_test__audit.not_null_fct_orders_order_date [skipped]
17:26:06.982013 [info ]: Finished running [  2.61s] (11 nodes, 10 skipped, 1 errors)
17:26:06.982827 [info ]:    Skipped [-------] test  not_null_fct_orders_order_date (models/marts/core/_marts_core.yml:17:17)
17:26:06.985839 [info ]: Started on-run-end hooks (1 nodes)
17:26:06.989284 [info ]: Finished shopflow_analytics run
17:26:07.003562 [info ]: Finished on-run-end hooks [  0.02s] (1 nodes, 0 skipped, 0 errors)
17:26:07.132435 [info ]: New version available 2.0.0-preview.203 (run `dbt system update`)
17:26:07.191953 [info ]: 
==================== Execution Summary =====================
Finished 'build' with 1 error for target 'dev' [7.4s]
Processed: 2 hooks | 1 model | 10 tests
Summary: 13 total | 2 success | 1 error | 10 skipped
[0m19:38:29.032850 [debug] [MainThread]: Sending event: {'category': 'dbt', 'action': 'invocation', 'label': 'start', 'context': [<snowplow_tracker.self_describing_json.SelfDescribingJson object at 0x0000029CC809EFF0>, <snowplow_tracker.self_describing_json.SelfDescribingJson object at 0x0000029CC809E090>, <snowplow_tracker.self_describing_json.SelfDescribingJson object at 0x0000029CC809EF00>]}


============================== 19:38:29.041960 | 94c19441-990c-432b-8120-1ea954595ca5 ==============================
[0m19:38:29.041960 [info ] [MainThread]: Running with dbt=1.12.0
[0m19:38:29.042958 [debug] [MainThread]: running dbt with arguments {'static_parser': 'True', 'no_print': 'None', 'maximum_seed_size_mib': '1', 'warn_error_options': 'WarnErrorOptionsV2(error=[], warn=[], silence=[])', 'target_path': 'None', 'version_check': 'True', 'printer_width': '80', 'write_json': 'True', 'empty': 'False', 'log_cache_events': 'False', 'introspect': 'True', 'cache_selected_only': 'False', 'fail_fast': 'False', 'debug': 'False', 'log_format': 'default', 'profiles_dir': 'C:\\Users\\Utilisateur\\Desktop\\Auto E TS\\Datanoumrite\\DBT ENG PROJECT\\ddd-engineering-project', 'send_anonymous_usage_stats': 'True', 'quiet': 'False', 'warn_error': 'None', 'partial_parse': 'True', 'use_colors': 'True', 'hints_enabled': 'True', 'indirect_selection': 'eager', 'use_experimental_parser': 'False', 'invocation_command': 'dbt run', 'log_path': 'C:\\Users\\Utilisateur\\Desktop\\Auto E TS\\Datanoumrite\\DBT ENG PROJECT\\ddd-engineering-project\\logs'}
[0m19:38:31.285040 [debug] [MainThread]: Spark adapter: Setting pyhive.hive logging to ERROR
[0m19:38:31.285040 [debug] [MainThread]: Spark adapter: Setting thrift.transport logging to ERROR
[0m19:38:31.286037 [debug] [MainThread]: Spark adapter: Setting thrift.protocol logging to ERROR
[0m19:38:34.583491 [debug] [MainThread]: Sending event: {'category': 'dbt', 'action': 'project_id', 'label': '94c19441-990c-432b-8120-1ea954595ca5', 'context': [<snowplow_tracker.self_describing_json.SelfDescribingJson object at 0x0000029CCBC54950>]}
[0m19:38:34.737929 [debug] [MainThread]: Sending event: {'category': 'dbt', 'action': 'adapter_info', 'label': '94c19441-990c-432b-8120-1ea954595ca5', 'context': [<snowplow_tracker.self_describing_json.SelfDescribingJson object at 0x0000029CD20EF440>]}
[0m19:38:34.738927 [info ] [MainThread]: Registered adapter: databricks=1.12.3
[0m19:38:35.710353 [debug] [MainThread]: checksum: 084b7dca7de436582dfd47cda807ce894c1aacc971f621924e28a9827d1c7273, vars: {}, profile: shopflow_analytics, target: dev, version: 1.12.0
[0m19:38:36.585959 [debug] [MainThread]: Partial parsing enabled: 0 files deleted, 0 files added, 0 files changed.
[0m19:38:36.585959 [debug] [MainThread]: Nothing changed, skipping partial parsing.
[0m19:38:36.585959 [debug] [MainThread]: Partial parsing enabled, no changes found, skipping parsing
[0m19:38:36.669495 [debug] [MainThread]: Sending event: {'category': 'dbt', 'action': 'load_project', 'label': '94c19441-990c-432b-8120-1ea954595ca5', 'context': [<snowplow_tracker.self_describing_json.SelfDescribingJson object at 0x0000029CD39BAA50>]}
[0m19:38:37.286544 [debug] [MainThread]: Wrote artifact WritableManifest to C:\Users\Utilisateur\Desktop\Auto E TS\Datanoumrite\DBT ENG PROJECT\ddd-engineering-project\target\manifest.json
[0m19:38:37.295121 [debug] [MainThread]: Wrote artifact SemanticManifest to C:\Users\Utilisateur\Desktop\Auto E TS\Datanoumrite\DBT ENG PROJECT\ddd-engineering-project\target\semantic_manifest.json
[0m19:38:37.373685 [debug] [MainThread]: Wrote artifact OsiDocument to C:\Users\Utilisateur\Desktop\Auto E TS\Datanoumrite\DBT ENG PROJECT\ddd-engineering-project\target\osi_document.json
[0m19:38:37.410623 [debug] [MainThread]: Sending event: {'category': 'dbt', 'action': 'resource_counts', 'label': '94c19441-990c-432b-8120-1ea954595ca5', 'context': [<snowplow_tracker.self_describing_json.SelfDescribingJson object at 0x0000029CD4016EA0>]}
[0m19:38:37.412627 [info ] [MainThread]: Found 8 models, 1 snapshot, 37 data tests, 4 seeds, 2 operations, 3 exposures, 888 macros
[0m19:38:37.415609 [debug] [MainThread]: Sending event: {'category': 'dbt', 'action': 'runnable_timing', 'label': '94c19441-990c-432b-8120-1ea954595ca5', 'context': [<snowplow_tracker.self_describing_json.SelfDescribingJson object at 0x0000029CD3F931D0>]}
[0m19:38:37.419598 [info ] [MainThread]: 
[0m19:38:37.420596 [info ] [MainThread]: Concurrency: 4 threads (target='dev')
[0m19:38:37.421593 [info ] [MainThread]: 
[0m19:38:37.425584 [debug] [MainThread]: Databricks adapter: DatabricksDBTConnection(session-id=None, name=master) - Creating connection
[0m19:38:37.427579 [debug] [MainThread]: Acquiring new databricks connection 'master'
[0m19:38:37.457825 [debug] [ThreadPool]: Databricks adapter: DatabricksDBTConnection(session-id=None, name=list_shopflow_analytics_cat) - Creating connection
[0m19:38:37.458821 [debug] [ThreadPool]: Acquiring new databricks connection 'list_shopflow_analytics_cat'
[0m19:38:37.496986 [debug] [ThreadPool]: Using databricks connection "list_shopflow_analytics_cat"
[0m19:38:37.497981 [debug] [ThreadPool]: On list_shopflow_analytics_cat: /* {"app": "dbt", "dbt_version": "1.12.0", "dbt_databricks_version": "1.12.3", "databricks_sql_connector_version": "4.3.0", "profile_name": "shopflow_analytics", "target_name": "dev", "invocation_id": "94c19441-990c-432b-8120-1ea954595ca5", "connection_name": "list_shopflow_analytics_cat"} */

    

  SHOW SCHEMAS IN `shopflow_analytics_cat`


  
[0m19:38:37.497981 [debug] [ThreadPool]: Opening a new connection, currently in state init
[0m19:38:37.502966 [debug] [ThreadPool]: Databricks adapter: DatabricksDBTConnection(session-id=None, name=list_shopflow_analytics_cat) - Creating connection
[0m19:38:37.503964 [debug] [ThreadPool]: Acquiring new databricks connection 'list_shopflow_analytics_cat'
[0m19:38:37.506956 [debug] [ThreadPool]: Using databricks connection "list_shopflow_analytics_cat"
[0m19:38:37.507953 [debug] [ThreadPool]: On list_shopflow_analytics_cat: /* {"app": "dbt", "dbt_version": "1.12.0", "dbt_databricks_version": "1.12.3", "databricks_sql_connector_version": "4.3.0", "profile_name": "shopflow_analytics", "target_name": "dev", "invocation_id": "94c19441-990c-432b-8120-1ea954595ca5", "connection_name": "list_shopflow_analytics_cat"} */

    

  SHOW SCHEMAS IN `shopflow_analytics_cat`


  
[0m19:38:37.509948 [debug] [ThreadPool]: Opening a new connection, currently in state init
[0m19:38:41.771799 [debug] [ThreadPool]: Databricks adapter: Connection(session-id=01f18c3d-81d6-162e-bd78-e05b22bd0ae4) - Created
[0m19:38:41.772797 [debug] [ThreadPool]: Databricks adapter: Connection(session-id=01f18c3d-81d6-1263-a056-5cbde75dc7bf) - Created
[0m19:38:42.365312 [debug] [ThreadPool]: SQL status: OK in 4.860 seconds
[0m19:38:42.366314 [debug] [ThreadPool]: SQL status: OK in 4.870 seconds
[0m19:38:42.416955 [debug] [ThreadPool]: Databricks adapter: Cursor(session-id=01f18c3d-81d6-162e-bd78-e05b22bd0ae4, command-id=01f18c3d-825e-1191-861d-c83860ddba0f) - Closing
[0m19:38:42.420945 [debug] [ThreadPool]: Databricks adapter: Cursor(session-id=01f18c3d-81d6-1263-a056-5cbde75dc7bf, command-id=01f18c3d-825d-1ab0-b81f-472edbe8071f) - Closing
[0m19:38:42.421942 [debug] [ThreadPool]: On list_shopflow_analytics_cat: Close
[0m19:38:42.427926 [debug] [ThreadPool]: Databricks adapter: Connection(session-id=01f18c3d-81d6-162e-bd78-e05b22bd0ae4) - Closing
[0m19:38:42.609093 [debug] [ThreadPool]: On list_shopflow_analytics_cat: Close
[0m19:38:42.610089 [debug] [ThreadPool]: Databricks adapter: Connection(session-id=01f18c3d-81d6-1263-a056-5cbde75dc7bf) - Closing
[0m19:38:42.814310 [debug] [ThreadPool]: Databricks adapter: DatabricksDBTConnection(session-id=None, name=list_shopflow_analytics_cat_silver) - Creating connection
[0m19:38:42.815306 [debug] [ThreadPool]: Acquiring new databricks connection 'list_shopflow_analytics_cat_silver'
[0m19:38:42.828271 [debug] [ThreadPool]: Using databricks connection "list_shopflow_analytics_cat_silver"
[0m19:38:42.829267 [debug] [ThreadPool]: On list_shopflow_analytics_cat_silver: /* {"app": "dbt", "dbt_version": "1.12.0", "dbt_databricks_version": "1.12.3", "databricks_sql_connector_version": "4.3.0", "profile_name": "shopflow_analytics", "target_name": "dev", "invocation_id": "94c19441-990c-432b-8120-1ea954595ca5", "connection_name": "list_shopflow_analytics_cat_silver"} */

    
SELECT
  table_name,
  if(table_type IN ('EXTERNAL', 'MANAGED', 'MANAGED_SHALLOW_CLONE', 'EXTERNAL_SHALLOW_CLONE'), 'table', lower(table_type)) AS table_type,
  lower(data_source_format) AS file_format,
  table_owner,
  if(
    table_type IN (
      'EXTERNAL',
      'MANAGED',
      'MANAGED_SHALLOW_CLONE',
      'EXTERNAL_SHALLOW_CLONE'
    ),
    lower(table_type),
    NULL
  ) AS databricks_table_type
FROM `system`.`information_schema`.`tables`
WHERE table_catalog = 'shopflow_analytics_cat'
  AND table_schema = 'silver'

  
[0m19:38:42.829267 [debug] [ThreadPool]: Opening a new connection, currently in state init
[0m19:38:42.851209 [debug] [ThreadPool]: Databricks adapter: DatabricksDBTConnection(session-id=None, name=list_shopflow_analytics_cat_gold) - Creating connection
[0m19:38:42.896334 [debug] [ThreadPool]: Databricks adapter: DatabricksDBTConnection(session-id=None, name=list_shopflow_analytics_cat_bronze) - Creating connection
[0m19:38:42.897331 [debug] [ThreadPool]: Acquiring new databricks connection 'list_shopflow_analytics_cat_gold'
[0m19:38:42.928248 [debug] [ThreadPool]: Acquiring new databricks connection 'list_shopflow_analytics_cat_bronze'
[0m19:38:42.944206 [debug] [ThreadPool]: Using databricks connection "list_shopflow_analytics_cat_gold"
[0m19:38:42.946200 [debug] [ThreadPool]: Using databricks connection "list_shopflow_analytics_cat_bronze"
[0m19:38:42.946200 [debug] [ThreadPool]: On list_shopflow_analytics_cat_gold: /* {"app": "dbt", "dbt_version": "1.12.0", "dbt_databricks_version": "1.12.3", "databricks_sql_connector_version": "4.3.0", "profile_name": "shopflow_analytics", "target_name": "dev", "invocation_id": "94c19441-990c-432b-8120-1ea954595ca5", "connection_name": "list_shopflow_analytics_cat_gold"} */

    
SELECT
  table_name,
  if(table_type IN ('EXTERNAL', 'MANAGED', 'MANAGED_SHALLOW_CLONE', 'EXTERNAL_SHALLOW_CLONE'), 'table', lower(table_type)) AS table_type,
  lower(data_source_format) AS file_format,
  table_owner,
  if(
    table_type IN (
      'EXTERNAL',
      'MANAGED',
      'MANAGED_SHALLOW_CLONE',
      'EXTERNAL_SHALLOW_CLONE'
    ),
    lower(table_type),
    NULL
  ) AS databricks_table_type
FROM `system`.`information_schema`.`tables`
WHERE table_catalog = 'shopflow_analytics_cat'
  AND table_schema = 'gold'

  
[0m19:38:42.947198 [debug] [ThreadPool]: On list_shopflow_analytics_cat_bronze: /* {"app": "dbt", "dbt_version": "1.12.0", "dbt_databricks_version": "1.12.3", "databricks_sql_connector_version": "4.3.0", "profile_name": "shopflow_analytics", "target_name": "dev", "invocation_id": "94c19441-990c-432b-8120-1ea954595ca5", "connection_name": "list_shopflow_analytics_cat_bronze"} */

    
SELECT
  table_name,
  if(table_type IN ('EXTERNAL', 'MANAGED', 'MANAGED_SHALLOW_CLONE', 'EXTERNAL_SHALLOW_CLONE'), 'table', lower(table_type)) AS table_type,
  lower(data_source_format) AS file_format,
  table_owner,
  if(
    table_type IN (
      'EXTERNAL',
      'MANAGED',
      'MANAGED_SHALLOW_CLONE',
      'EXTERNAL_SHALLOW_CLONE'
    ),
    lower(table_type),
    NULL
  ) AS databricks_table_type
FROM `system`.`information_schema`.`tables`
WHERE table_catalog = 'shopflow_analytics_cat'
  AND table_schema = 'bronze'

  
[0m19:38:42.947198 [debug] [ThreadPool]: Opening a new connection, currently in state init
[0m19:38:42.948196 [debug] [ThreadPool]: Opening a new connection, currently in state init
[0m19:38:43.837948 [debug] [ThreadPool]: Databricks adapter: Connection(session-id=01f18c3d-836e-1432-9a45-c75a7ec7881c) - Created
[0m19:38:44.003423 [debug] [ThreadPool]: Databricks adapter: Connection(session-id=01f18c3d-8398-1d4c-8e7a-990b8a7e4515) - Created
[0m19:38:44.054195 [debug] [ThreadPool]: Databricks adapter: Connection(session-id=01f18c3d-839b-1a71-8e33-f043c5888f50) - Created
[0m19:38:44.387392 [debug] [ThreadPool]: SQL status: OK in 1.560 seconds
[0m19:38:44.402955 [debug] [ThreadPool]: Databricks adapter: Cursor(session-id=01f18c3d-836e-1432-9a45-c75a7ec7881c, command-id=01f18c3d-8398-1999-b791-959bcdd82107) - Closing
[0m19:38:44.405949 [debug] [ThreadPool]: On list_shopflow_analytics_cat_silver: Close
[0m19:38:44.408993 [debug] [ThreadPool]: Databricks adapter: Connection(session-id=01f18c3d-836e-1432-9a45-c75a7ec7881c) - Closing
[0m19:38:44.687612 [debug] [ThreadPool]: SQL status: OK in 1.740 seconds
[0m19:38:44.693839 [debug] [ThreadPool]: Databricks adapter: Cursor(session-id=01f18c3d-8398-1d4c-8e7a-990b8a7e4515, command-id=01f18c3d-83b2-1423-a3cb-8cc35c8229c3) - Closing
[0m19:38:44.693870 [debug] [ThreadPool]: On list_shopflow_analytics_cat_bronze: Close
[0m19:38:44.693870 [debug] [ThreadPool]: Databricks adapter: Connection(session-id=01f18c3d-8398-1d4c-8e7a-990b8a7e4515) - Closing
[0m19:38:45.023247 [debug] [ThreadPool]: SQL status: OK in 2.080 seconds
[0m19:38:45.042198 [debug] [ThreadPool]: Databricks adapter: Cursor(session-id=01f18c3d-839b-1a71-8e33-f043c5888f50, command-id=01f18c3d-83bc-1c94-bf06-7f93ce83416d) - Closing
[0m19:38:45.048179 [debug] [ThreadPool]: On list_shopflow_analytics_cat_gold: Close
[0m19:38:45.052179 [debug] [ThreadPool]: Databricks adapter: Connection(session-id=01f18c3d-839b-1a71-8e33-f043c5888f50) - Closing
[0m19:38:45.262392 [debug] [MainThread]: Sending event: {'category': 'dbt', 'action': 'runnable_timing', 'label': '94c19441-990c-432b-8120-1ea954595ca5', 'context': [<snowplow_tracker.self_describing_json.SelfDescribingJson object at 0x0000029CCBC45F40>]}
[0m19:38:45.315981 [info ] [MainThread]: Starting shopflow_analytics run
[0m19:38:45.318975 [debug] [MainThread]: Writing injected SQL for node "operation.shopflow_analytics.shopflow_analytics-on-run-start-0"
[0m19:38:45.368792 [info ] [MainThread]: 1 of 1 START hook: shopflow_analytics.on-run-start.0 ........................... [RUN]
[0m19:38:45.374461 [info ] [MainThread]: 1 of 1 OK hook: shopflow_analytics.on-run-start.0 .............................. [[32mOK[0m in 0.11s]
[0m19:38:45.375459 [info ] [MainThread]: 
[0m19:38:45.393123 [debug] [Thread-3 (]: Began running node model.shopflow_analytics.stg_order_items
[0m19:38:45.394121 [debug] [Thread-4 (]: Began running node model.shopflow_analytics.stg_orders
[0m19:38:45.396114 [debug] [Thread-5 (]: Began running node model.shopflow_analytics.stg_products
[0m19:38:45.394121 [info ] [Thread-3 (]: 1 of 8 START sql view model silver.stg_order_items ............................. [RUN]
[0m19:38:45.395117 [info ] [Thread-4 (]: 2 of 8 START sql view model silver.stg_orders .................................. [RUN]
[0m19:38:45.399106 [debug] [Thread-3 (]: Databricks adapter: DatabricksDBTConnection(session-id=None, name=model.shopflow_analytics.stg_order_items) - Creating connection
[0m19:38:45.401101 [debug] [Thread-4 (]: Databricks adapter: DatabricksDBTConnection(session-id=None, name=model.shopflow_analytics.stg_orders) - Creating connection
[0m19:38:45.397111 [info ] [Thread-5 (]: 3 of 8 START sql view model silver.stg_products ................................ [RUN]
[0m19:38:45.402099 [debug] [Thread-3 (]: Acquiring new databricks connection 'model.shopflow_analytics.stg_order_items'
[0m19:38:45.406092 [debug] [Thread-4 (]: Acquiring new databricks connection 'model.shopflow_analytics.stg_orders'
[0m19:38:45.409096 [debug] [Thread-5 (]: Databricks adapter: DatabricksDBTConnection(session-id=None, name=model.shopflow_analytics.stg_products) - Creating connection
[0m19:38:45.411081 [debug] [Thread-3 (]: Began compiling node model.shopflow_analytics.stg_order_items
[0m19:38:45.413069 [debug] [Thread-4 (]: Began compiling node model.shopflow_analytics.stg_orders
[0m19:38:45.413069 [debug] [Thread-5 (]: Acquiring new databricks connection 'model.shopflow_analytics.stg_products'
[0m19:38:45.416060 [debug] [Thread-3 (]: Writing injected SQL for node "model.shopflow_analytics.stg_order_items"
[0m19:38:45.419052 [debug] [Thread-4 (]: Writing injected SQL for node "model.shopflow_analytics.stg_orders"
[0m19:38:45.420050 [debug] [Thread-5 (]: Began compiling node model.shopflow_analytics.stg_products
[0m19:38:45.427607 [debug] [Thread-5 (]: Writing injected SQL for node "model.shopflow_analytics.stg_products"
[0m19:38:45.432958 [debug] [Thread-5 (]: Began executing node model.shopflow_analytics.stg_products
[0m19:38:45.433955 [debug] [Thread-4 (]: Began executing node model.shopflow_analytics.stg_orders
[0m19:38:45.460881 [debug] [Thread-3 (]: Began executing node model.shopflow_analytics.stg_order_items
[0m19:38:45.473055 [debug] [Thread-5 (]: MATERIALIZING VIEW
[0m19:38:45.475044 [debug] [Thread-4 (]: MATERIALIZING VIEW
[0m19:38:45.478035 [debug] [Thread-3 (]: MATERIALIZING VIEW
[0m19:38:45.501133 [debug] [Thread-5 (]: Creating view `shopflow_analytics_cat`.`silver`.`stg_products`
[0m19:38:45.503128 [debug] [Thread-4 (]: Creating view `shopflow_analytics_cat`.`silver`.`stg_orders`
[0m19:38:45.506123 [debug] [Thread-3 (]: Creating view `shopflow_analytics_cat`.`silver`.`stg_order_items`
[0m19:38:45.528060 [debug] [Thread-4 (]: Writing runtime sql for node "model.shopflow_analytics.stg_orders"
[0m19:38:45.531052 [debug] [Thread-5 (]: Writing runtime sql for node "model.shopflow_analytics.stg_products"
[0m19:38:45.533048 [debug] [Thread-3 (]: Writing runtime sql for node "model.shopflow_analytics.stg_order_items"
[0m19:38:45.536039 [debug] [Thread-3 (]: Using databricks connection "model.shopflow_analytics.stg_order_items"
[0m19:38:45.538039 [debug] [Thread-3 (]: On model.shopflow_analytics.stg_order_items: /* {"app": "dbt", "dbt_version": "1.12.0", "dbt_databricks_version": "1.12.3", "databricks_sql_connector_version": "4.3.0", "profile_name": "shopflow_analytics", "target_name": "dev", "invocation_id": "94c19441-990c-432b-8120-1ea954595ca5", "node_id": "model.shopflow_analytics.stg_order_items"} */

  
  
  
  create or replace view `shopflow_analytics_cat`.`silver`.`stg_order_items`
  
  as (
    -- Staging: order line items
with source as (
    select * from `shopflow_analytics_cat`.`bronze`.`raw_order_items`
),

renamed as (
    select
        order_item_id,
        order_id,
        product_id,
        cast(quantity as int) as quantity,
        cast(unit_price as decimal(12, 2)) as unit_price
    from source
)

select * from renamed
  )

[0m19:38:45.540035 [debug] [Thread-4 (]: Using databricks connection "model.shopflow_analytics.stg_orders"
[0m19:38:45.541026 [debug] [Thread-3 (]: Opening a new connection, currently in state init
[0m19:38:45.542023 [debug] [Thread-4 (]: On model.shopflow_analytics.stg_orders: /* {"app": "dbt", "dbt_version": "1.12.0", "dbt_databricks_version": "1.12.3", "databricks_sql_connector_version": "4.3.0", "profile_name": "shopflow_analytics", "target_name": "dev", "invocation_id": "94c19441-990c-432b-8120-1ea954595ca5", "node_id": "model.shopflow_analytics.stg_orders"} */

  
  
  
  create or replace view `shopflow_analytics_cat`.`silver`.`stg_orders`
  
  as (
    -- Staging: orders
with source as (
    select * from `shopflow_analytics_cat`.`bronze`.`raw_orders`
),

renamed as (
    select
        order_id,
        customer_id,
        cast(order_date as date) as order_date,
        lower(trim(status)) as status,
        cast(total_amount as decimal(12, 2)) as total_amount
    from source
)

select * from renamed
  )

[0m19:38:45.543021 [debug] [Thread-5 (]: Using databricks connection "model.shopflow_analytics.stg_products"
[0m19:38:45.544017 [debug] [Thread-4 (]: Opening a new connection, currently in state init
[0m19:38:45.545016 [debug] [Thread-5 (]: On model.shopflow_analytics.stg_products: /* {"app": "dbt", "dbt_version": "1.12.0", "dbt_databricks_version": "1.12.3", "databricks_sql_connector_version": "4.3.0", "profile_name": "shopflow_analytics", "target_name": "dev", "invocation_id": "94c19441-990c-432b-8120-1ea954595ca5", "node_id": "model.shopflow_analytics.stg_products"} */

  
  
  
  create or replace view `shopflow_analytics_cat`.`silver`.`stg_products`
  
  as (
    -- Staging: products
with source as (
    select * from `shopflow_analytics_cat`.`bronze`.`raw_products`
),

renamed as (
    select
        product_id,
        trim(product_name) as product_name,
        trim(category) as category,
        cast(price as decimal(12, 2)) as price
    from source
)

select * from renamed
  )

[0m19:38:45.547009 [debug] [Thread-5 (]: Opening a new connection, currently in state init
[0m19:38:47.067006 [debug] [Thread-4 (]: Databricks adapter: Connection(session-id=01f18c3d-8534-1de0-8411-2a8f8359de2e) - Created
[0m19:38:47.067968 [debug] [Thread-3 (]: Databricks adapter: Connection(session-id=01f18c3d-853d-17e4-8a7d-3c9dcc1adb71) - Created
[0m19:38:47.069964 [debug] [Thread-5 (]: Databricks adapter: Connection(session-id=01f18c3d-8538-1cd0-8352-5e5136120cc0) - Created
[0m19:38:48.539098 [debug] [Thread-3 (]: SQL status: OK in 3.000 seconds
[0m19:38:48.542088 [debug] [Thread-4 (]: SQL status: OK in 3.000 seconds
[0m19:38:48.546077 [debug] [Thread-3 (]: Databricks adapter: Cursor(session-id=01f18c3d-853d-17e4-8a7d-3c9dcc1adb71, command-id=01f18c3d-8591-16eb-93e6-a092778a8d3b) - Closing
[0m19:38:48.549069 [debug] [Thread-4 (]: Databricks adapter: Cursor(session-id=01f18c3d-8534-1de0-8411-2a8f8359de2e, command-id=01f18c3d-858f-16ee-8a3a-3ee11817b1fa) - Closing
[0m19:38:48.582079 [debug] [Thread-3 (]: Applying tags to relation None
[0m19:38:48.589081 [debug] [Thread-5 (]: SQL status: OK in 3.040 seconds
[0m19:38:48.595244 [debug] [Thread-4 (]: Applying tags to relation None
[0m19:38:48.603233 [debug] [Thread-3 (]: On model.shopflow_analytics.stg_order_items: Close
[0m19:38:48.606214 [debug] [Thread-5 (]: Databricks adapter: Cursor(session-id=01f18c3d-8538-1cd0-8352-5e5136120cc0, command-id=01f18c3d-8591-1855-b967-ee88924eebec) - Closing
[0m19:38:48.607212 [debug] [Thread-3 (]: Databricks adapter: Connection(session-id=01f18c3d-853d-17e4-8a7d-3c9dcc1adb71) - Closing
[0m19:38:48.609206 [debug] [Thread-5 (]: Applying tags to relation None
[0m19:38:48.925047 [debug] [Thread-4 (]: On model.shopflow_analytics.stg_orders: Close
[0m19:38:48.927041 [debug] [Thread-4 (]: Databricks adapter: Connection(session-id=01f18c3d-8534-1de0-8411-2a8f8359de2e) - Closing
[0m19:38:49.133637 [debug] [Thread-5 (]: On model.shopflow_analytics.stg_products: Close
[0m19:38:49.137642 [debug] [Thread-5 (]: Databricks adapter: Connection(session-id=01f18c3d-8538-1cd0-8352-5e5136120cc0) - Closing
[0m19:38:49.345668 [debug] [Thread-3 (]: Sending event: {'category': 'dbt', 'action': 'run_model', 'label': '94c19441-990c-432b-8120-1ea954595ca5', 'context': [<snowplow_tracker.self_describing_json.SelfDescribingJson object at 0x0000029CC79F6C60>]}
[0m19:38:49.347662 [debug] [Thread-4 (]: Sending event: {'category': 'dbt', 'action': 'run_model', 'label': '94c19441-990c-432b-8120-1ea954595ca5', 'context': [<snowplow_tracker.self_describing_json.SelfDescribingJson object at 0x0000029CD3DB4530>]}
[0m19:38:49.348659 [debug] [Thread-5 (]: Sending event: {'category': 'dbt', 'action': 'run_model', 'label': '94c19441-990c-432b-8120-1ea954595ca5', 'context': [<snowplow_tracker.self_describing_json.SelfDescribingJson object at 0x0000029CCBC554F0>]}
[0m19:38:49.349657 [info ] [Thread-3 (]: 1 of 8 OK created sql view model silver.stg_order_items ........................ [[32mOK[0m in 3.95s]
[0m19:38:49.358160 [debug] [Thread-3 (]: Finished running node model.shopflow_analytics.stg_order_items
[0m19:38:49.351654 [info ] [Thread-4 (]: 2 of 8 OK created sql view model silver.stg_orders ............................. [[32mOK[0m in 3.94s]
[0m19:38:49.360156 [debug] [Thread-4 (]: Finished running node model.shopflow_analytics.stg_orders
[0m19:38:49.353376 [info ] [Thread-5 (]: 3 of 8 OK created sql view model silver.stg_products ........................... [[32mOK[0m in 3.94s]
[0m19:38:49.362150 [debug] [Thread-5 (]: Finished running node model.shopflow_analytics.stg_products
[0m19:38:49.363147 [debug] [Thread-6 (]: Began running node model.shopflow_analytics.int_orders_enriched
[0m19:38:49.365250 [debug] [Thread-4 (]: Began running node model.shopflow_analytics.dim_products
[0m19:38:49.370244 [debug] [Thread-3 (]: Began running node model.shopflow_analytics.int_order_items_with_product
[0m19:38:49.364144 [info ] [Thread-6 (]: 4 of 8 START sql view model silver.int_orders_enriched ......................... [RUN]
[0m19:38:49.373230 [debug] [Thread-6 (]: Databricks adapter: DatabricksDBTConnection(session-id=None, name=model.shopflow_analytics.int_orders_enriched) - Creating connection
[0m19:38:49.373230 [debug] [Thread-6 (]: Acquiring new databricks connection 'model.shopflow_analytics.int_orders_enriched'
[0m19:38:49.374226 [debug] [Thread-6 (]: Began compiling node model.shopflow_analytics.int_orders_enriched
[0m19:38:49.381209 [debug] [Thread-6 (]: Writing injected SQL for node "model.shopflow_analytics.int_orders_enriched"
[0m19:38:49.384202 [debug] [Thread-6 (]: Began executing node model.shopflow_analytics.int_orders_enriched
[0m19:38:49.387192 [debug] [Thread-6 (]: MATERIALIZING VIEW
[0m19:38:49.390185 [debug] [Thread-6 (]: Creating view `shopflow_analytics_cat`.`silver`.`int_orders_enriched`
[0m19:38:49.392179 [debug] [Thread-6 (]: Writing runtime sql for node "model.shopflow_analytics.int_orders_enriched"
[0m19:38:49.394172 [debug] [Thread-6 (]: Using databricks connection "model.shopflow_analytics.int_orders_enriched"
[0m19:38:49.395171 [debug] [Thread-6 (]: On model.shopflow_analytics.int_orders_enriched: /* {"app": "dbt", "dbt_version": "1.12.0", "dbt_databricks_version": "1.12.3", "databricks_sql_connector_version": "4.3.0", "profile_name": "shopflow_analytics", "target_name": "dev", "invocation_id": "94c19441-990c-432b-8120-1ea954595ca5", "node_id": "model.shopflow_analytics.int_orders_enriched"} */

  
  
  
  create or replace view `shopflow_analytics_cat`.`silver`.`int_orders_enriched`
  
  as (
    -- One row per order with customer and order-item aggregates
with orders as (
    select * from `shopflow_analytics_cat`.`silver`.`stg_orders`
),

customers as (
    select * from `shopflow_analytics_cat`.`gold`.`scd_customers`
    where dbt_valid_to is null
),

order_items as (
    select
        order_id,
        count(*) as line_count,
        sum(quantity) as total_quantity,
        sum(quantity * unit_price) as line_total_amount
    from `shopflow_analytics_cat`.`silver`.`stg_order_items`
    group by order_id
),

joined as (
    select
        orders.order_id,
        orders.customer_id,
        orders.order_date,
        orders.status,
        orders.total_amount as order_total_amount,
        customers.first_name as customer_first_name,
        customers.last_name as customer_last_name,
        customers.email as customer_email,
        customers.country as customer_country,
        customers.created_at as customer_created_at,
        coalesce(order_items.line_count, 0) as line_count,
        coalesce(order_items.total_quantity, 0) as total_quantity,
        coalesce(order_items.line_total_amount, 0) as line_total_amount
    from orders
    left join customers on orders.customer_id = customers.customer_id
    left join order_items on orders.order_id = order_items.order_id
)

select * from joined
  )

[0m19:38:49.396168 [debug] [Thread-6 (]: Opening a new connection, currently in state init
[0m19:38:49.367245 [info ] [Thread-4 (]: 5 of 8 START sql table model gold.dim_products ................................. [RUN]
[0m19:38:49.371235 [info ] [Thread-3 (]: 6 of 8 START sql view model silver.int_order_items_with_product ................ [RUN]
[0m19:38:49.464704 [debug] [Thread-4 (]: Databricks adapter: DatabricksDBTConnection(session-id=None, name=model.shopflow_analytics.dim_products) - Creating connection
[0m19:38:49.481658 [debug] [Thread-3 (]: Databricks adapter: DatabricksDBTConnection(session-id=None, name=model.shopflow_analytics.int_order_items_with_product) - Creating connection
[0m19:38:49.482655 [debug] [Thread-4 (]: Acquiring new databricks connection 'model.shopflow_analytics.dim_products'
[0m19:38:49.537977 [debug] [Thread-3 (]: Acquiring new databricks connection 'model.shopflow_analytics.int_order_items_with_product'
[0m19:38:49.554928 [debug] [Thread-4 (]: Began compiling node model.shopflow_analytics.dim_products
[0m19:38:49.555926 [debug] [Thread-3 (]: Began compiling node model.shopflow_analytics.int_order_items_with_product
[0m19:38:49.577867 [debug] [Thread-4 (]: Writing injected SQL for node "model.shopflow_analytics.dim_products"
[0m19:38:49.581855 [debug] [Thread-3 (]: Writing injected SQL for node "model.shopflow_analytics.int_order_items_with_product"
[0m19:38:49.588837 [debug] [Thread-3 (]: Began executing node model.shopflow_analytics.int_order_items_with_product
[0m19:38:49.591790 [debug] [Thread-3 (]: MATERIALIZING VIEW
[0m19:38:49.592788 [debug] [Thread-3 (]: Creating view `shopflow_analytics_cat`.`silver`.`int_order_items_with_product`
[0m19:38:49.593812 [debug] [Thread-3 (]: Writing runtime sql for node "model.shopflow_analytics.int_order_items_with_product"
[0m19:38:49.593812 [debug] [Thread-4 (]: Began executing node model.shopflow_analytics.dim_products
[0m19:38:49.620928 [debug] [Thread-4 (]: MATERIALIZING TABLE
[0m19:38:49.652842 [debug] [Thread-3 (]: Using databricks connection "model.shopflow_analytics.int_order_items_with_product"
[0m19:38:49.663813 [debug] [Thread-4 (]: Using databricks connection "model.shopflow_analytics.dim_products"
[0m19:38:49.663813 [debug] [Thread-3 (]: On model.shopflow_analytics.int_order_items_with_product: /* {"app": "dbt", "dbt_version": "1.12.0", "dbt_databricks_version": "1.12.3", "databricks_sql_connector_version": "4.3.0", "profile_name": "shopflow_analytics", "target_name": "dev", "invocation_id": "94c19441-990c-432b-8120-1ea954595ca5", "node_id": "model.shopflow_analytics.int_order_items_with_product"} */

  
  
  
  create or replace view `shopflow_analytics_cat`.`silver`.`int_order_items_with_product`
  
  as (
    -- One row per order line with product and order context
with order_items as (
    select * from `shopflow_analytics_cat`.`silver`.`stg_order_items`
),

products as (
    select * from `shopflow_analytics_cat`.`silver`.`stg_products`
),

orders as (
    select order_id, customer_id, order_date, status
    from `shopflow_analytics_cat`.`silver`.`stg_orders`
),

joined as (
    select
        order_items.order_item_id,
        order_items.order_id,
        order_items.product_id,
        order_items.quantity,
        order_items.unit_price,
        (order_items.quantity * order_items.unit_price) as line_total,
        products.product_name,
        products.category as product_category,
        products.price as product_current_price,
        orders.customer_id,
        orders.order_date,
        orders.status as order_status
    from order_items
    left join products on order_items.product_id = products.product_id
    left join orders on order_items.order_id = orders.order_id
)

select * from joined
  )

[0m19:38:49.664891 [debug] [Thread-4 (]: On model.shopflow_analytics.dim_products: /* {"app": "dbt", "dbt_version": "1.12.0", "dbt_databricks_version": "1.12.3", "databricks_sql_connector_version": "4.3.0", "profile_name": "shopflow_analytics", "target_name": "dev", "invocation_id": "94c19441-990c-432b-8120-1ea954595ca5", "node_id": "model.shopflow_analytics.dim_products"} */
SELECT
    table_catalog,
    table_schema,
    table_name,
    filter_name,
    target_columns
  FROM `shopflow_analytics_cat`.`information_schema`.`row_filters`
  WHERE table_catalog = 'shopflow_analytics_cat'
    AND table_schema = 'gold'
    AND table_name = 'dim_products'
[0m19:38:49.665889 [debug] [Thread-3 (]: Opening a new connection, currently in state init
[0m19:38:49.665889 [debug] [Thread-4 (]: Opening a new connection, currently in state init
[0m19:38:50.644472 [debug] [Thread-6 (]: Databricks adapter: Connection(session-id=01f18c3d-876e-1eab-abcb-91b9afc630e4) - Created
[0m19:38:50.812093 [debug] [Thread-3 (]: Databricks adapter: Connection(session-id=01f18c3d-87a7-1df9-8794-d595db71c426) - Created
[0m19:38:50.960343 [debug] [Thread-4 (]: Databricks adapter: Connection(session-id=01f18c3d-87be-1974-a1bb-b3f993a6a539) - Created
[0m19:38:51.584118 [debug] [Thread-4 (]: SQL status: OK in 1.920 seconds
[0m19:38:51.594088 [debug] [Thread-4 (]: Databricks adapter: Cursor(session-id=01f18c3d-87be-1974-a1bb-b3f993a6a539, command-id=01f18c3d-87d9-1b24-ae15-daf01b2981fe) - Closing
[0m19:38:51.683919 [debug] [Thread-4 (]: Writing runtime sql for node "model.shopflow_analytics.dim_products"
[0m19:38:51.686911 [debug] [Thread-4 (]: Using databricks connection "model.shopflow_analytics.dim_products"
[0m19:38:51.688905 [debug] [Thread-4 (]: On model.shopflow_analytics.dim_products: /* {"app": "dbt", "dbt_version": "1.12.0", "dbt_databricks_version": "1.12.3", "databricks_sql_connector_version": "4.3.0", "profile_name": "shopflow_analytics", "target_name": "dev", "invocation_id": "94c19441-990c-432b-8120-1ea954595ca5", "node_id": "model.shopflow_analytics.dim_products"} */

  
    
        create or replace table `shopflow_analytics_cat`.`gold`.`dim_products`
      
      
    using delta
  
      
      
      
      
      
      
      
      
      as
      -- Dimension: one row per product
with products as (
    select * from `shopflow_analytics_cat`.`silver`.`stg_products`
),

final as (
    select
        product_id,
        product_name,
        category,
        price,
        md5(cast(concat(coalesce(cast(product_id as string), '_dbt_utils_surrogate_key_null_')) as string)) as product_key
    from products
)

select * from final
  
[0m19:38:52.753378 [debug] [Thread-6 (]: SQL status: OK in 3.360 seconds
[0m19:38:52.756371 [debug] [Thread-6 (]: Databricks adapter: Cursor(session-id=01f18c3d-876e-1eab-abcb-91b9afc630e4, command-id=01f18c3d-87a7-1acb-903a-a7b168588871) - Closing
[0m19:38:52.757368 [debug] [Thread-6 (]: Applying tags to relation None
[0m19:38:52.757368 [debug] [Thread-6 (]: On model.shopflow_analytics.int_orders_enriched: Close
[0m19:38:52.758366 [debug] [Thread-6 (]: Databricks adapter: Connection(session-id=01f18c3d-876e-1eab-abcb-91b9afc630e4) - Closing
[0m19:38:52.953374 [debug] [Thread-6 (]: Sending event: {'category': 'dbt', 'action': 'run_model', 'label': '94c19441-990c-432b-8120-1ea954595ca5', 'context': [<snowplow_tracker.self_describing_json.SelfDescribingJson object at 0x0000029CD43A64E0>]}
[0m19:38:52.959403 [info ] [Thread-6 (]: 4 of 8 OK created sql view model silver.int_orders_enriched .................... [[32mOK[0m in 3.58s]
[0m19:38:52.964343 [debug] [Thread-6 (]: Finished running node model.shopflow_analytics.int_orders_enriched
[0m19:38:52.969331 [debug] [Thread-5 (]: Began running node model.shopflow_analytics.fct_orders
[0m19:38:52.975321 [info ] [Thread-5 (]: 7 of 8 START sql incremental model gold.fct_orders ............................. [RUN]
[0m19:38:52.996257 [debug] [Thread-5 (]: Databricks adapter: DatabricksDBTConnection(session-id=None, name=model.shopflow_analytics.fct_orders) - Creating connection
[0m19:38:53.005243 [debug] [Thread-5 (]: Acquiring new databricks connection 'model.shopflow_analytics.fct_orders'
[0m19:38:53.010228 [debug] [Thread-5 (]: Began compiling node model.shopflow_analytics.fct_orders
[0m19:38:53.092757 [debug] [Thread-5 (]: Writing injected SQL for node "model.shopflow_analytics.fct_orders"
[0m19:38:53.112819 [debug] [Thread-5 (]: Began executing node model.shopflow_analytics.fct_orders
[0m19:38:53.209976 [debug] [Thread-5 (]: MATERIALIZING INCREMENTAL
[0m19:38:53.215961 [debug] [Thread-3 (]: SQL status: OK in 3.550 seconds
[0m19:38:53.244251 [debug] [Thread-5 (]: Using databricks connection "model.shopflow_analytics.fct_orders"
[0m19:38:53.247244 [debug] [Thread-3 (]: Databricks adapter: Cursor(session-id=01f18c3d-87a7-1df9-8794-d595db71c426, command-id=01f18c3d-8833-11b5-b8d9-0338153e13b3) - Closing
[0m19:38:53.250250 [debug] [Thread-5 (]: On model.shopflow_analytics.fct_orders: /* {"app": "dbt", "dbt_version": "1.12.0", "dbt_databricks_version": "1.12.3", "databricks_sql_connector_version": "4.3.0", "profile_name": "shopflow_analytics", "target_name": "dev", "invocation_id": "94c19441-990c-432b-8120-1ea954595ca5", "node_id": "model.shopflow_analytics.fct_orders"} */
SELECT
    table_catalog,
    table_schema,
    table_name,
    filter_name,
    target_columns
  FROM `shopflow_analytics_cat`.`information_schema`.`row_filters`
  WHERE table_catalog = 'shopflow_analytics_cat'
    AND table_schema = 'gold'
    AND table_name = 'fct_orders'
[0m19:38:53.252230 [debug] [Thread-3 (]: Applying tags to relation None
[0m19:38:53.253227 [debug] [Thread-5 (]: Opening a new connection, currently in state init
[0m19:38:53.254503 [debug] [Thread-3 (]: On model.shopflow_analytics.int_order_items_with_product: Close
[0m19:38:53.255500 [debug] [Thread-3 (]: Databricks adapter: Connection(session-id=01f18c3d-87a7-1df9-8794-d595db71c426) - Closing
[0m19:38:53.424073 [debug] [Thread-3 (]: Sending event: {'category': 'dbt', 'action': 'run_model', 'label': '94c19441-990c-432b-8120-1ea954595ca5', 'context': [<snowplow_tracker.self_describing_json.SelfDescribingJson object at 0x0000029CD3DFE540>]}
[0m19:38:53.424073 [info ] [Thread-3 (]: 6 of 8 OK created sql view model silver.int_order_items_with_product ........... [[32mOK[0m in 3.94s]
[0m19:38:53.429079 [debug] [Thread-3 (]: Finished running node model.shopflow_analytics.int_order_items_with_product
[0m19:38:53.430128 [debug] [Thread-6 (]: Began running node model.shopflow_analytics.fct_order_items
[0m19:38:53.431126 [info ] [Thread-6 (]: 8 of 8 START sql incremental model gold.fct_order_items ........................ [RUN]
[0m19:38:53.436677 [debug] [Thread-6 (]: Databricks adapter: DatabricksDBTConnection(session-id=None, name=model.shopflow_analytics.fct_order_items) - Creating connection
[0m19:38:53.438668 [debug] [Thread-6 (]: Acquiring new databricks connection 'model.shopflow_analytics.fct_order_items'
[0m19:38:53.440656 [debug] [Thread-6 (]: Began compiling node model.shopflow_analytics.fct_order_items
[0m19:38:53.449631 [debug] [Thread-6 (]: Writing injected SQL for node "model.shopflow_analytics.fct_order_items"
[0m19:38:53.451627 [debug] [Thread-6 (]: Began executing node model.shopflow_analytics.fct_order_items
[0m19:38:53.461599 [debug] [Thread-6 (]: MATERIALIZING INCREMENTAL
[0m19:38:53.509129 [debug] [Thread-6 (]: Using databricks connection "model.shopflow_analytics.fct_order_items"
[0m19:38:53.511124 [debug] [Thread-6 (]: On model.shopflow_analytics.fct_order_items: /* {"app": "dbt", "dbt_version": "1.12.0", "dbt_databricks_version": "1.12.3", "databricks_sql_connector_version": "4.3.0", "profile_name": "shopflow_analytics", "target_name": "dev", "invocation_id": "94c19441-990c-432b-8120-1ea954595ca5", "node_id": "model.shopflow_analytics.fct_order_items"} */
SELECT
    table_catalog,
    table_schema,
    table_name,
    filter_name,
    target_columns
  FROM `shopflow_analytics_cat`.`information_schema`.`row_filters`
  WHERE table_catalog = 'shopflow_analytics_cat'
    AND table_schema = 'gold'
    AND table_name = 'fct_order_items'
[0m19:38:53.516586 [debug] [Thread-6 (]: Opening a new connection, currently in state init
[0m19:38:54.182558 [debug] [Thread-5 (]: Databricks adapter: Connection(session-id=01f18c3d-89a6-1ff3-ad20-ee65d472d313) - Created
[0m19:38:54.518302 [debug] [Thread-6 (]: Databricks adapter: Connection(session-id=01f18c3d-89de-1e33-8570-d3b5e7f6d8d9) - Created
[0m19:38:55.068555 [debug] [Thread-5 (]: SQL status: OK in 1.810 seconds
[0m19:38:55.098333 [debug] [Thread-5 (]: Databricks adapter: Cursor(session-id=01f18c3d-89a6-1ff3-ad20-ee65d472d313, command-id=01f18c3d-89c4-16f9-a7ae-eedbfa607f98) - Closing
[0m19:38:55.104311 [debug] [Thread-5 (]: Writing runtime sql for node "model.shopflow_analytics.fct_orders"
[0m19:38:55.108299 [debug] [Thread-5 (]: Using databricks connection "model.shopflow_analytics.fct_orders"
[0m19:38:55.111292 [debug] [Thread-5 (]: On model.shopflow_analytics.fct_orders: /* {"app": "dbt", "dbt_version": "1.12.0", "dbt_databricks_version": "1.12.3", "databricks_sql_connector_version": "4.3.0", "profile_name": "shopflow_analytics", "target_name": "dev", "invocation_id": "94c19441-990c-432b-8120-1ea954595ca5", "node_id": "model.shopflow_analytics.fct_orders"} */

  
    
        create or replace table `shopflow_analytics_cat`.`gold`.`fct_orders`
      
      
    using delta
  
      
      
      
      
      
      
      
      
      as
      -- Fact: one row per order (incremental)


with orders_enriched as (
    select * from `shopflow_analytics_cat`.`silver`.`int_orders_enriched`
    
),

final as (
    select
        order_id,
        customer_id,
        order_date,
        status,
        order_total_amount as revenue,
        line_count as number_of_lines,
        total_quantity as total_units,
        customer_country,
        md5(cast(concat(coalesce(cast(order_id as string), '_dbt_utils_surrogate_key_null_')) as string)) as order_key
    from orders_enriched
)

select * from final
  
[0m19:38:55.610916 [debug] [Thread-6 (]: SQL status: OK in 2.090 seconds
[0m19:38:55.640256 [debug] [Thread-6 (]: Databricks adapter: Cursor(session-id=01f18c3d-89de-1e33-8570-d3b5e7f6d8d9, command-id=01f18c3d-89f9-1e32-a861-a483326f94dc) - Closing
[0m19:38:55.644001 [debug] [Thread-6 (]: Writing runtime sql for node "model.shopflow_analytics.fct_order_items"
[0m19:38:55.651404 [debug] [Thread-6 (]: Using databricks connection "model.shopflow_analytics.fct_order_items"
[0m19:38:55.652402 [debug] [Thread-6 (]: On model.shopflow_analytics.fct_order_items: /* {"app": "dbt", "dbt_version": "1.12.0", "dbt_databricks_version": "1.12.3", "databricks_sql_connector_version": "4.3.0", "profile_name": "shopflow_analytics", "target_name": "dev", "invocation_id": "94c19441-990c-432b-8120-1ea954595ca5", "node_id": "model.shopflow_analytics.fct_order_items"} */

  
    
        create or replace table `shopflow_analytics_cat`.`gold`.`fct_order_items`
      
      
    using delta
  
      
      
      
      
      
      
      
      
      as
      -- Fact: one row per order line (incremental)


with line_items as (
    select * from `shopflow_analytics_cat`.`silver`.`int_order_items_with_product`
    
),

final as (
    select
        order_item_id,
        order_id,
        product_id,
        quantity,
        unit_price,
        line_total as revenue,
        product_name,
        product_category,
        customer_id,
        order_date,
        order_status
    from line_items
)

select * from final
  
[0m19:39:04.354745 [debug] [Thread-6 (]: SQL status: OK in 8.700 seconds
[0m19:39:04.358734 [debug] [Thread-6 (]: Databricks adapter: Cursor(session-id=01f18c3d-89de-1e33-8570-d3b5e7f6d8d9, command-id=01f18c3d-8aa6-1048-97eb-8dd46682e26f) - Closing
[0m19:39:04.363719 [debug] [Thread-4 (]: SQL status: OK in 12.670 seconds
[0m19:39:04.365353 [debug] [Thread-4 (]: Databricks adapter: Cursor(session-id=01f18c3d-87be-1974-a1bb-b3f993a6a539, command-id=01f18c3d-8849-18df-a0ac-9e715f42eaf0) - Closing
[0m19:39:04.429143 [debug] [Thread-5 (]: SQL status: OK in 9.310 seconds
[0m19:39:04.430141 [debug] [Thread-5 (]: Databricks adapter: Cursor(session-id=01f18c3d-89a6-1ff3-ad20-ee65d472d313, command-id=01f18c3d-8a52-1b76-b0cd-b9ce6ccc100c) - Closing
[0m19:39:04.578376 [debug] [Thread-6 (]: Applying tags to relation None
[0m19:39:04.593652 [debug] [Thread-6 (]: On model.shopflow_analytics.fct_order_items: Close
[0m19:39:04.594648 [debug] [Thread-6 (]: Databricks adapter: Connection(session-id=01f18c3d-89de-1e33-8570-d3b5e7f6d8d9) - Closing
[0m19:39:04.614594 [debug] [Thread-4 (]: Applying tags to relation None
[0m19:39:04.644822 [debug] [Thread-5 (]: Applying tags to relation None
[0m19:39:04.782973 [debug] [Thread-4 (]: On model.shopflow_analytics.dim_products: Close
[0m19:39:04.783967 [debug] [Thread-4 (]: Databricks adapter: Connection(session-id=01f18c3d-87be-1974-a1bb-b3f993a6a539) - Closing
[0m19:39:04.992237 [debug] [Thread-5 (]: On model.shopflow_analytics.fct_orders: Close
[0m19:39:04.994235 [debug] [Thread-5 (]: Databricks adapter: Connection(session-id=01f18c3d-89a6-1ff3-ad20-ee65d472d313) - Closing
[0m19:39:05.205418 [debug] [Thread-6 (]: Sending event: {'category': 'dbt', 'action': 'run_model', 'label': '94c19441-990c-432b-8120-1ea954595ca5', 'context': [<snowplow_tracker.self_describing_json.SelfDescribingJson object at 0x0000029CD3DFE8A0>]}
[0m19:39:05.207409 [debug] [Thread-4 (]: Sending event: {'category': 'dbt', 'action': 'run_model', 'label': '94c19441-990c-432b-8120-1ea954595ca5', 'context': [<snowplow_tracker.self_describing_json.SelfDescribingJson object at 0x0000029CD3DFFBC0>]}
[0m19:39:05.213394 [debug] [Thread-5 (]: Sending event: {'category': 'dbt', 'action': 'run_model', 'label': '94c19441-990c-432b-8120-1ea954595ca5', 'context': [<snowplow_tracker.self_describing_json.SelfDescribingJson object at 0x0000029CD3DFD8B0>]}
[0m19:39:05.211397 [info ] [Thread-6 (]: 8 of 8 OK created sql incremental model gold.fct_order_items ................... [[32mOK[0m in 11.77s]
[0m19:39:05.226874 [debug] [Thread-6 (]: Finished running node model.shopflow_analytics.fct_order_items
[0m19:39:05.216600 [info ] [Thread-4 (]: 5 of 8 OK created sql table model gold.dim_products ............................ [[32mOK[0m in 15.74s]
[0m19:39:05.232858 [debug] [Thread-4 (]: Finished running node model.shopflow_analytics.dim_products
[0m19:39:05.219890 [info ] [Thread-5 (]: 7 of 8 OK created sql incremental model gold.fct_orders ........................ [[32mOK[0m in 12.22s]
[0m19:39:05.241833 [debug] [Thread-5 (]: Finished running node model.shopflow_analytics.fct_orders
[0m19:39:05.261778 [debug] [MainThread]: Databricks adapter: DatabricksDBTConnection(session-id=None, name=master) - Creating connection
[0m19:39:05.262776 [debug] [MainThread]: Acquiring new databricks connection 'master'
[0m19:39:05.263774 [info ] [MainThread]: 
[0m19:39:05.276737 [info ] [MainThread]: Finished shopflow_analytics run
[0m19:39:05.302667 [debug] [MainThread]: Writing injected SQL for node "operation.shopflow_analytics.shopflow_analytics-on-run-end-0"
[0m19:39:05.313637 [info ] [MainThread]: 1 of 1 START hook: shopflow_analytics.on-run-end.0 ............................. [RUN]
[0m19:39:05.315900 [info ] [MainThread]: 1 of 1 OK hook: shopflow_analytics.on-run-end.0 ................................ [[32mOK[0m in 0.05s]
[0m19:39:05.317896 [info ] [MainThread]: 
[0m19:39:05.319533 [info ] [MainThread]: Finished running 2 incremental models, 2 project hooks, 1 table model, 5 view models in 0 hours 0 minutes and 27.89 seconds (27.89s).
[0m19:39:05.332421 [debug] [MainThread]: Command end result
[0m19:39:05.491722 [debug] [MainThread]: Wrote artifact WritableManifest to C:\Users\Utilisateur\Desktop\Auto E TS\Datanoumrite\DBT ENG PROJECT\ddd-engineering-project\target\manifest.json
[0m19:39:05.495710 [debug] [MainThread]: Wrote artifact SemanticManifest to C:\Users\Utilisateur\Desktop\Auto E TS\Datanoumrite\DBT ENG PROJECT\ddd-engineering-project\target\semantic_manifest.json
[0m19:39:05.501695 [debug] [MainThread]: Wrote artifact OsiDocument to C:\Users\Utilisateur\Desktop\Auto E TS\Datanoumrite\DBT ENG PROJECT\ddd-engineering-project\target\osi_document.json
[0m19:39:05.527625 [debug] [MainThread]: Wrote artifact RunExecutionResult to C:\Users\Utilisateur\Desktop\Auto E TS\Datanoumrite\DBT ENG PROJECT\ddd-engineering-project\target\run_results.json
[0m19:39:05.528624 [info ] [MainThread]: 
[0m19:39:05.532612 [info ] [MainThread]: [32mCompleted successfully[0m
[0m19:39:05.533609 [info ] [MainThread]: 
[0m19:39:05.533609 [info ] [MainThread]: Done. PASS=10 WARN=0 ERROR=0 SKIP=0 NO-OP=0 REUSED=0 TOTAL=10
[0m19:39:05.535605 [debug] [MainThread]: Command `dbt run` succeeded at 19:39:05.535605 after 36.70 seconds
[0m19:39:05.535605 [debug] [MainThread]: Sending event: {'category': 'dbt', 'action': 'invocation', 'label': 'end', 'context': [<snowplow_tracker.self_describing_json.SelfDescribingJson object at 0x0000029CC8105550>, <snowplow_tracker.self_describing_json.SelfDescribingJson object at 0x0000029CC8105520>, <snowplow_tracker.self_describing_json.SelfDescribingJson object at 0x0000029CC80CD910>]}
[0m19:39:05.544150 [debug] [MainThread]: Flushing usage events
[0m19:39:06.942655 [debug] [MainThread]: An error was encountered while trying to flush usage events
[0m19:59:56.210368 [debug] [MainThread]: Sending event: {'category': 'dbt', 'action': 'invocation', 'label': 'start', 'context': [<snowplow_tracker.self_describing_json.SelfDescribingJson object at 0x000002A8F41F7440>, <snowplow_tracker.self_describing_json.SelfDescribingJson object at 0x000002A8F1E6B170>, <snowplow_tracker.self_describing_json.SelfDescribingJson object at 0x000002A8F4229AC0>]}


============================== 19:59:56.218347 | 5cba78ba-82a4-4c94-a500-69b4aea3ba64 ==============================
[0m19:59:56.218347 [info ] [MainThread]: Running with dbt=1.12.0
[0m19:59:56.219345 [debug] [MainThread]: running dbt with arguments {'version_check': 'True', 'no_print': 'None', 'maximum_seed_size_mib': '1', 'warn_error_options': 'WarnErrorOptionsV2(error=[], warn=[], silence=[])', 'target_path': 'None', 'static_parser': 'True', 'printer_width': '80', 'write_json': 'True', 'empty': 'False', 'log_cache_events': 'False', 'introspect': 'True', 'cache_selected_only': 'False', 'log_format': 'default', 'debug': 'False', 'fail_fast': 'False', 'partial_parse': 'True', 'send_anonymous_usage_stats': 'True', 'quiet': 'False', 'warn_error': 'None', 'profiles_dir': 'C:\\Users\\Utilisateur\\Desktop\\Auto E TS\\Datanoumrite\\DBT ENG PROJECT\\ddd-engineering-project', 'invocation_command': 'dbt run', 'hints_enabled': 'True', 'indirect_selection': 'eager', 'use_experimental_parser': 'False', 'use_colors': 'True', 'log_path': 'C:\\Users\\Utilisateur\\Desktop\\Auto E TS\\Datanoumrite\\DBT ENG PROJECT\\ddd-engineering-project\\logs'}
[0m19:59:57.816030 [debug] [MainThread]: Spark adapter: Setting pyhive.hive logging to ERROR
[0m19:59:57.817031 [debug] [MainThread]: Spark adapter: Setting thrift.transport logging to ERROR
[0m19:59:57.817031 [debug] [MainThread]: Spark adapter: Setting thrift.protocol logging to ERROR
[0m19:59:59.993454 [debug] [MainThread]: Sending event: {'category': 'dbt', 'action': 'project_id', 'label': '5cba78ba-82a4-4c94-a500-69b4aea3ba64', 'context': [<snowplow_tracker.self_describing_json.SelfDescribingJson object at 0x000002A8F25EF3E0>]}
[0m20:00:00.106393 [debug] [MainThread]: Sending event: {'category': 'dbt', 'action': 'adapter_info', 'label': '5cba78ba-82a4-4c94-a500-69b4aea3ba64', 'context': [<snowplow_tracker.self_describing_json.SelfDescribingJson object at 0x000002A8FB891940>]}
[0m20:00:00.107391 [info ] [MainThread]: Registered adapter: databricks=1.12.3
[0m20:00:00.831740 [debug] [MainThread]: checksum: 084b7dca7de436582dfd47cda807ce894c1aacc971f621924e28a9827d1c7273, vars: {}, profile: shopflow_analytics, target: dev, version: 1.12.0
[0m20:00:01.334002 [debug] [MainThread]: Partial parsing enabled: 0 files deleted, 0 files added, 0 files changed.
[0m20:00:01.334998 [debug] [MainThread]: Nothing changed, skipping partial parsing.
[0m20:00:01.334998 [debug] [MainThread]: Partial parsing enabled, no changes found, skipping parsing
[0m20:00:01.357938 [debug] [MainThread]: Sending event: {'category': 'dbt', 'action': 'load_project', 'label': '5cba78ba-82a4-4c94-a500-69b4aea3ba64', 'context': [<snowplow_tracker.self_describing_json.SelfDescribingJson object at 0x000002A8FE4D6FF0>]}
[0m20:00:01.817376 [debug] [MainThread]: Wrote artifact WritableManifest to C:\Users\Utilisateur\Desktop\Auto E TS\Datanoumrite\DBT ENG PROJECT\ddd-engineering-project\target\manifest.json
[0m20:00:01.831337 [debug] [MainThread]: Wrote artifact SemanticManifest to C:\Users\Utilisateur\Desktop\Auto E TS\Datanoumrite\DBT ENG PROJECT\ddd-engineering-project\target\semantic_manifest.json
[0m20:00:01.896559 [debug] [MainThread]: Wrote artifact OsiDocument to C:\Users\Utilisateur\Desktop\Auto E TS\Datanoumrite\DBT ENG PROJECT\ddd-engineering-project\target\osi_document.json
[0m20:00:01.923205 [debug] [MainThread]: Sending event: {'category': 'dbt', 'action': 'resource_counts', 'label': '5cba78ba-82a4-4c94-a500-69b4aea3ba64', 'context': [<snowplow_tracker.self_describing_json.SelfDescribingJson object at 0x000002A8FE5C1E50>]}
[0m20:00:01.924202 [info ] [MainThread]: Found 8 models, 1 snapshot, 37 data tests, 4 seeds, 2 operations, 3 exposures, 888 macros
[0m20:00:01.925198 [debug] [MainThread]: Sending event: {'category': 'dbt', 'action': 'runnable_timing', 'label': '5cba78ba-82a4-4c94-a500-69b4aea3ba64', 'context': [<snowplow_tracker.self_describing_json.SelfDescribingJson object at 0x000002A8FE5E7110>]}
[0m20:00:01.929187 [info ] [MainThread]: 
[0m20:00:01.929187 [info ] [MainThread]: Concurrency: 4 threads (target='dev')
[0m20:00:01.930185 [info ] [MainThread]: 
[0m20:00:01.932181 [debug] [MainThread]: Databricks adapter: DatabricksDBTConnection(session-id=None, name=master) - Creating connection
[0m20:00:01.932181 [debug] [MainThread]: Acquiring new databricks connection 'master'
[0m20:00:01.952126 [debug] [ThreadPool]: Databricks adapter: DatabricksDBTConnection(session-id=None, name=list_shopflow_analytics_cat) - Creating connection
[0m20:00:01.953124 [debug] [ThreadPool]: Acquiring new databricks connection 'list_shopflow_analytics_cat'
[0m20:00:01.975132 [debug] [ThreadPool]: Databricks adapter: DatabricksDBTConnection(session-id=None, name=list_shopflow_analytics_cat) - Creating connection
[0m20:00:01.981114 [debug] [ThreadPool]: Using databricks connection "list_shopflow_analytics_cat"
[0m20:00:01.981114 [debug] [ThreadPool]: Acquiring new databricks connection 'list_shopflow_analytics_cat'
[0m20:00:01.982112 [debug] [ThreadPool]: On list_shopflow_analytics_cat: /* {"app": "dbt", "dbt_version": "1.12.0", "dbt_databricks_version": "1.12.3", "databricks_sql_connector_version": "4.3.0", "profile_name": "shopflow_analytics", "target_name": "dev", "invocation_id": "5cba78ba-82a4-4c94-a500-69b4aea3ba64", "connection_name": "list_shopflow_analytics_cat"} */

    

  SHOW SCHEMAS IN `shopflow_analytics_cat`


  
[0m20:00:01.984106 [debug] [ThreadPool]: Using databricks connection "list_shopflow_analytics_cat"
[0m20:00:01.984106 [debug] [ThreadPool]: Opening a new connection, currently in state init
[0m20:00:01.985104 [debug] [ThreadPool]: On list_shopflow_analytics_cat: /* {"app": "dbt", "dbt_version": "1.12.0", "dbt_databricks_version": "1.12.3", "databricks_sql_connector_version": "4.3.0", "profile_name": "shopflow_analytics", "target_name": "dev", "invocation_id": "5cba78ba-82a4-4c94-a500-69b4aea3ba64", "connection_name": "list_shopflow_analytics_cat"} */

    

  SHOW SCHEMAS IN `shopflow_analytics_cat`


  
[0m20:00:01.985104 [debug] [ThreadPool]: Opening a new connection, currently in state init
[0m20:00:05.998397 [debug] [ThreadPool]: Databricks adapter: Connection(session-id=01f18c40-7f71-1ec8-ae7a-b37ff92c28cc) - Created
[0m20:00:05.999396 [debug] [ThreadPool]: Databricks adapter: Connection(session-id=01f18c40-7f7a-1c10-a645-dbe1e0e81f55) - Created
[0m20:00:09.836026 [debug] [ThreadPool]: SQL status: OK in 7.850 seconds
[0m20:00:09.837024 [debug] [ThreadPool]: SQL status: OK in 7.850 seconds
[0m20:00:09.869052 [debug] [ThreadPool]: Databricks adapter: Cursor(session-id=01f18c40-7f7a-1c10-a645-dbe1e0e81f55, command-id=01f18c40-7fd8-1fa3-96bc-37a55d897cf6) - Closing
[0m20:00:09.871047 [debug] [ThreadPool]: Databricks adapter: Cursor(session-id=01f18c40-7f71-1ec8-ae7a-b37ff92c28cc, command-id=01f18c40-7fd8-1da9-8a3c-756fe89be4b6) - Closing
[0m20:00:09.872044 [debug] [ThreadPool]: On list_shopflow_analytics_cat: Close
[0m20:00:09.873041 [debug] [ThreadPool]: Databricks adapter: Connection(session-id=01f18c40-7f7a-1c10-a645-dbe1e0e81f55) - Closing
[0m20:00:10.052396 [debug] [ThreadPool]: On list_shopflow_analytics_cat: Close
[0m20:00:10.053371 [debug] [ThreadPool]: Databricks adapter: Connection(session-id=01f18c40-7f71-1ec8-ae7a-b37ff92c28cc) - Closing
[0m20:00:10.241983 [debug] [ThreadPool]: Databricks adapter: DatabricksDBTConnection(session-id=None, name=list_shopflow_analytics_cat_gold) - Creating connection
[0m20:00:10.244969 [debug] [ThreadPool]: Acquiring new databricks connection 'list_shopflow_analytics_cat_gold'
[0m20:00:10.269905 [debug] [ThreadPool]: Databricks adapter: DatabricksDBTConnection(session-id=None, name=list_shopflow_analytics_cat_silver) - Creating connection
[0m20:00:10.281869 [debug] [ThreadPool]: Using databricks connection "list_shopflow_analytics_cat_gold"
[0m20:00:10.284860 [debug] [ThreadPool]: Acquiring new databricks connection 'list_shopflow_analytics_cat_silver'
[0m20:00:10.287853 [debug] [ThreadPool]: Databricks adapter: DatabricksDBTConnection(session-id=None, name=list_shopflow_analytics_cat_bronze) - Creating connection
[0m20:00:10.289847 [debug] [ThreadPool]: On list_shopflow_analytics_cat_gold: /* {"app": "dbt", "dbt_version": "1.12.0", "dbt_databricks_version": "1.12.3", "databricks_sql_connector_version": "4.3.0", "profile_name": "shopflow_analytics", "target_name": "dev", "invocation_id": "5cba78ba-82a4-4c94-a500-69b4aea3ba64", "connection_name": "list_shopflow_analytics_cat_gold"} */

    
SELECT
  table_name,
  if(table_type IN ('EXTERNAL', 'MANAGED', 'MANAGED_SHALLOW_CLONE', 'EXTERNAL_SHALLOW_CLONE'), 'table', lower(table_type)) AS table_type,
  lower(data_source_format) AS file_format,
  table_owner,
  if(
    table_type IN (
      'EXTERNAL',
      'MANAGED',
      'MANAGED_SHALLOW_CLONE',
      'EXTERNAL_SHALLOW_CLONE'
    ),
    lower(table_type),
    NULL
  ) AS databricks_table_type
FROM `system`.`information_schema`.`tables`
WHERE table_catalog = 'shopflow_analytics_cat'
  AND table_schema = 'gold'

  
[0m20:00:10.291842 [debug] [ThreadPool]: Using databricks connection "list_shopflow_analytics_cat_silver"
[0m20:00:10.292840 [debug] [ThreadPool]: Acquiring new databricks connection 'list_shopflow_analytics_cat_bronze'
[0m20:00:10.294832 [debug] [ThreadPool]: Opening a new connection, currently in state init
[0m20:00:10.295830 [debug] [ThreadPool]: On list_shopflow_analytics_cat_silver: /* {"app": "dbt", "dbt_version": "1.12.0", "dbt_databricks_version": "1.12.3", "databricks_sql_connector_version": "4.3.0", "profile_name": "shopflow_analytics", "target_name": "dev", "invocation_id": "5cba78ba-82a4-4c94-a500-69b4aea3ba64", "connection_name": "list_shopflow_analytics_cat_silver"} */

    
SELECT
  table_name,
  if(table_type IN ('EXTERNAL', 'MANAGED', 'MANAGED_SHALLOW_CLONE', 'EXTERNAL_SHALLOW_CLONE'), 'table', lower(table_type)) AS table_type,
  lower(data_source_format) AS file_format,
  table_owner,
  if(
    table_type IN (
      'EXTERNAL',
      'MANAGED',
      'MANAGED_SHALLOW_CLONE',
      'EXTERNAL_SHALLOW_CLONE'
    ),
    lower(table_type),
    NULL
  ) AS databricks_table_type
FROM `system`.`information_schema`.`tables`
WHERE table_catalog = 'shopflow_analytics_cat'
  AND table_schema = 'silver'

  
[0m20:00:10.298822 [debug] [ThreadPool]: Using databricks connection "list_shopflow_analytics_cat_bronze"
[0m20:00:10.299819 [debug] [ThreadPool]: Opening a new connection, currently in state init
[0m20:00:10.300817 [debug] [ThreadPool]: On list_shopflow_analytics_cat_bronze: /* {"app": "dbt", "dbt_version": "1.12.0", "dbt_databricks_version": "1.12.3", "databricks_sql_connector_version": "4.3.0", "profile_name": "shopflow_analytics", "target_name": "dev", "invocation_id": "5cba78ba-82a4-4c94-a500-69b4aea3ba64", "connection_name": "list_shopflow_analytics_cat_bronze"} */

    
SELECT
  table_name,
  if(table_type IN ('EXTERNAL', 'MANAGED', 'MANAGED_SHALLOW_CLONE', 'EXTERNAL_SHALLOW_CLONE'), 'table', lower(table_type)) AS table_type,
  lower(data_source_format) AS file_format,
  table_owner,
  if(
    table_type IN (
      'EXTERNAL',
      'MANAGED',
      'MANAGED_SHALLOW_CLONE',
      'EXTERNAL_SHALLOW_CLONE'
    ),
    lower(table_type),
    NULL
  ) AS databricks_table_type
FROM `system`.`information_schema`.`tables`
WHERE table_catalog = 'shopflow_analytics_cat'
  AND table_schema = 'bronze'

  
[0m20:00:10.301814 [debug] [ThreadPool]: Opening a new connection, currently in state init
[0m20:00:11.505205 [debug] [ThreadPool]: Databricks adapter: Connection(session-id=01f18c40-82eb-1462-8a72-386e6605935b) - Created
[0m20:00:11.528830 [debug] [ThreadPool]: Databricks adapter: Connection(session-id=01f18c40-82fd-1d9d-8b4c-bb6904479cd1) - Created
[0m20:00:11.530824 [debug] [ThreadPool]: Databricks adapter: Connection(session-id=01f18c40-82fe-121c-8136-683e7df7cc46) - Created
[0m20:00:13.801168 [debug] [ThreadPool]: SQL status: OK in 3.500 seconds
[0m20:00:13.806159 [debug] [ThreadPool]: Databricks adapter: Cursor(session-id=01f18c40-82fd-1d9d-8b4c-bb6904479cd1, command-id=01f18c40-8325-1137-9720-21cbb5f345ac) - Closing
[0m20:00:13.807152 [debug] [ThreadPool]: On list_shopflow_analytics_cat_bronze: Close
[0m20:00:13.808149 [debug] [ThreadPool]: Databricks adapter: Connection(session-id=01f18c40-82fd-1d9d-8b4c-bb6904479cd1) - Closing
[0m20:00:14.060415 [debug] [ThreadPool]: SQL status: OK in 3.760 seconds
[0m20:00:14.073378 [debug] [ThreadPool]: Databricks adapter: Cursor(session-id=01f18c40-82fe-121c-8136-683e7df7cc46, command-id=01f18c40-8325-1664-9ebe-d003d91bd188) - Closing
[0m20:00:14.077369 [debug] [ThreadPool]: On list_shopflow_analytics_cat_gold: Close
[0m20:00:14.078366 [debug] [ThreadPool]: Databricks adapter: Connection(session-id=01f18c40-82fe-121c-8136-683e7df7cc46) - Closing
[0m20:00:14.324524 [debug] [ThreadPool]: SQL status: OK in 4.020 seconds
[0m20:00:14.343334 [debug] [ThreadPool]: Databricks adapter: Cursor(session-id=01f18c40-82eb-1462-8a72-386e6605935b, command-id=01f18c40-8326-18b7-a485-2f387a35b4b1) - Closing
[0m20:00:14.348333 [debug] [ThreadPool]: On list_shopflow_analytics_cat_silver: Close
[0m20:00:14.350315 [debug] [ThreadPool]: Databricks adapter: Connection(session-id=01f18c40-82eb-1462-8a72-386e6605935b) - Closing
[0m20:00:14.562152 [debug] [MainThread]: Sending event: {'category': 'dbt', 'action': 'runnable_timing', 'label': '5cba78ba-82a4-4c94-a500-69b4aea3ba64', 'context': [<snowplow_tracker.self_describing_json.SelfDescribingJson object at 0x000002A8FE510710>]}
[0m20:00:14.590076 [info ] [MainThread]: Starting shopflow_analytics run
[0m20:00:14.591073 [debug] [MainThread]: Writing injected SQL for node "operation.shopflow_analytics.shopflow_analytics-on-run-start-0"
[0m20:00:14.599051 [info ] [MainThread]: 1 of 1 START hook: shopflow_analytics.on-run-start.0 ........................... [RUN]
[0m20:00:14.601047 [info ] [MainThread]: 1 of 1 OK hook: shopflow_analytics.on-run-start.0 .............................. [[32mOK[0m in 0.03s]
[0m20:00:14.602044 [info ] [MainThread]: 
[0m20:00:14.614012 [debug] [Thread-3 (]: Began running node model.shopflow_analytics.stg_order_items
[0m20:00:14.615009 [debug] [Thread-4 (]: Began running node model.shopflow_analytics.stg_orders
[0m20:00:14.616007 [debug] [Thread-5 (]: Began running node model.shopflow_analytics.stg_products
[0m20:00:14.616007 [info ] [Thread-3 (]: 1 of 8 START sql view model silver.stg_order_items ............................. [RUN]
[0m20:00:14.619995 [debug] [Thread-3 (]: Databricks adapter: DatabricksDBTConnection(session-id=None, name=model.shopflow_analytics.stg_order_items) - Creating connection
[0m20:00:14.621990 [debug] [Thread-3 (]: Acquiring new databricks connection 'model.shopflow_analytics.stg_order_items'
[0m20:00:14.623985 [debug] [Thread-3 (]: Began compiling node model.shopflow_analytics.stg_order_items
[0m20:00:14.628972 [debug] [Thread-3 (]: Writing injected SQL for node "model.shopflow_analytics.stg_order_items"
[0m20:00:14.617003 [info ] [Thread-4 (]: 2 of 8 START sql view model silver.stg_orders .................................. [RUN]
[0m20:00:14.632961 [debug] [Thread-4 (]: Databricks adapter: DatabricksDBTConnection(session-id=None, name=model.shopflow_analytics.stg_orders) - Creating connection
[0m20:00:14.634956 [debug] [Thread-4 (]: Acquiring new databricks connection 'model.shopflow_analytics.stg_orders'
[0m20:00:14.634956 [debug] [Thread-4 (]: Began compiling node model.shopflow_analytics.stg_orders
[0m20:00:14.638944 [debug] [Thread-4 (]: Writing injected SQL for node "model.shopflow_analytics.stg_orders"
[0m20:00:14.618001 [info ] [Thread-5 (]: 3 of 8 START sql view model silver.stg_products ................................ [RUN]
[0m20:00:14.640939 [debug] [Thread-5 (]: Databricks adapter: DatabricksDBTConnection(session-id=None, name=model.shopflow_analytics.stg_products) - Creating connection
[0m20:00:14.641936 [debug] [Thread-3 (]: Began executing node model.shopflow_analytics.stg_order_items
[0m20:00:14.644943 [debug] [Thread-5 (]: Acquiring new databricks connection 'model.shopflow_analytics.stg_products'
[0m20:00:14.656896 [debug] [Thread-5 (]: Began compiling node model.shopflow_analytics.stg_products
[0m20:00:14.671856 [debug] [Thread-4 (]: Began executing node model.shopflow_analytics.stg_orders
[0m20:00:14.679835 [debug] [Thread-3 (]: MATERIALIZING VIEW
[0m20:00:14.681829 [debug] [Thread-5 (]: Writing injected SQL for node "model.shopflow_analytics.stg_products"
[0m20:00:14.683825 [debug] [Thread-4 (]: MATERIALIZING VIEW
[0m20:00:14.705765 [debug] [Thread-3 (]: Creating view `shopflow_analytics_cat`.`silver`.`stg_order_items`
[0m20:00:14.706763 [debug] [Thread-4 (]: Creating view `shopflow_analytics_cat`.`silver`.`stg_orders`
[0m20:00:14.720726 [debug] [Thread-3 (]: Writing runtime sql for node "model.shopflow_analytics.stg_order_items"
[0m20:00:14.721724 [debug] [Thread-4 (]: Writing runtime sql for node "model.shopflow_analytics.stg_orders"
[0m20:00:14.722720 [debug] [Thread-5 (]: Began executing node model.shopflow_analytics.stg_products
[0m20:00:14.724715 [debug] [Thread-5 (]: MATERIALIZING VIEW
[0m20:00:14.725712 [debug] [Thread-5 (]: Creating view `shopflow_analytics_cat`.`silver`.`stg_products`
[0m20:00:14.727708 [debug] [Thread-5 (]: Writing runtime sql for node "model.shopflow_analytics.stg_products"
[0m20:00:14.728704 [debug] [Thread-3 (]: Using databricks connection "model.shopflow_analytics.stg_order_items"
[0m20:00:14.728704 [debug] [Thread-3 (]: On model.shopflow_analytics.stg_order_items: /* {"app": "dbt", "dbt_version": "1.12.0", "dbt_databricks_version": "1.12.3", "databricks_sql_connector_version": "4.3.0", "profile_name": "shopflow_analytics", "target_name": "dev", "invocation_id": "5cba78ba-82a4-4c94-a500-69b4aea3ba64", "node_id": "model.shopflow_analytics.stg_order_items"} */

  
  
  
  create or replace view `shopflow_analytics_cat`.`silver`.`stg_order_items`
  
  as (
    -- Staging: order line items
with source as (
    select * from `shopflow_analytics_cat`.`bronze`.`raw_order_items`
),

renamed as (
    select
        order_item_id,
        order_id,
        product_id,
        cast(quantity as int) as quantity,
        cast(unit_price as decimal(12, 2)) as unit_price
    from source
)

select * from renamed
  )

[0m20:00:14.729710 [debug] [Thread-4 (]: Using databricks connection "model.shopflow_analytics.stg_orders"
[0m20:00:14.730699 [debug] [Thread-3 (]: Opening a new connection, currently in state init
[0m20:00:14.730699 [debug] [Thread-5 (]: Using databricks connection "model.shopflow_analytics.stg_products"
[0m20:00:14.731697 [debug] [Thread-4 (]: On model.shopflow_analytics.stg_orders: /* {"app": "dbt", "dbt_version": "1.12.0", "dbt_databricks_version": "1.12.3", "databricks_sql_connector_version": "4.3.0", "profile_name": "shopflow_analytics", "target_name": "dev", "invocation_id": "5cba78ba-82a4-4c94-a500-69b4aea3ba64", "node_id": "model.shopflow_analytics.stg_orders"} */

  
  
  
  create or replace view `shopflow_analytics_cat`.`silver`.`stg_orders`
  
  as (
    -- Staging: orders
with source as (
    select * from `shopflow_analytics_cat`.`bronze`.`raw_orders`
),

renamed as (
    select
        order_id,
        customer_id,
        cast(order_date as date) as order_date,
        lower(trim(status)) as status,
        cast(total_amount as decimal(12, 2)) as total_amount
    from source
)

select * from renamed
  )

[0m20:00:14.732693 [debug] [Thread-5 (]: On model.shopflow_analytics.stg_products: /* {"app": "dbt", "dbt_version": "1.12.0", "dbt_databricks_version": "1.12.3", "databricks_sql_connector_version": "4.3.0", "profile_name": "shopflow_analytics", "target_name": "dev", "invocation_id": "5cba78ba-82a4-4c94-a500-69b4aea3ba64", "node_id": "model.shopflow_analytics.stg_products"} */

  
  
  
  create or replace view `shopflow_analytics_cat`.`silver`.`stg_products`
  
  as (
    -- Staging: products
with source as (
    select * from `shopflow_analytics_cat`.`bronze`.`raw_products`
),

renamed as (
    select
        product_id,
        trim(product_name) as product_name,
        trim(category) as category,
        cast(price as decimal(12, 2)) as price
    from source
)

select * from renamed
  )

[0m20:00:14.733691 [debug] [Thread-4 (]: Opening a new connection, currently in state init
[0m20:00:14.734692 [debug] [Thread-5 (]: Opening a new connection, currently in state init
[0m20:00:16.018850 [debug] [Thread-3 (]: Databricks adapter: Connection(session-id=01f18c40-85a7-161c-aaeb-c00649b77351) - Created
[0m20:00:16.020844 [debug] [Thread-4 (]: Databricks adapter: Connection(session-id=01f18c40-85aa-178c-89c9-b8ec79e2f4c5) - Created
[0m20:00:16.023208 [debug] [Thread-5 (]: Databricks adapter: Connection(session-id=01f18c40-85a9-1c22-a6dd-7b2b6998a542) - Created
[0m20:00:19.547007 [debug] [Thread-3 (]: SQL status: OK in 4.820 seconds
[0m20:00:19.550996 [debug] [Thread-3 (]: Databricks adapter: Cursor(session-id=01f18c40-85a7-161c-aaeb-c00649b77351, command-id=01f18c40-85d4-15c9-9f35-e71c88d67211) - Closing
[0m20:00:19.595874 [debug] [Thread-3 (]: Applying tags to relation None
[0m20:00:19.612829 [debug] [Thread-4 (]: SQL status: OK in 4.880 seconds
[0m20:00:19.619810 [debug] [Thread-4 (]: Databricks adapter: Cursor(session-id=01f18c40-85aa-178c-89c9-b8ec79e2f4c5, command-id=01f18c40-85d5-1b14-9767-ef12bbcee3a0) - Closing
[0m20:00:19.627790 [debug] [Thread-4 (]: Applying tags to relation None
[0m20:00:19.634770 [debug] [Thread-4 (]: On model.shopflow_analytics.stg_orders: Close
[0m20:00:19.641759 [debug] [Thread-5 (]: SQL status: OK in 4.910 seconds
[0m20:00:19.642749 [debug] [Thread-4 (]: Databricks adapter: Connection(session-id=01f18c40-85aa-178c-89c9-b8ec79e2f4c5) - Closing
[0m20:00:19.646739 [debug] [Thread-5 (]: Databricks adapter: Cursor(session-id=01f18c40-85a9-1c22-a6dd-7b2b6998a542, command-id=01f18c40-85d5-1d01-8d7c-35c74651a500) - Closing
[0m20:00:19.649730 [debug] [Thread-5 (]: Applying tags to relation None
[0m20:00:19.861409 [debug] [Thread-3 (]: On model.shopflow_analytics.stg_order_items: Close
[0m20:00:19.863405 [debug] [Thread-3 (]: Databricks adapter: Connection(session-id=01f18c40-85a7-161c-aaeb-c00649b77351) - Closing
[0m20:00:20.064698 [debug] [Thread-5 (]: On model.shopflow_analytics.stg_products: Close
[0m20:00:20.065694 [debug] [Thread-5 (]: Databricks adapter: Connection(session-id=01f18c40-85a9-1c22-a6dd-7b2b6998a542) - Closing
[0m20:00:20.275606 [debug] [Thread-4 (]: Sending event: {'category': 'dbt', 'action': 'run_model', 'label': '5cba78ba-82a4-4c94-a500-69b4aea3ba64', 'context': [<snowplow_tracker.self_describing_json.SelfDescribingJson object at 0x000002A8F61655E0>]}
[0m20:00:20.277598 [debug] [Thread-3 (]: Sending event: {'category': 'dbt', 'action': 'run_model', 'label': '5cba78ba-82a4-4c94-a500-69b4aea3ba64', 'context': [<snowplow_tracker.self_describing_json.SelfDescribingJson object at 0x000002A8FD8D6BD0>]}
[0m20:00:20.279545 [debug] [Thread-5 (]: Sending event: {'category': 'dbt', 'action': 'run_model', 'label': '5cba78ba-82a4-4c94-a500-69b4aea3ba64', 'context': [<snowplow_tracker.self_describing_json.SelfDescribingJson object at 0x000002A8F1F42690>]}
[0m20:00:20.282535 [info ] [Thread-4 (]: 2 of 8 OK created sql view model silver.stg_orders ............................. [[32mOK[0m in 5.64s]
[0m20:00:20.293548 [debug] [Thread-4 (]: Finished running node model.shopflow_analytics.stg_orders
[0m20:00:20.284530 [info ] [Thread-3 (]: 1 of 8 OK created sql view model silver.stg_order_items ........................ [[32mOK[0m in 5.65s]
[0m20:00:20.302479 [debug] [Thread-3 (]: Finished running node model.shopflow_analytics.stg_order_items
[0m20:00:20.288519 [info ] [Thread-5 (]: 3 of 8 OK created sql view model silver.stg_products ........................... [[32mOK[0m in 5.63s]
[0m20:00:20.308509 [debug] [Thread-5 (]: Finished running node model.shopflow_analytics.stg_products
[0m20:00:20.311457 [debug] [Thread-6 (]: Began running node model.shopflow_analytics.int_orders_enriched
[0m20:00:20.314494 [info ] [Thread-6 (]: 4 of 8 START sql view model silver.int_orders_enriched ......................... [RUN]
[0m20:00:20.316442 [debug] [Thread-3 (]: Began running node model.shopflow_analytics.dim_products
[0m20:00:20.317438 [debug] [Thread-5 (]: Began running node model.shopflow_analytics.int_order_items_with_product
[0m20:00:20.319433 [debug] [Thread-6 (]: Databricks adapter: DatabricksDBTConnection(session-id=None, name=model.shopflow_analytics.int_orders_enriched) - Creating connection
[0m20:00:20.320431 [info ] [Thread-3 (]: 5 of 8 START sql table model gold.dim_products ................................. [RUN]
[0m20:00:20.323423 [debug] [Thread-6 (]: Acquiring new databricks connection 'model.shopflow_analytics.int_orders_enriched'
[0m20:00:20.322426 [info ] [Thread-5 (]: 6 of 8 START sql view model silver.int_order_items_with_product ................ [RUN]
[0m20:00:20.325417 [debug] [Thread-3 (]: Databricks adapter: DatabricksDBTConnection(session-id=None, name=model.shopflow_analytics.dim_products) - Creating connection
[0m20:00:20.327413 [debug] [Thread-6 (]: Began compiling node model.shopflow_analytics.int_orders_enriched
[0m20:00:20.330404 [debug] [Thread-3 (]: Acquiring new databricks connection 'model.shopflow_analytics.dim_products'
[0m20:00:20.337385 [debug] [Thread-6 (]: Writing injected SQL for node "model.shopflow_analytics.int_orders_enriched"
[0m20:00:20.340377 [debug] [Thread-3 (]: Began compiling node model.shopflow_analytics.dim_products
[0m20:00:20.378275 [debug] [Thread-5 (]: Databricks adapter: DatabricksDBTConnection(session-id=None, name=model.shopflow_analytics.int_order_items_with_product) - Creating connection
[0m20:00:20.384259 [debug] [Thread-3 (]: Writing injected SQL for node "model.shopflow_analytics.dim_products"
[0m20:00:20.385256 [debug] [Thread-5 (]: Acquiring new databricks connection 'model.shopflow_analytics.int_order_items_with_product'
[0m20:00:20.385256 [debug] [Thread-5 (]: Began compiling node model.shopflow_analytics.int_order_items_with_product
[0m20:00:20.390243 [debug] [Thread-5 (]: Writing injected SQL for node "model.shopflow_analytics.int_order_items_with_product"
[0m20:00:20.391240 [debug] [Thread-6 (]: Began executing node model.shopflow_analytics.int_orders_enriched
[0m20:00:20.393240 [debug] [Thread-6 (]: MATERIALIZING VIEW
[0m20:00:20.394232 [debug] [Thread-3 (]: Began executing node model.shopflow_analytics.dim_products
[0m20:00:20.396227 [debug] [Thread-6 (]: Creating view `shopflow_analytics_cat`.`silver`.`int_orders_enriched`
[0m20:00:20.424152 [debug] [Thread-3 (]: MATERIALIZING TABLE
[0m20:00:20.424152 [debug] [Thread-5 (]: Began executing node model.shopflow_analytics.int_order_items_with_product
[0m20:00:20.425150 [debug] [Thread-6 (]: Writing runtime sql for node "model.shopflow_analytics.int_orders_enriched"
[0m20:00:20.465043 [debug] [Thread-5 (]: MATERIALIZING VIEW
[0m20:00:20.471028 [debug] [Thread-5 (]: Creating view `shopflow_analytics_cat`.`silver`.`int_order_items_with_product`
[0m20:00:20.473024 [debug] [Thread-5 (]: Writing runtime sql for node "model.shopflow_analytics.int_order_items_with_product"
[0m20:00:20.475017 [debug] [Thread-5 (]: Using databricks connection "model.shopflow_analytics.int_order_items_with_product"
[0m20:00:20.476015 [debug] [Thread-5 (]: On model.shopflow_analytics.int_order_items_with_product: /* {"app": "dbt", "dbt_version": "1.12.0", "dbt_databricks_version": "1.12.3", "databricks_sql_connector_version": "4.3.0", "profile_name": "shopflow_analytics", "target_name": "dev", "invocation_id": "5cba78ba-82a4-4c94-a500-69b4aea3ba64", "node_id": "model.shopflow_analytics.int_order_items_with_product"} */

  
  
  
  create or replace view `shopflow_analytics_cat`.`silver`.`int_order_items_with_product`
  
  as (
    -- One row per order line with product and order context
with order_items as (
    select * from `shopflow_analytics_cat`.`silver`.`stg_order_items`
),

products as (
    select * from `shopflow_analytics_cat`.`silver`.`stg_products`
),

orders as (
    select order_id, customer_id, order_date, status
    from `shopflow_analytics_cat`.`silver`.`stg_orders`
),

joined as (
    select
        order_items.order_item_id,
        order_items.order_id,
        order_items.product_id,
        order_items.quantity,
        order_items.unit_price,
        (order_items.quantity * order_items.unit_price) as line_total,
        products.product_name,
        products.category as product_category,
        products.price as product_current_price,
        orders.customer_id,
        orders.order_date,
        orders.status as order_status
    from order_items
    left join products on order_items.product_id = products.product_id
    left join orders on order_items.order_id = orders.order_id
)

select * from joined
  )

[0m20:00:20.477012 [debug] [Thread-5 (]: Opening a new connection, currently in state init
[0m20:00:20.482996 [debug] [Thread-6 (]: Using databricks connection "model.shopflow_analytics.int_orders_enriched"
[0m20:00:20.552813 [debug] [Thread-6 (]: On model.shopflow_analytics.int_orders_enriched: /* {"app": "dbt", "dbt_version": "1.12.0", "dbt_databricks_version": "1.12.3", "databricks_sql_connector_version": "4.3.0", "profile_name": "shopflow_analytics", "target_name": "dev", "invocation_id": "5cba78ba-82a4-4c94-a500-69b4aea3ba64", "node_id": "model.shopflow_analytics.int_orders_enriched"} */

  
  
  
  create or replace view `shopflow_analytics_cat`.`silver`.`int_orders_enriched`
  
  as (
    -- One row per order with customer and order-item aggregates
with orders as (
    select * from `shopflow_analytics_cat`.`silver`.`stg_orders`
),

customers as (
    select * from `shopflow_analytics_cat`.`gold`.`scd_customers`
    where dbt_valid_to is null
),

order_items as (
    select
        order_id,
        count(*) as line_count,
        sum(quantity) as total_quantity,
        sum(quantity * unit_price) as line_total_amount
    from `shopflow_analytics_cat`.`silver`.`stg_order_items`
    group by order_id
),

joined as (
    select
        orders.order_id,
        orders.customer_id,
        orders.order_date,
        orders.status,
        orders.total_amount as order_total_amount,
        customers.first_name as customer_first_name,
        customers.last_name as customer_last_name,
        customers.email as customer_email,
        customers.country as customer_country,
        customers.created_at as customer_created_at,
        coalesce(order_items.line_count, 0) as line_count,
        coalesce(order_items.total_quantity, 0) as total_quantity,
        coalesce(order_items.line_total_amount, 0) as line_total_amount
    from orders
    left join customers on orders.customer_id = customers.customer_id
    left join order_items on orders.order_id = order_items.order_id
)

select * from joined
  )

[0m20:00:20.553807 [debug] [Thread-6 (]: Opening a new connection, currently in state init
[0m20:00:20.728339 [debug] [Thread-3 (]: Using databricks connection "model.shopflow_analytics.dim_products"
[0m20:00:20.776211 [debug] [Thread-3 (]: On model.shopflow_analytics.dim_products: /* {"app": "dbt", "dbt_version": "1.12.0", "dbt_databricks_version": "1.12.3", "databricks_sql_connector_version": "4.3.0", "profile_name": "shopflow_analytics", "target_name": "dev", "invocation_id": "5cba78ba-82a4-4c94-a500-69b4aea3ba64", "node_id": "model.shopflow_analytics.dim_products"} */
SELECT
    table_catalog,
    table_schema,
    table_name,
    filter_name,
    target_columns
  FROM `shopflow_analytics_cat`.`information_schema`.`row_filters`
  WHERE table_catalog = 'shopflow_analytics_cat'
    AND table_schema = 'gold'
    AND table_name = 'dim_products'
[0m20:00:20.777209 [debug] [Thread-3 (]: Opening a new connection, currently in state init
[0m20:00:22.067125 [debug] [Thread-6 (]: Databricks adapter: Connection(session-id=01f18c40-893e-161c-b10c-3735ba0a7b1e) - Created
[0m20:00:22.068123 [debug] [Thread-5 (]: Databricks adapter: Connection(session-id=01f18c40-893d-1fc8-ac30-682a164cbc13) - Created
[0m20:00:22.069123 [debug] [Thread-3 (]: Databricks adapter: Connection(session-id=01f18c40-894d-12d7-b40f-9e29619b9b67) - Created
[0m20:00:23.356575 [debug] [Thread-3 (]: SQL status: OK in 2.580 seconds
[0m20:00:23.361561 [debug] [Thread-3 (]: Databricks adapter: Cursor(session-id=01f18c40-894d-12d7-b40f-9e29619b9b67, command-id=01f18c40-896d-1aca-a6dc-c5863e3a7991) - Closing
[0m20:00:23.382510 [debug] [Thread-3 (]: Writing runtime sql for node "model.shopflow_analytics.dim_products"
[0m20:00:23.383503 [debug] [Thread-3 (]: Using databricks connection "model.shopflow_analytics.dim_products"
[0m20:00:23.384501 [debug] [Thread-3 (]: On model.shopflow_analytics.dim_products: /* {"app": "dbt", "dbt_version": "1.12.0", "dbt_databricks_version": "1.12.3", "databricks_sql_connector_version": "4.3.0", "profile_name": "shopflow_analytics", "target_name": "dev", "invocation_id": "5cba78ba-82a4-4c94-a500-69b4aea3ba64", "node_id": "model.shopflow_analytics.dim_products"} */

  
    
        create or replace table `shopflow_analytics_cat`.`gold`.`dim_products`
      
      
    using delta
  
      
      
      
      
      
      
      
      
      as
      -- Dimension: one row per product
with products as (
    select * from `shopflow_analytics_cat`.`silver`.`stg_products`
),

final as (
    select
        product_id,
        product_name,
        category,
        price,
        md5(cast(concat(coalesce(cast(product_id as string), '_dbt_utils_surrogate_key_null_')) as string)) as product_key
    from products
)

select * from final
  
[0m20:00:25.165735 [debug] [Thread-6 (]: SQL status: OK in 4.610 seconds
[0m20:00:25.169724 [debug] [Thread-6 (]: Databricks adapter: Cursor(session-id=01f18c40-893e-161c-b10c-3735ba0a7b1e, command-id=01f18c40-896f-16e2-89be-abf5d41a72b3) - Closing
[0m20:00:25.171719 [debug] [Thread-6 (]: Applying tags to relation None
[0m20:00:25.177703 [debug] [Thread-6 (]: On model.shopflow_analytics.int_orders_enriched: Close
[0m20:00:25.178701 [debug] [Thread-6 (]: Databricks adapter: Connection(session-id=01f18c40-893e-161c-b10c-3735ba0a7b1e) - Closing
[0m20:00:25.182690 [debug] [Thread-5 (]: SQL status: OK in 4.700 seconds
[0m20:00:25.184685 [debug] [Thread-5 (]: Databricks adapter: Cursor(session-id=01f18c40-893d-1fc8-ac30-682a164cbc13, command-id=01f18c40-896f-1ac9-ab4e-0a58226b5523) - Closing
[0m20:00:25.185682 [debug] [Thread-5 (]: Applying tags to relation None
[0m20:00:25.380161 [debug] [Thread-5 (]: On model.shopflow_analytics.int_order_items_with_product: Close
[0m20:00:25.382156 [debug] [Thread-5 (]: Databricks adapter: Connection(session-id=01f18c40-893d-1fc8-ac30-682a164cbc13) - Closing
[0m20:00:25.574641 [debug] [Thread-6 (]: Sending event: {'category': 'dbt', 'action': 'run_model', 'label': '5cba78ba-82a4-4c94-a500-69b4aea3ba64', 'context': [<snowplow_tracker.self_describing_json.SelfDescribingJson object at 0x000002A8FE33F830>]}
[0m20:00:25.575638 [debug] [Thread-5 (]: Sending event: {'category': 'dbt', 'action': 'run_model', 'label': '5cba78ba-82a4-4c94-a500-69b4aea3ba64', 'context': [<snowplow_tracker.self_describing_json.SelfDescribingJson object at 0x000002A8FE2C3AA0>]}
[0m20:00:25.576636 [info ] [Thread-6 (]: 4 of 8 OK created sql view model silver.int_orders_enriched .................... [[32mOK[0m in 5.26s]
[0m20:00:25.754161 [debug] [Thread-6 (]: Finished running node model.shopflow_analytics.int_orders_enriched
[0m20:00:25.755158 [debug] [Thread-4 (]: Began running node model.shopflow_analytics.fct_orders
[0m20:00:25.578630 [info ] [Thread-5 (]: 6 of 8 OK created sql view model silver.int_order_items_with_product ........... [[32mOK[0m in 5.25s]
[0m20:00:25.974571 [debug] [Thread-5 (]: Finished running node model.shopflow_analytics.int_order_items_with_product
[0m20:00:25.975568 [debug] [Thread-6 (]: Began running node model.shopflow_analytics.fct_order_items
[0m20:00:25.757153 [info ] [Thread-4 (]: 7 of 8 START sql incremental model gold.fct_orders ............................. [RUN]
[0m20:00:26.152096 [debug] [Thread-4 (]: Databricks adapter: DatabricksDBTConnection(session-id=None, name=model.shopflow_analytics.fct_orders) - Creating connection
[0m20:00:26.197974 [debug] [Thread-4 (]: Acquiring new databricks connection 'model.shopflow_analytics.fct_orders'
[0m20:00:26.198971 [debug] [Thread-4 (]: Began compiling node model.shopflow_analytics.fct_orders
[0m20:00:26.225899 [debug] [Thread-4 (]: Writing injected SQL for node "model.shopflow_analytics.fct_orders"
[0m20:00:25.976566 [info ] [Thread-6 (]: 8 of 8 START sql incremental model gold.fct_order_items ........................ [RUN]
[0m20:00:26.369514 [debug] [Thread-6 (]: Databricks adapter: DatabricksDBTConnection(session-id=None, name=model.shopflow_analytics.fct_order_items) - Creating connection
[0m20:00:26.370512 [debug] [Thread-6 (]: Acquiring new databricks connection 'model.shopflow_analytics.fct_order_items'
[0m20:00:26.371509 [debug] [Thread-6 (]: Began compiling node model.shopflow_analytics.fct_order_items
[0m20:00:26.380485 [debug] [Thread-6 (]: Writing injected SQL for node "model.shopflow_analytics.fct_order_items"
[0m20:00:26.474235 [debug] [Thread-4 (]: Began executing node model.shopflow_analytics.fct_orders
[0m20:00:26.475232 [debug] [Thread-6 (]: Began executing node model.shopflow_analytics.fct_order_items
[0m20:00:27.247166 [debug] [Thread-6 (]: MATERIALIZING INCREMENTAL
[0m20:00:27.587257 [debug] [Thread-6 (]: Using databricks connection "model.shopflow_analytics.fct_order_items"
[0m20:00:27.588255 [debug] [Thread-6 (]: On model.shopflow_analytics.fct_order_items: /* {"app": "dbt", "dbt_version": "1.12.0", "dbt_databricks_version": "1.12.3", "databricks_sql_connector_version": "4.3.0", "profile_name": "shopflow_analytics", "target_name": "dev", "invocation_id": "5cba78ba-82a4-4c94-a500-69b4aea3ba64", "node_id": "model.shopflow_analytics.fct_order_items"} */
SELECT column_name
  FROM `shopflow_analytics_cat`.`information_schema`.`columns`
  WHERE table_catalog = 'shopflow_analytics_cat' 
    AND table_schema = 'gold'
    AND table_name = 'fct_order_items'
    AND is_nullable = 'NO';
  
[0m20:00:27.589252 [debug] [Thread-6 (]: Opening a new connection, currently in state init
[0m20:00:27.711924 [debug] [Thread-4 (]: MATERIALIZING INCREMENTAL
[0m20:00:27.714916 [debug] [Thread-4 (]: Using databricks connection "model.shopflow_analytics.fct_orders"
[0m20:00:27.715913 [debug] [Thread-4 (]: On model.shopflow_analytics.fct_orders: /* {"app": "dbt", "dbt_version": "1.12.0", "dbt_databricks_version": "1.12.3", "databricks_sql_connector_version": "4.3.0", "profile_name": "shopflow_analytics", "target_name": "dev", "invocation_id": "5cba78ba-82a4-4c94-a500-69b4aea3ba64", "node_id": "model.shopflow_analytics.fct_orders"} */
SELECT column_name
  FROM `shopflow_analytics_cat`.`information_schema`.`columns`
  WHERE table_catalog = 'shopflow_analytics_cat' 
    AND table_schema = 'gold'
    AND table_name = 'fct_orders'
    AND is_nullable = 'NO';
  
[0m20:00:27.715913 [debug] [Thread-4 (]: Opening a new connection, currently in state init
[0m20:00:29.073282 [debug] [Thread-6 (]: Databricks adapter: Connection(session-id=01f18c40-8d80-1ced-91b1-4e9b6cc96441) - Created
[0m20:00:29.139106 [debug] [Thread-4 (]: Databricks adapter: Connection(session-id=01f18c40-8d8c-1543-b7f0-ce6cb1a89e64) - Created
[0m20:00:29.989894 [debug] [Thread-4 (]: SQL status: OK in 2.270 seconds
[0m20:00:29.995877 [debug] [Thread-4 (]: Databricks adapter: Cursor(session-id=01f18c40-8d8c-1543-b7f0-ce6cb1a89e64, command-id=01f18c40-8da6-169f-8455-db09c4af7a86) - Closing
[0m20:00:30.016822 [debug] [Thread-4 (]: Using databricks connection "model.shopflow_analytics.fct_orders"
[0m20:00:30.018816 [debug] [Thread-6 (]: SQL status: OK in 2.430 seconds
[0m20:00:30.020811 [debug] [Thread-4 (]: On model.shopflow_analytics.fct_orders: /* {"app": "dbt", "dbt_version": "1.12.0", "dbt_databricks_version": "1.12.3", "databricks_sql_connector_version": "4.3.0", "profile_name": "shopflow_analytics", "target_name": "dev", "invocation_id": "5cba78ba-82a4-4c94-a500-69b4aea3ba64", "node_id": "model.shopflow_analytics.fct_orders"} */
SELECT kcu.constraint_name, kcu.column_name
  FROM `shopflow_analytics_cat`.information_schema.key_column_usage kcu
  WHERE kcu.table_catalog = 'shopflow_analytics_cat' 
    AND kcu.table_schema = 'gold'
    AND kcu.table_name = 'fct_orders' 
    AND kcu.constraint_name = (
      SELECT constraint_name
      FROM `shopflow_analytics_cat`.information_schema.table_constraints
      WHERE table_catalog = 'shopflow_analytics_cat'
        AND table_schema = 'gold'
        AND table_name = 'fct_orders' 
        AND constraint_type = 'PRIMARY KEY'
    )
  ORDER BY kcu.ordinal_position;
  
[0m20:00:30.024802 [debug] [Thread-6 (]: Databricks adapter: Cursor(session-id=01f18c40-8d80-1ced-91b1-4e9b6cc96441, command-id=01f18c40-8d9c-16d2-86a6-194c49f32b34) - Closing
[0m20:00:30.026796 [debug] [Thread-6 (]: Using databricks connection "model.shopflow_analytics.fct_order_items"
[0m20:00:30.026796 [debug] [Thread-6 (]: On model.shopflow_analytics.fct_order_items: /* {"app": "dbt", "dbt_version": "1.12.0", "dbt_databricks_version": "1.12.3", "databricks_sql_connector_version": "4.3.0", "profile_name": "shopflow_analytics", "target_name": "dev", "invocation_id": "5cba78ba-82a4-4c94-a500-69b4aea3ba64", "node_id": "model.shopflow_analytics.fct_order_items"} */
SELECT kcu.constraint_name, kcu.column_name
  FROM `shopflow_analytics_cat`.information_schema.key_column_usage kcu
  WHERE kcu.table_catalog = 'shopflow_analytics_cat' 
    AND kcu.table_schema = 'gold'
    AND kcu.table_name = 'fct_order_items' 
    AND kcu.constraint_name = (
      SELECT constraint_name
      FROM `shopflow_analytics_cat`.information_schema.table_constraints
      WHERE table_catalog = 'shopflow_analytics_cat'
        AND table_schema = 'gold'
        AND table_name = 'fct_order_items' 
        AND constraint_type = 'PRIMARY KEY'
    )
  ORDER BY kcu.ordinal_position;
  
[0m20:00:31.764740 [debug] [Thread-6 (]: SQL status: OK in 1.740 seconds
[0m20:00:31.768722 [debug] [Thread-6 (]: Databricks adapter: Cursor(session-id=01f18c40-8d80-1ced-91b1-4e9b6cc96441, command-id=01f18c40-8e2e-10e2-9ac5-d470e7b1a5b7) - Closing
[0m20:00:31.789666 [debug] [Thread-6 (]: Using databricks connection "model.shopflow_analytics.fct_order_items"
[0m20:00:31.790664 [debug] [Thread-4 (]: SQL status: OK in 1.770 seconds
[0m20:00:31.791661 [debug] [Thread-6 (]: On model.shopflow_analytics.fct_order_items: /* {"app": "dbt", "dbt_version": "1.12.0", "dbt_databricks_version": "1.12.3", "databricks_sql_connector_version": "4.3.0", "profile_name": "shopflow_analytics", "target_name": "dev", "invocation_id": "5cba78ba-82a4-4c94-a500-69b4aea3ba64", "node_id": "model.shopflow_analytics.fct_order_items"} */
SELECT
    kcu.constraint_name,
    kcu.column_name AS from_column,
    ukcu.table_catalog AS to_catalog,
    ukcu.table_schema AS to_schema,
    ukcu.table_name AS to_table,
    ukcu.column_name AS to_column
  FROM `shopflow_analytics_cat`.information_schema.key_column_usage kcu
  JOIN `shopflow_analytics_cat`.information_schema.referential_constraints rc
    ON kcu.constraint_name = rc.constraint_name
  JOIN `shopflow_analytics_cat`.information_schema.key_column_usage ukcu
    ON rc.unique_constraint_name = ukcu.constraint_name
    AND kcu.ordinal_position = ukcu.ordinal_position
  WHERE kcu.table_catalog = 'shopflow_analytics_cat'
    AND kcu.table_schema = 'gold'
    AND kcu.table_name = 'fct_order_items'
    AND kcu.constraint_name IN (
      SELECT constraint_name
      FROM `shopflow_analytics_cat`.information_schema.table_constraints
      WHERE table_catalog = 'shopflow_analytics_cat'
        AND table_schema = 'gold'
        AND table_name = 'fct_order_items'
        AND constraint_type = 'FOREIGN KEY'
    )
  ORDER BY kcu.ordinal_position;
  
[0m20:00:31.799648 [debug] [Thread-4 (]: Databricks adapter: Cursor(session-id=01f18c40-8d8c-1543-b7f0-ce6cb1a89e64, command-id=01f18c40-8e2c-1c47-9b11-ad42bbb2c69b) - Closing
[0m20:00:31.800637 [debug] [Thread-4 (]: Using databricks connection "model.shopflow_analytics.fct_orders"
[0m20:00:31.801635 [debug] [Thread-4 (]: On model.shopflow_analytics.fct_orders: /* {"app": "dbt", "dbt_version": "1.12.0", "dbt_databricks_version": "1.12.3", "databricks_sql_connector_version": "4.3.0", "profile_name": "shopflow_analytics", "target_name": "dev", "invocation_id": "5cba78ba-82a4-4c94-a500-69b4aea3ba64", "node_id": "model.shopflow_analytics.fct_orders"} */
SELECT
    kcu.constraint_name,
    kcu.column_name AS from_column,
    ukcu.table_catalog AS to_catalog,
    ukcu.table_schema AS to_schema,
    ukcu.table_name AS to_table,
    ukcu.column_name AS to_column
  FROM `shopflow_analytics_cat`.information_schema.key_column_usage kcu
  JOIN `shopflow_analytics_cat`.information_schema.referential_constraints rc
    ON kcu.constraint_name = rc.constraint_name
  JOIN `shopflow_analytics_cat`.information_schema.key_column_usage ukcu
    ON rc.unique_constraint_name = ukcu.constraint_name
    AND kcu.ordinal_position = ukcu.ordinal_position
  WHERE kcu.table_catalog = 'shopflow_analytics_cat'
    AND kcu.table_schema = 'gold'
    AND kcu.table_name = 'fct_orders'
    AND kcu.constraint_name IN (
      SELECT constraint_name
      FROM `shopflow_analytics_cat`.information_schema.table_constraints
      WHERE table_catalog = 'shopflow_analytics_cat'
        AND table_schema = 'gold'
        AND table_name = 'fct_orders'
        AND constraint_type = 'FOREIGN KEY'
    )
  ORDER BY kcu.ordinal_position;
  
[0m20:00:34.195180 [debug] [Thread-4 (]: SQL status: OK in 2.390 seconds
[0m20:00:34.198171 [debug] [Thread-4 (]: Databricks adapter: Cursor(session-id=01f18c40-8d8c-1543-b7f0-ce6cb1a89e64, command-id=01f18c40-8f3c-19f7-bf4b-f923f99dd0b9) - Closing
[0m20:00:34.205152 [debug] [Thread-4 (]: Using databricks connection "model.shopflow_analytics.fct_orders"
[0m20:00:34.216123 [debug] [Thread-6 (]: SQL status: OK in 2.420 seconds
[0m20:00:34.217120 [debug] [Thread-4 (]: On model.shopflow_analytics.fct_orders: /* {"app": "dbt", "dbt_version": "1.12.0", "dbt_databricks_version": "1.12.3", "databricks_sql_connector_version": "4.3.0", "profile_name": "shopflow_analytics", "target_name": "dev", "invocation_id": "5cba78ba-82a4-4c94-a500-69b4aea3ba64", "node_id": "model.shopflow_analytics.fct_orders"} */
SELECT 
    column_name,
    mask_name,
    using_columns
  FROM `system`.`information_schema`.`column_masks`
  WHERE table_catalog = 'shopflow_analytics_cat'
    AND table_schema = 'gold'
    AND table_name = 'fct_orders';
  
[0m20:00:34.226096 [debug] [Thread-6 (]: Databricks adapter: Cursor(session-id=01f18c40-8d80-1ced-91b1-4e9b6cc96441, command-id=01f18c40-8f3b-1bd9-b50b-8199087efda5) - Closing
[0m20:00:34.229088 [debug] [Thread-6 (]: Using databricks connection "model.shopflow_analytics.fct_order_items"
[0m20:00:34.231083 [debug] [Thread-6 (]: On model.shopflow_analytics.fct_order_items: /* {"app": "dbt", "dbt_version": "1.12.0", "dbt_databricks_version": "1.12.3", "databricks_sql_connector_version": "4.3.0", "profile_name": "shopflow_analytics", "target_name": "dev", "invocation_id": "5cba78ba-82a4-4c94-a500-69b4aea3ba64", "node_id": "model.shopflow_analytics.fct_order_items"} */
SELECT 
    column_name,
    mask_name,
    using_columns
  FROM `system`.`information_schema`.`column_masks`
  WHERE table_catalog = 'shopflow_analytics_cat'
    AND table_schema = 'gold'
    AND table_name = 'fct_order_items';
  
[0m20:00:35.178186 [debug] [Thread-4 (]: SQL status: OK in 0.960 seconds
[0m20:00:35.187161 [debug] [Thread-3 (]: SQL status: OK in 11.800 seconds
[0m20:00:35.191151 [debug] [Thread-3 (]: Databricks adapter: Cursor(session-id=01f18c40-894d-12d7-b40f-9e29619b9b67, command-id=01f18c40-8a37-1040-a607-aca7c7edc670) - Closing
[0m20:00:35.198132 [debug] [Thread-4 (]: Databricks adapter: Cursor(session-id=01f18c40-8d8c-1543-b7f0-ce6cb1a89e64, command-id=01f18c40-90ad-17a1-a26c-1c6fc58ee391) - Closing
[0m20:00:35.202122 [debug] [Thread-4 (]: Using databricks connection "model.shopflow_analytics.fct_orders"
[0m20:00:35.203120 [debug] [Thread-4 (]: On model.shopflow_analytics.fct_orders: /* {"app": "dbt", "dbt_version": "1.12.0", "dbt_databricks_version": "1.12.3", "databricks_sql_connector_version": "4.3.0", "profile_name": "shopflow_analytics", "target_name": "dev", "invocation_id": "5cba78ba-82a4-4c94-a500-69b4aea3ba64", "node_id": "model.shopflow_analytics.fct_orders"} */
SELECT
    table_catalog,
    table_schema,
    table_name,
    filter_name,
    target_columns
  FROM `shopflow_analytics_cat`.`information_schema`.`row_filters`
  WHERE table_catalog = 'shopflow_analytics_cat'
    AND table_schema = 'gold'
    AND table_name = 'fct_orders'
[0m20:00:35.252295 [debug] [Thread-6 (]: SQL status: OK in 1.020 seconds
[0m20:00:35.257281 [debug] [Thread-6 (]: Databricks adapter: Cursor(session-id=01f18c40-8d80-1ced-91b1-4e9b6cc96441, command-id=01f18c40-90af-1144-9a9e-f182b4d38393) - Closing
[0m20:00:35.260273 [debug] [Thread-6 (]: Using databricks connection "model.shopflow_analytics.fct_order_items"
[0m20:00:35.260273 [debug] [Thread-6 (]: On model.shopflow_analytics.fct_order_items: /* {"app": "dbt", "dbt_version": "1.12.0", "dbt_databricks_version": "1.12.3", "databricks_sql_connector_version": "4.3.0", "profile_name": "shopflow_analytics", "target_name": "dev", "invocation_id": "5cba78ba-82a4-4c94-a500-69b4aea3ba64", "node_id": "model.shopflow_analytics.fct_order_items"} */
SELECT
    table_catalog,
    table_schema,
    table_name,
    filter_name,
    target_columns
  FROM `shopflow_analytics_cat`.`information_schema`.`row_filters`
  WHERE table_catalog = 'shopflow_analytics_cat'
    AND table_schema = 'gold'
    AND table_name = 'fct_order_items'
[0m20:00:35.393915 [debug] [Thread-3 (]: Applying tags to relation None
[0m20:00:35.530550 [debug] [Thread-3 (]: On model.shopflow_analytics.dim_products: Close
[0m20:00:35.531549 [debug] [Thread-3 (]: Databricks adapter: Connection(session-id=01f18c40-894d-12d7-b40f-9e29619b9b67) - Closing
[0m20:00:35.700096 [debug] [Thread-3 (]: Sending event: {'category': 'dbt', 'action': 'run_model', 'label': '5cba78ba-82a4-4c94-a500-69b4aea3ba64', 'context': [<snowplow_tracker.self_describing_json.SelfDescribingJson object at 0x000002A8FE33CCB0>]}
[0m20:00:35.701094 [info ] [Thread-3 (]: 5 of 8 OK created sql table model gold.dim_products ............................ [[32mOK[0m in 15.38s]
[0m20:00:35.728022 [debug] [Thread-3 (]: Finished running node model.shopflow_analytics.dim_products
[0m20:00:36.166848 [debug] [Thread-6 (]: SQL status: OK in 0.910 seconds
[0m20:00:36.172832 [debug] [Thread-6 (]: Databricks adapter: Cursor(session-id=01f18c40-8d80-1ced-91b1-4e9b6cc96441, command-id=01f18c40-914c-1621-b907-05288839ea1e) - Closing
[0m20:00:36.179814 [debug] [Thread-6 (]: Using databricks connection "model.shopflow_analytics.fct_order_items"
[0m20:00:36.180810 [debug] [Thread-6 (]: On model.shopflow_analytics.fct_order_items: /* {"app": "dbt", "dbt_version": "1.12.0", "dbt_databricks_version": "1.12.3", "databricks_sql_connector_version": "4.3.0", "profile_name": "shopflow_analytics", "target_name": "dev", "invocation_id": "5cba78ba-82a4-4c94-a500-69b4aea3ba64", "node_id": "model.shopflow_analytics.fct_order_items"} */
SHOW TBLPROPERTIES `shopflow_analytics_cat`.`gold`.`fct_order_items`
  
[0m20:00:36.204746 [debug] [Thread-4 (]: SQL status: OK in 1.000 seconds
[0m20:00:36.208736 [debug] [Thread-4 (]: Databricks adapter: Cursor(session-id=01f18c40-8d8c-1543-b7f0-ce6cb1a89e64, command-id=01f18c40-9143-1ad1-9d43-ab694eae41c9) - Closing
[0m20:00:36.211728 [debug] [Thread-4 (]: Using databricks connection "model.shopflow_analytics.fct_orders"
[0m20:00:36.212725 [debug] [Thread-4 (]: On model.shopflow_analytics.fct_orders: /* {"app": "dbt", "dbt_version": "1.12.0", "dbt_databricks_version": "1.12.3", "databricks_sql_connector_version": "4.3.0", "profile_name": "shopflow_analytics", "target_name": "dev", "invocation_id": "5cba78ba-82a4-4c94-a500-69b4aea3ba64", "node_id": "model.shopflow_analytics.fct_orders"} */
SHOW TBLPROPERTIES `shopflow_analytics_cat`.`gold`.`fct_orders`
  
[0m20:00:37.120455 [debug] [Thread-4 (]: SQL status: OK in 0.910 seconds
[0m20:00:37.121453 [debug] [Thread-6 (]: SQL status: OK in 0.940 seconds
[0m20:00:37.126439 [debug] [Thread-6 (]: Databricks adapter: Cursor(session-id=01f18c40-8d80-1ced-91b1-4e9b6cc96441, command-id=01f18c40-91d9-14ce-8dfd-673a33cf9ee7) - Closing
[0m20:00:37.131425 [debug] [Thread-6 (]: Using databricks connection "model.shopflow_analytics.fct_order_items"
[0m20:00:37.132423 [debug] [Thread-6 (]: On model.shopflow_analytics.fct_order_items: /* {"app": "dbt", "dbt_version": "1.12.0", "dbt_databricks_version": "1.12.3", "databricks_sql_connector_version": "4.3.0", "profile_name": "shopflow_analytics", "target_name": "dev", "invocation_id": "5cba78ba-82a4-4c94-a500-69b4aea3ba64", "node_id": "model.shopflow_analytics.fct_order_items"} */
describe extended `shopflow_analytics_cat`.`gold`.`fct_order_items`
  
[0m20:00:37.134418 [debug] [Thread-4 (]: Databricks adapter: Cursor(session-id=01f18c40-8d8c-1543-b7f0-ce6cb1a89e64, command-id=01f18c40-91dd-1977-a3fe-36225aa1a218) - Closing
[0m20:00:37.136413 [debug] [Thread-4 (]: Using databricks connection "model.shopflow_analytics.fct_orders"
[0m20:00:37.137410 [debug] [Thread-4 (]: On model.shopflow_analytics.fct_orders: /* {"app": "dbt", "dbt_version": "1.12.0", "dbt_databricks_version": "1.12.3", "databricks_sql_connector_version": "4.3.0", "profile_name": "shopflow_analytics", "target_name": "dev", "invocation_id": "5cba78ba-82a4-4c94-a500-69b4aea3ba64", "node_id": "model.shopflow_analytics.fct_orders"} */
describe extended `shopflow_analytics_cat`.`gold`.`fct_orders`
  
[0m20:00:38.034339 [debug] [Thread-4 (]: SQL status: OK in 0.900 seconds
[0m20:00:38.043316 [debug] [Thread-4 (]: Databricks adapter: Cursor(session-id=01f18c40-8d8c-1543-b7f0-ce6cb1a89e64, command-id=01f18c40-926a-1667-b305-66eefe8024af) - Closing
[0m20:00:38.045310 [debug] [Thread-4 (]: Databricks adapter: Getting diff for ColumnCommentsConfig: comments={'order_id': '', 'customer_id': '', 'order_date': '', 'revenue': '', 'status': ''} persist=False and comments={'order_id': '', 'customer_id': '', 'order_date': '', 'status': '', 'revenue': '', 'number_of_lines': '', 'total_units': '', 'customer_country': '', 'order_key': '', '': ''} persist=False
[0m20:00:38.054286 [debug] [Thread-4 (]: Using databricks connection "model.shopflow_analytics.fct_orders"
[0m20:00:38.055283 [debug] [Thread-4 (]: On model.shopflow_analytics.fct_orders: /* {"app": "dbt", "dbt_version": "1.12.0", "dbt_databricks_version": "1.12.3", "databricks_sql_connector_version": "4.3.0", "profile_name": "shopflow_analytics", "target_name": "dev", "invocation_id": "5cba78ba-82a4-4c94-a500-69b4aea3ba64", "node_id": "model.shopflow_analytics.fct_orders"} */

  
    create or replace temporary view `fct_orders__dbt_tmp` as
      -- Fact: one row per order (incremental)


with orders_enriched as (
    select * from `shopflow_analytics_cat`.`silver`.`int_orders_enriched`
    
    where order_date > (select max(order_date) from `shopflow_analytics_cat`.`gold`.`fct_orders`)
    
),

final as (
    select
        order_id,
        customer_id,
        order_date,
        status,
        order_total_amount as revenue,
        line_count as number_of_lines,
        total_quantity as total_units,
        customer_country,
        md5(cast(concat(coalesce(cast(order_id as string), '_dbt_utils_surrogate_key_null_')) as string)) as order_key
    from orders_enriched
)

select * from final
  
[0m20:00:38.079219 [debug] [Thread-6 (]: SQL status: OK in 0.940 seconds
[0m20:00:38.085202 [debug] [Thread-6 (]: Databricks adapter: Cursor(session-id=01f18c40-8d80-1ced-91b1-4e9b6cc96441, command-id=01f18c40-926a-1846-96fe-9c28be5cc42c) - Closing
[0m20:00:38.088194 [debug] [Thread-6 (]: Databricks adapter: Getting diff for ColumnCommentsConfig: comments={'order_item_id': '', 'order_id': '', 'product_id': '', 'revenue': ''} persist=False and comments={'order_item_id': '', 'order_id': '', 'product_id': '', 'quantity': '', 'unit_price': '', 'revenue': '', 'product_name': '', 'product_category': '', 'customer_id': '', 'order_date': '', 'order_status': '', '': ''} persist=False
[0m20:00:38.091188 [debug] [Thread-6 (]: Using databricks connection "model.shopflow_analytics.fct_order_items"
[0m20:00:38.092187 [debug] [Thread-6 (]: On model.shopflow_analytics.fct_order_items: /* {"app": "dbt", "dbt_version": "1.12.0", "dbt_databricks_version": "1.12.3", "databricks_sql_connector_version": "4.3.0", "profile_name": "shopflow_analytics", "target_name": "dev", "invocation_id": "5cba78ba-82a4-4c94-a500-69b4aea3ba64", "node_id": "model.shopflow_analytics.fct_order_items"} */

  
    create or replace temporary view `fct_order_items__dbt_tmp` as
      -- Fact: one row per order line (incremental)


with line_items as (
    select * from `shopflow_analytics_cat`.`silver`.`int_order_items_with_product`
    
    where order_date > (select max(order_date) from `shopflow_analytics_cat`.`gold`.`fct_order_items`)
    
),

final as (
    select
        order_item_id,
        order_id,
        product_id,
        quantity,
        unit_price,
        line_total as revenue,
        product_name,
        product_category,
        customer_id,
        order_date,
        order_status
    from line_items
)

select * from final
  
[0m20:00:40.001077 [debug] [Thread-4 (]: SQL status: OK in 1.940 seconds
[0m20:00:40.002074 [debug] [Thread-4 (]: Databricks adapter: Cursor(session-id=01f18c40-8d8c-1543-b7f0-ce6cb1a89e64, command-id=01f18c40-92f9-1506-9216-298eba5c7a69) - Closing
[0m20:00:40.052939 [debug] [Thread-4 (]: Using databricks connection "model.shopflow_analytics.fct_orders"
[0m20:00:40.054933 [debug] [Thread-4 (]: On model.shopflow_analytics.fct_orders: /* {"app": "dbt", "dbt_version": "1.12.0", "dbt_databricks_version": "1.12.3", "databricks_sql_connector_version": "4.3.0", "profile_name": "shopflow_analytics", "target_name": "dev", "invocation_id": "5cba78ba-82a4-4c94-a500-69b4aea3ba64", "node_id": "model.shopflow_analytics.fct_orders"} */

    
  DESCRIBE TABLE EXTENDED `shopflow_analytics_cat`.`gold`.`fct_orders` AS JSON

  
[0m20:00:40.288309 [debug] [Thread-6 (]: SQL status: OK in 2.190 seconds
[0m20:00:40.291301 [debug] [Thread-6 (]: Databricks adapter: Cursor(session-id=01f18c40-8d80-1ced-91b1-4e9b6cc96441, command-id=01f18c40-92fc-1857-b8eb-fb944c35c260) - Closing
[0m20:00:40.294293 [debug] [Thread-6 (]: Using databricks connection "model.shopflow_analytics.fct_order_items"
[0m20:00:40.295290 [debug] [Thread-6 (]: On model.shopflow_analytics.fct_order_items: /* {"app": "dbt", "dbt_version": "1.12.0", "dbt_databricks_version": "1.12.3", "databricks_sql_connector_version": "4.3.0", "profile_name": "shopflow_analytics", "target_name": "dev", "invocation_id": "5cba78ba-82a4-4c94-a500-69b4aea3ba64", "node_id": "model.shopflow_analytics.fct_order_items"} */

    
  DESCRIBE TABLE EXTENDED `shopflow_analytics_cat`.`gold`.`fct_order_items` AS JSON

  
[0m20:00:40.815898 [debug] [Thread-4 (]: SQL status: OK in 0.760 seconds
[0m20:00:40.824874 [debug] [Thread-4 (]: Databricks adapter: Cursor(session-id=01f18c40-8d8c-1543-b7f0-ce6cb1a89e64, command-id=01f18c40-9428-1a37-b9d4-c0b67b8212aa) - Closing
[0m20:00:40.826868 [debug] [Thread-4 (]: Using databricks connection "model.shopflow_analytics.fct_orders"
[0m20:00:40.828863 [debug] [Thread-4 (]: On model.shopflow_analytics.fct_orders: /* {"app": "dbt", "dbt_version": "1.12.0", "dbt_databricks_version": "1.12.3", "databricks_sql_connector_version": "4.3.0", "profile_name": "shopflow_analytics", "target_name": "dev", "invocation_id": "5cba78ba-82a4-4c94-a500-69b4aea3ba64", "node_id": "model.shopflow_analytics.fct_orders"} */

    
  DESCRIBE TABLE EXTENDED `fct_orders__dbt_tmp` AS JSON

  
[0m20:00:40.984446 [debug] [Thread-6 (]: SQL status: OK in 0.690 seconds
[0m20:00:40.992425 [debug] [Thread-6 (]: Databricks adapter: Cursor(session-id=01f18c40-8d80-1ced-91b1-4e9b6cc96441, command-id=01f18c40-944c-1cb1-8c7a-c1a79ae3cf04) - Closing
[0m20:00:40.996415 [debug] [Thread-6 (]: Using databricks connection "model.shopflow_analytics.fct_order_items"
[0m20:00:40.998409 [debug] [Thread-6 (]: On model.shopflow_analytics.fct_order_items: /* {"app": "dbt", "dbt_version": "1.12.0", "dbt_databricks_version": "1.12.3", "databricks_sql_connector_version": "4.3.0", "profile_name": "shopflow_analytics", "target_name": "dev", "invocation_id": "5cba78ba-82a4-4c94-a500-69b4aea3ba64", "node_id": "model.shopflow_analytics.fct_order_items"} */

    
  DESCRIBE TABLE EXTENDED `fct_order_items__dbt_tmp` AS JSON

  
[0m20:00:41.124073 [debug] [Thread-4 (]: SQL status: OK in 0.290 seconds
[0m20:00:41.130058 [debug] [Thread-4 (]: Databricks adapter: Cursor(session-id=01f18c40-8d8c-1543-b7f0-ce6cb1a89e64, command-id=01f18c40-949e-1070-9bfb-dc5eca99ba78) - Closing
[0m20:00:41.175935 [debug] [Thread-4 (]: Writing runtime sql for node "model.shopflow_analytics.fct_orders"
[0m20:00:41.177930 [debug] [Thread-4 (]: Using databricks connection "model.shopflow_analytics.fct_orders"
[0m20:00:41.178927 [debug] [Thread-4 (]: On model.shopflow_analytics.fct_orders: /* {"app": "dbt", "dbt_version": "1.12.0", "dbt_databricks_version": "1.12.3", "databricks_sql_connector_version": "4.3.0", "profile_name": "shopflow_analytics", "target_name": "dev", "invocation_id": "5cba78ba-82a4-4c94-a500-69b4aea3ba64", "node_id": "model.shopflow_analytics.fct_orders"} */
-- back compat for old kwarg name
  
  
  
  
  
  
      
          
          
      
  

    merge
    into
        `shopflow_analytics_cat`.`gold`.`fct_orders` as DBT_INTERNAL_DEST
    using
        `fct_orders__dbt_tmp` as DBT_INTERNAL_SOURCE
    on
        
              DBT_INTERNAL_SOURCE.`order_id` <=> DBT_INTERNAL_DEST.`order_id`
          
    when matched
        then update set
            `status` = DBT_INTERNAL_SOURCE.`status`, `revenue` = DBT_INTERNAL_SOURCE.`revenue`, `number_of_lines` = DBT_INTERNAL_SOURCE.`number_of_lines`, `total_units` = DBT_INTERNAL_SOURCE.`total_units`, `customer_country` = DBT_INTERNAL_SOURCE.`customer_country`
    when not matched
        then insert
            *

[0m20:00:41.329524 [debug] [Thread-6 (]: SQL status: OK in 0.330 seconds
[0m20:00:41.397343 [debug] [Thread-6 (]: Databricks adapter: Cursor(session-id=01f18c40-8d80-1ced-91b1-4e9b6cc96441, command-id=01f18c40-94b7-1cb5-9f16-8d309e4b42b4) - Closing
[0m20:00:41.401332 [debug] [Thread-6 (]: Writing runtime sql for node "model.shopflow_analytics.fct_order_items"
[0m20:00:41.407316 [debug] [Thread-6 (]: Using databricks connection "model.shopflow_analytics.fct_order_items"
[0m20:00:41.409313 [debug] [Thread-6 (]: On model.shopflow_analytics.fct_order_items: /* {"app": "dbt", "dbt_version": "1.12.0", "dbt_databricks_version": "1.12.3", "databricks_sql_connector_version": "4.3.0", "profile_name": "shopflow_analytics", "target_name": "dev", "invocation_id": "5cba78ba-82a4-4c94-a500-69b4aea3ba64", "node_id": "model.shopflow_analytics.fct_order_items"} */
-- back compat for old kwarg name
  
  
  
  
  
  
      
          
          
      
  

    merge
    into
        `shopflow_analytics_cat`.`gold`.`fct_order_items` as DBT_INTERNAL_DEST
    using
        `fct_order_items__dbt_tmp` as DBT_INTERNAL_SOURCE
    on
        
              DBT_INTERNAL_SOURCE.`order_item_id` <=> DBT_INTERNAL_DEST.`order_item_id`
          
    when matched
        then update set
            `quantity` = DBT_INTERNAL_SOURCE.`quantity`, `unit_price` = DBT_INTERNAL_SOURCE.`unit_price`, `revenue` = DBT_INTERNAL_SOURCE.`revenue`, `order_status` = DBT_INTERNAL_SOURCE.`order_status`
    when not matched
        then insert
            *

[0m20:00:49.466661 [debug] [Thread-4 (]: SQL status: OK in 8.290 seconds
[0m20:00:49.469642 [debug] [Thread-4 (]: Databricks adapter: Cursor(session-id=01f18c40-8d8c-1543-b7f0-ce6cb1a89e64, command-id=01f18c40-94d3-1696-a789-059ae61b97f1) - Closing
[0m20:00:49.568691 [debug] [Thread-6 (]: SQL status: OK in 8.160 seconds
[0m20:00:49.570684 [debug] [Thread-6 (]: Databricks adapter: Cursor(session-id=01f18c40-8d80-1ced-91b1-4e9b6cc96441, command-id=01f18c40-94f7-1afd-832d-82fbba91ceb5) - Closing
[0m20:00:49.707033 [debug] [Thread-4 (]: On model.shopflow_analytics.fct_orders: Close
[0m20:00:49.708030 [debug] [Thread-4 (]: Databricks adapter: Connection(session-id=01f18c40-8d8c-1543-b7f0-ce6cb1a89e64) - Closing
[0m20:00:49.909059 [debug] [Thread-6 (]: On model.shopflow_analytics.fct_order_items: Close
[0m20:00:49.910056 [debug] [Thread-6 (]: Databricks adapter: Connection(session-id=01f18c40-8d80-1ced-91b1-4e9b6cc96441) - Closing
[0m20:00:50.119488 [debug] [Thread-4 (]: Sending event: {'category': 'dbt', 'action': 'run_model', 'label': '5cba78ba-82a4-4c94-a500-69b4aea3ba64', 'context': [<snowplow_tracker.self_describing_json.SelfDescribingJson object at 0x000002A8FE34DB80>]}
[0m20:00:50.122481 [debug] [Thread-6 (]: Sending event: {'category': 'dbt', 'action': 'run_model', 'label': '5cba78ba-82a4-4c94-a500-69b4aea3ba64', 'context': [<snowplow_tracker.self_describing_json.SelfDescribingJson object at 0x000002A8FE90E510>]}
[0m20:00:50.123478 [info ] [Thread-4 (]: 7 of 8 OK created sql incremental model gold.fct_orders ........................ [[32mOK[0m in 23.97s]
[0m20:00:50.128465 [debug] [Thread-4 (]: Finished running node model.shopflow_analytics.fct_orders
[0m20:00:50.125473 [info ] [Thread-6 (]: 8 of 8 OK created sql incremental model gold.fct_order_items ................... [[32mOK[0m in 23.75s]
[0m20:00:50.131457 [debug] [Thread-6 (]: Finished running node model.shopflow_analytics.fct_order_items
[0m20:00:50.137440 [debug] [MainThread]: Databricks adapter: DatabricksDBTConnection(session-id=None, name=master) - Creating connection
[0m20:00:50.138438 [debug] [MainThread]: Acquiring new databricks connection 'master'
[0m20:00:50.139435 [info ] [MainThread]: 
[0m20:00:50.207254 [info ] [MainThread]: Finished shopflow_analytics run
[0m20:00:50.251373 [debug] [MainThread]: Writing injected SQL for node "operation.shopflow_analytics.shopflow_analytics-on-run-end-0"
[0m20:00:50.252370 [info ] [MainThread]: 1 of 1 START hook: shopflow_analytics.on-run-end.0 ............................. [RUN]
[0m20:00:50.307351 [info ] [MainThread]: 1 of 1 OK hook: shopflow_analytics.on-run-end.0 ................................ [[32mOK[0m in 0.09s]
[0m20:00:50.390346 [info ] [MainThread]: 
[0m20:00:50.661385 [info ] [MainThread]: Finished running 2 incremental models, 2 project hooks, 1 table model, 5 view models in 0 hours 0 minutes and 48.46 seconds (48.46s).
[0m20:00:50.787438 [debug] [MainThread]: Command end result
[0m20:00:51.241596 [debug] [MainThread]: Wrote artifact WritableManifest to C:\Users\Utilisateur\Desktop\Auto E TS\Datanoumrite\DBT ENG PROJECT\ddd-engineering-project\target\manifest.json
[0m20:00:51.254808 [debug] [MainThread]: Wrote artifact SemanticManifest to C:\Users\Utilisateur\Desktop\Auto E TS\Datanoumrite\DBT ENG PROJECT\ddd-engineering-project\target\semantic_manifest.json
[0m20:00:51.304675 [debug] [MainThread]: Wrote artifact OsiDocument to C:\Users\Utilisateur\Desktop\Auto E TS\Datanoumrite\DBT ENG PROJECT\ddd-engineering-project\target\osi_document.json
[0m20:00:51.321630 [debug] [MainThread]: Wrote artifact RunExecutionResult to C:\Users\Utilisateur\Desktop\Auto E TS\Datanoumrite\DBT ENG PROJECT\ddd-engineering-project\target\run_results.json
[0m20:00:51.322627 [info ] [MainThread]: 
[0m20:00:51.391608 [info ] [MainThread]: [32mCompleted successfully[0m
[0m20:00:51.434609 [info ] [MainThread]: 
[0m20:00:51.469628 [info ] [MainThread]: Done. PASS=10 WARN=0 ERROR=0 SKIP=0 NO-OP=0 REUSED=0 TOTAL=10
[0m20:00:51.548617 [debug] [MainThread]: Command `dbt run` succeeded at 20:00:51.548617 after 55.53 seconds
[0m20:00:51.549615 [debug] [MainThread]: Sending event: {'category': 'dbt', 'action': 'invocation', 'label': 'end', 'context': [<snowplow_tracker.self_describing_json.SelfDescribingJson object at 0x000002A8F419FAD0>, <snowplow_tracker.self_describing_json.SelfDescribingJson object at 0x000002A8F41B0380>, <snowplow_tracker.self_describing_json.SelfDescribingJson object at 0x000002A8F41F7440>]}
[0m20:00:51.549615 [debug] [MainThread]: Flushing usage events
[0m20:00:54.010837 [debug] [MainThread]: An error was encountered while trying to flush usage events
