==================== 2026-07-30T14:19:01.393808Z | 00000000-0000-0000-0000-000000000000 ====================
==================== 2026-07-30T14:19:01.394565Z | af2c9fad-cdb4-46f9-b2fd-c37a64d22b48 ====================
14:19:01.395994 [info ]: Starting dbt LSP server
14:19:01.396504 [info ]: Connecting to LSP client on port 8000
14:19:01.401239 [info ]: Successfully connected to LSP client
14:19:01.401491 [info ]: Creating LSP service...
14:19:01.410684 [info ]: Creating LSP server...
14:19:01.410705 [info ]: Starting LSP server...
14:29:16.292278 [info ]: Loading profiles.yml
14:29:17.091532 [info ]: Started loading project
14:29:17.104839 [info ]: Loading profiles.yml
14:29:17.266353 [info ]:    Started resolving packages from packages.yml
14:29:19.260099 [info ]: Loading profiles.yml
14:29:19.590283 [info ]:     Failed [  2.32s] resolving packages from packages.yml (error: Operation cancelled)
14:29:19.600830 [info ]: Finished loading project [  2.51s]
14:29:19.663151 [info ]: Waiting for lease on 'target' directory
14:29:21.131776 [info ]: Started loading project
14:29:21.133444 [info ]: Loading profiles.yml
14:29:21.153870 [info ]:    Started resolving packages from packages.yml
14:29:21.253038 [info ]:   Finished [  0.10s] resolving packages from packages.yml (1 items)
14:29:21.253646 [info ]: Installing packages
14:29:21.261046 [info ]: Installing dbt-labs/dbt_utils
14:29:24.296323 [info ]:  Installed dbt-labs/dbt_utils: 1.1.1
14:29:24.296613 [info ]:  Installed 1 package
14:29:24.297388 [info ]: Updated version available for dbt_utils@1.1.1: 1.4.1
14:29:24.299745 [debug]:    Started loading packages
14:29:25.016209 [debug]:     Loaded [  0.72s] packages
14:29:25.033944 [info ]: Finished loading project [  3.90s]
14:29:25.044345 [info ]: Started parsing
14:29:35.861409 [debug]: Finished parsing models/intermediate/_intermediate_models.yml [  0.01s]
14:29:35.862949 [debug]: Finished parsing models/marts/core/_exposures.yml [  0.00s]
14:29:35.864265 [debug]: Finished parsing models/marts/core/_marts_core.yml [  0.00s]
14:29:35.865522 [debug]: Finished parsing models/staging/_staging_models.yml [  0.00s]
14:29:35.866603 [debug]: Finished parsing snapshots/_snapshots.yml [  0.00s]
14:29:35.866924 [debug]: Finished parsing tests/_singular_tests.yml [  0.00s]
14:29:36.369375 [debug]: Finished parsing snapshots\scd_customers.sql:4:11 (scd_customers) [  0.10s]
14:29:36.405939 [debug]: Finished parsing models/intermediate/int_order_items_with_product.sql [  0.01s]
14:29:36.407513 [debug]: Finished parsing models/intermediate/int_orders_enriched.sql [  0.00s]
14:29:36.413771 [debug]: Finished parsing models/marts/core/dim_products.sql [  0.01s]
14:29:36.419452 [debug]: Finished parsing models/marts/core/fct_order_items.sql [  0.01s]
14:29:36.423266 [debug]: Finished parsing models/marts/core/fct_orders.sql [  0.00s]
14:29:36.424798 [debug]: Finished parsing models/staging/stg_order_items.sql [  0.00s]
14:29:36.426136 [debug]: Finished parsing models/staging/stg_orders.sql [  0.00s]
14:29:36.428084 [debug]: Finished parsing models/staging/stg_products.sql [  0.00s]
14:29:36.581188 [debug]: Finished parsing tests/assert_customer_has_valid_email.sql [  0.00s]
14:29:36.582425 [debug]: Finished parsing tests/assert_fct_orders_revenue_non_negative.sql [  0.00s]
14:29:36.584388 [debug]: Finished parsing tests/assert_no_future_order_dates.sql [  0.00s]
14:29:36.586151 [debug]: Finished parsing tests/assert_product_price_positive.sql [  0.00s]
14:29:36.588404 [debug]: Finished parsing tests/assert_quantity_positive.sql [  0.00s]
14:29:36.644737 [info ]: Starting shopflow_analytics run
14:29:36.646201 [info ]: Finished shopflow_analytics run
14:29:36.655900 [info ]: Finished parsing [ 11.61s]
14:29:36.662502 [info ]: Cached model count updated: 8 models (estimate)
14:29:36.662540 [info ]: Cached model count updated: 8 models (accurate)
14:29:36.666496 [info ]: Started scheduling
14:29:36.671657 [info ]: Finished scheduling [  0.01s]
14:29:36.671992 [debug]: Compilation - 0 nodes selected: {}
14:29:36.673829 [warn ]: [NoNodesForSelectionCriteria (dbt1092)]: The selection criterion '' does not match any enabled nodes
14:29:36.674968 [warn ]: [NoNodesSelected (dbt1601)]: Nothing to do. Try checking your model configs and model specification args
14:29:36.675409 [info ]: Started scheduling
14:29:36.677323 [info ]: Finished scheduling [  0.00s]
14:29:36.681083 [debug]: Initializing schema store with entry: Selected("snapshot.shopflow_analytics.scd_customers") and interval: None
14:29:36.905791 [debug]: No platform credentials found, skipping remote license
14:29:36.913672 [debug]: Trial license from file C:\Users\Utilisateur\.dbt\license.trial is expired
14:29:36.915247 [debug]: License check failed: Feature not licensed: 'lineage'
14:29:37.109988 [info ]: Started building task graph
14:29:37.112529 [info ]: Finished building task graph [  0.00s]
14:29:37.335215 [info ]: Started on-run-start hooks (1 nodes)
14:29:37.338144 [info ]: Starting shopflow_analytics run
14:29:42.140784 [info ]: Finished on-run-start hooks [  4.81s] (1 nodes, 0 skipped, 0 errors)
14:33:25.066387 [info ]: Loading profiles.yml
14:33:25.738502 [info ]: Started loading project
14:33:25.739507 [info ]: Loading profiles.yml
14:33:26.155015 [info ]: Loading packages.yml
14:33:26.155397 [debug]:    Started loading packages
14:33:26.242261 [debug]:     Loaded [  0.09s] packages
14:33:26.245527 [info ]: Finished loading project [  0.51s]
14:33:26.277123 [info ]: Started parsing
14:33:30.110311 [debug]: Finished parsing models/intermediate/_intermediate_models.yml [  0.00s]
14:33:30.285855 [debug]: Finished parsing models/marts/core/_exposures.yml [  0.18s]
14:33:30.341675 [debug]: Finished parsing models/marts/core/_marts_core.yml [  0.06s]
14:33:30.408212 [debug]: Finished parsing models/staging/_staging_models.yml [  0.07s]
14:33:30.507027 [debug]: Finished parsing snapshots/_snapshots.yml [  0.10s]
14:33:30.507346 [debug]: Finished parsing tests/_singular_tests.yml [  0.00s]
14:33:31.212357 [debug]: Finished parsing snapshots\scd_customers.sql:4:11 (scd_customers) [  0.44s]
14:33:31.962556 [debug]: Finished parsing models/intermediate/int_order_items_with_product.sql [  0.41s]
14:33:32.100441 [debug]: Finished parsing models/intermediate/int_orders_enriched.sql [  0.22s]
14:33:32.289228 [debug]: Finished parsing models/marts/core/dim_products.sql [  0.19s]
14:33:32.456650 [debug]: Finished parsing models/marts/core/fct_order_items.sql [  0.17s]
14:33:32.538080 [debug]: Finished parsing models/marts/core/fct_orders.sql [  0.08s]
14:33:32.582198 [debug]: Finished parsing models/staging/stg_order_items.sql [  0.04s]
14:33:32.648100 [debug]: Finished parsing models/staging/stg_orders.sql [  0.07s]
14:33:32.900685 [debug]: Finished parsing models/staging/stg_products.sql [  0.25s]
14:33:33.968061 [info ]: Finished parsing [  7.69s]
14:33:33.971833 [info ]: Waiting for lease on 'target' directory
14:33:34.854441 [info ]: Loading profiles.yml
14:33:39.751134 [info ]: Started loading project
14:33:39.757377 [info ]: Loading profiles.yml
14:33:40.135880 [info ]: Loading packages.yml
14:33:40.138703 [debug]:    Started loading packages
14:33:40.168079 [debug]:     Loaded [  0.03s] packages
14:33:40.175483 [info ]: Started parsing
14:33:40.175601 [info ]: Finished loading project [  0.42s]
14:33:40.680515 [debug]: Finished parsing models/intermediate/_intermediate_models.yml [  0.00s]
14:33:40.681179 [debug]: Finished parsing models/marts/core/_exposures.yml [  0.00s]
14:33:40.682134 [debug]: Finished parsing models/marts/core/_marts_core.yml [  0.00s]
14:33:40.684313 [debug]: Finished parsing models/staging/_staging_models.yml [  0.00s]
14:33:40.684875 [debug]: Finished parsing snapshots/_snapshots.yml [  0.00s]
14:33:40.685080 [debug]: Finished parsing tests/_singular_tests.yml [  0.00s]
14:33:40.847793 [debug]: Finished parsing snapshots\scd_customers.sql:4:11 (scd_customers) [  0.15s]
14:33:41.048144 [debug]: Finished parsing models/intermediate/int_order_items_with_product.sql [  0.07s]
14:33:41.289491 [debug]: Finished parsing models/intermediate/int_orders_enriched.sql [  0.24s]
14:33:41.417889 [debug]: Finished parsing models/marts/core/dim_products.sql [  0.13s]
14:33:41.615305 [debug]: Finished parsing models/marts/core/fct_order_items.sql [  0.20s]
14:33:41.799712 [debug]: Finished parsing models/marts/core/fct_orders.sql [  0.18s]
14:33:42.088053 [debug]: Finished parsing models/staging/stg_order_items.sql [  0.29s]
14:33:42.247240 [debug]: Finished parsing models/staging/stg_orders.sql [  0.16s]
14:33:42.553909 [debug]: Finished parsing models/staging/stg_products.sql [  0.41s]
14:33:43.883426 [debug]: Finished parsing tests/assert_customer_has_valid_email.sql [  0.02s]
14:33:44.011875 [debug]: Finished parsing tests/assert_fct_orders_revenue_non_negative.sql [  0.13s]
14:33:44.162476 [debug]: Finished parsing tests/assert_no_future_order_dates.sql [  0.15s]
14:33:44.175672 [debug]: Finished parsing tests/assert_product_price_positive.sql [  0.01s]
14:33:44.207699 [debug]: Finished parsing tests/assert_quantity_positive.sql [  0.03s]
14:33:45.316552 [info ]: Starting shopflow_analytics run
14:33:45.316831 [info ]: Finished shopflow_analytics run
14:33:45.322801 [info ]: Cached model count updated: 8 models (estimate)
14:33:45.322820 [info ]: Cached model count updated: 8 models (accurate)
14:33:45.322874 [info ]: Started scheduling
14:33:45.322964 [info ]: Finished scheduling [  0.00s]
14:33:45.322979 [debug]: Compilation - 0 nodes selected: {}
14:33:45.323009 [warn ]: [NoNodesForSelectionCriteria (dbt1092)]: The selection criterion '' does not match any enabled nodes
14:33:45.323023 [warn ]: [NoNodesSelected (dbt1601)]: Nothing to do. Try checking your model configs and model specification args
14:33:45.323035 [info ]: Started scheduling
14:33:45.323243 [info ]: Finished scheduling [  0.00s]
14:33:45.323313 [debug]: Initializing schema store with entry: Selected("snapshot.shopflow_analytics.scd_customers") and interval: None
14:33:45.325452 [debug]: License check failed: Feature not licensed: 'lineage'
14:33:45.327257 [info ]: Finished parsing [  5.15s]
14:33:45.490652 [info ]: Started building task graph
14:33:45.490695 [info ]: Finished building task graph [  0.00s]
14:33:52.134083 [info ]: Loading profiles.yml
14:34:05.029079 [info ]: Started on-run-start hooks (1 nodes)
14:34:05.029882 [info ]: Starting shopflow_analytics run
14:34:16.578390 [info ]: Loading profiles.yml
14:34:25.890316 [info ]: Finished on-run-start hooks [ 20.86s] (1 nodes, 0 skipped, 0 errors)
14:34:27.342175 [info ]: Waiting for lease on 'target' directory
14:34:32.870068 [info ]: Loading profiles.yml
14:34:34.821147 [info ]: Waiting for lease on 'target' directory
14:34:39.556856 [info ]: Started loading project
14:34:39.558259 [info ]: Loading profiles.yml
14:34:40.117032 [info ]: Loading packages.yml
14:34:40.117180 [debug]:    Started loading packages
14:34:40.148727 [debug]:     Loaded [  0.03s] packages
14:34:40.151206 [info ]: Started parsing
14:34:40.208903 [info ]: Finished loading project [  0.65s]
14:34:40.720690 [debug]: Finished parsing models/intermediate/_intermediate_models.yml [  0.00s]
14:34:40.721261 [debug]: Finished parsing models/marts/core/_exposures.yml [  0.00s]
14:34:40.722088 [debug]: Finished parsing models/marts/core/_marts_core.yml [  0.00s]
14:34:40.723024 [debug]: Finished parsing models/staging/_staging_models.yml [  0.00s]
14:34:40.723428 [debug]: Finished parsing snapshots/_snapshots.yml [  0.00s]
14:34:40.723593 [debug]: Finished parsing tests/_singular_tests.yml [  0.00s]
14:34:40.907358 [debug]: Finished parsing snapshots\scd_customers.sql:4:11 (scd_customers) [  0.18s]
14:34:41.244719 [debug]: Finished parsing models/intermediate/int_order_items_with_product.sql [  0.17s]
14:34:41.379466 [debug]: Finished parsing models/intermediate/int_orders_enriched.sql [  0.22s]
14:34:41.541412 [debug]: Finished parsing models/marts/core/dim_products.sql [  0.16s]
14:34:41.674172 [debug]: Finished parsing models/marts/core/fct_order_items.sql [  0.13s]
14:34:41.749544 [debug]: Finished parsing models/marts/core/fct_orders.sql [  0.12s]
14:34:41.879990 [debug]: Finished parsing models/staging/stg_order_items.sql [  0.13s]
14:34:41.961871 [debug]: Finished parsing models/staging/stg_orders.sql [  0.08s]
14:34:42.027182 [debug]: Finished parsing models/staging/stg_products.sql [  0.09s]
14:34:43.299794 [debug]: Finished parsing tests/assert_customer_has_valid_email.sql [  0.06s]
14:34:43.497423 [debug]: Finished parsing tests/assert_fct_orders_revenue_non_negative.sql [  0.20s]
14:34:43.680464 [debug]: Finished parsing tests/assert_no_future_order_dates.sql [  0.33s]
14:34:43.873144 [debug]: Finished parsing tests/assert_product_price_positive.sql [  0.19s]
14:34:43.944291 [debug]: Finished parsing tests/assert_quantity_positive.sql [  0.16s]
14:34:45.186606 [info ]: Starting shopflow_analytics run
14:34:45.187358 [info ]: Finished shopflow_analytics run
14:34:45.202034 [info ]: Cached model count updated: 8 models (estimate)
14:34:45.202107 [info ]: Cached model count updated: 8 models (accurate)
14:34:45.202282 [info ]: Started scheduling
14:34:45.202505 [info ]: Finished scheduling [  0.00s]
14:34:45.202537 [debug]: Compilation - 0 nodes selected: {}
14:34:45.202574 [warn ]: [NoNodesForSelectionCriteria (dbt1092)]: The selection criterion '' does not match any enabled nodes
14:34:45.202604 [warn ]: [NoNodesSelected (dbt1601)]: Nothing to do. Try checking your model configs and model specification args
14:34:45.202634 [info ]: Started scheduling
14:34:45.203022 [info ]: Finished scheduling [  0.00s]
14:34:45.203131 [debug]: Initializing schema store with entry: Selected("snapshot.shopflow_analytics.scd_customers") and interval: None
14:34:45.208164 [debug]: License check failed: Feature not licensed: 'lineage'
14:34:45.294027 [info ]: Finished parsing [  5.14s]
14:34:45.625004 [info ]: Started building task graph
14:34:45.625044 [info ]: Finished building task graph [  0.00s]
14:34:46.676073 [info ]: Started on-run-start hooks (1 nodes)
14:34:46.676517 [info ]: Starting shopflow_analytics run
14:34:56.519210 [info ]: Finished on-run-start hooks [  9.84s] (1 nodes, 0 skipped, 0 errors)
14:40:16.656842 [info ]: Started loading project
14:40:16.659135 [info ]: Loading profiles.yml
14:40:16.759134 [info ]: Loading packages.yml
14:40:16.759334 [debug]:    Started loading packages
14:40:16.784871 [debug]:     Loaded [  0.03s] packages
14:40:16.787870 [info ]: Finished loading project [  0.13s]
14:40:16.789249 [info ]: Started parsing
14:40:17.025106 [debug]: Finished parsing models/intermediate/_intermediate_models.yml [  0.01s]
14:40:17.032623 [debug]: Finished parsing models/marts/core/_exposures.yml [  0.01s]
14:40:17.043568 [debug]: Finished parsing models/marts/core/_marts_core.yml [  0.01s]
14:40:17.063387 [debug]: Finished parsing models/staging/_staging_models.yml [  0.02s]
14:40:17.064964 [debug]: Finished parsing snapshots/_snapshots.yml [  0.00s]
14:40:17.065366 [debug]: Finished parsing tests/_singular_tests.yml [  0.00s]
14:40:17.163068 [debug]: Finished parsing snapshots\scd_customers.sql:4:11 (scd_customers) [  0.07s]
14:40:17.178795 [debug]: Finished parsing models/intermediate/int_order_items_with_product.sql [  0.01s]
14:40:17.188881 [debug]: Finished parsing models/intermediate/int_orders_enriched.sql [  0.01s]
14:40:17.191754 [debug]: Finished parsing models/marts/core/dim_products.sql [  0.00s]
14:40:17.196193 [debug]: Finished parsing models/marts/core/fct_order_items.sql [  0.00s]
14:40:17.199006 [debug]: Finished parsing models/marts/core/fct_orders.sql [  0.00s]
14:40:17.200422 [debug]: Finished parsing models/staging/stg_order_items.sql [  0.00s]
14:40:17.201741 [debug]: Finished parsing models/staging/stg_orders.sql [  0.00s]
14:40:17.203641 [debug]: Finished parsing models/staging/stg_products.sql [  0.00s]
14:40:17.220428 [debug]: Finished parsing tests/assert_customer_has_valid_email.sql [  0.00s]
14:40:17.222056 [debug]: Finished parsing tests/assert_fct_orders_revenue_non_negative.sql [  0.00s]
14:40:17.222987 [debug]: Finished parsing tests/assert_no_future_order_dates.sql [  0.00s]
14:40:17.223627 [debug]: Finished parsing tests/assert_product_price_positive.sql [  0.00s]
14:40:17.224537 [debug]: Finished parsing tests/assert_quantity_positive.sql [  0.00s]
14:40:17.230065 [info ]: Starting shopflow_analytics run
14:40:17.230313 [info ]: Finished shopflow_analytics run
14:40:17.233120 [info ]: Finished parsing [  0.44s]
14:40:17.234466 [info ]: Cached model count updated: 8 models (estimate)
14:40:17.234484 [info ]: Cached model count updated: 8 models (accurate)
14:40:17.234541 [info ]: Started scheduling
14:40:17.234644 [info ]: Finished scheduling [  0.00s]
14:40:17.234660 [debug]: Compilation - 0 nodes selected: {}
14:40:17.234685 [warn ]: [NoNodesForSelectionCriteria (dbt1092)]: The selection criterion '' does not match any enabled nodes
14:40:17.234702 [warn ]: [NoNodesSelected (dbt1601)]: Nothing to do. Try checking your model configs and model specification args
14:40:17.234714 [info ]: Started scheduling
14:40:17.234946 [info ]: Finished scheduling [  0.00s]
14:40:17.235050 [debug]: Initializing schema store with entry: Selected("snapshot.shopflow_analytics.scd_customers") and interval: None
14:40:17.238153 [debug]: License check failed: Feature not licensed: 'lineage'
14:40:17.343504 [info ]: Started building task graph
14:40:17.343544 [info ]: Finished building task graph [  0.00s]
14:40:17.570240 [info ]: Loading profiles.yml
14:40:17.693168 [info ]: Started on-run-start hooks (1 nodes)
14:40:17.693534 [info ]: Starting shopflow_analytics run
14:40:19.769068 [info ]: Finished on-run-start hooks [  2.08s] (1 nodes, 0 skipped, 0 errors)
14:40:19.821473 [info ]: Started scheduling
14:40:19.821572 [info ]: Finished scheduling [  0.00s]
14:40:19.829837 [info ]: Cached model count updated: 8 models (accurate)
14:40:24.373352 [info ]: Started loading project
14:40:24.374284 [info ]: Loading profiles.yml
14:40:24.566567 [info ]: Cached model count updated: 8 models (estimate)
14:40:24.566620 [info ]: Cached model count updated: 8 models (accurate)
14:40:24.566793 [info ]: Started scheduling
14:40:24.567578 [info ]: Finished scheduling [  0.00s]
14:40:24.567634 [debug]: Compilation - 16 nodes selected: {"exposure.shopflow_analytics.ceo_dashboard", "exposure.shopflow_analytics.customer_history", "exposure.shopflow_analytics.product_analytics", "model.shopflow_analytics.dim_products", "model.shopflow_analytics.fct_order_items", "model.shopflow_analytics.fct_orders", "model.shopflow_analytics.int_order_items_with_product", "model.shopflow_analytics.int_orders_enriched", "model.shopflow_analytics.stg_order_items", "model.shopflow_analytics.stg_orders", "model.shopflow_analytics.stg_products", "seed.shopflow_analytics.raw_customers", "seed.shopflow_analytics.raw_order_items", "seed.shopflow_analytics.raw_orders", "seed.shopflow_analytics.raw_products", "snapshot.shopflow_analytics.scd_customers"}
14:40:24.580452 [debug]: License check failed: Feature not licensed: 'lineage'
14:40:24.612202 [debug]:    Started downloading relations (1 items)
14:40:24.643470 [info ]: Finished loading project [  0.27s]
14:40:26.769069 [debug]: Query executed on node unknown:

SELECT
    table_name,
    if(table_type IN ('EXTERNAL', 'MANAGED', 'MANAGED_SHALLOW_CLONE', 'EXTERNAL_SHALLOW_CLONE'), 'table', lower(table_type)) AS table_type,
    lower(data_source_format) AS file_format,
    table_schema,
    table_owner,
    table_catalog,
    if(
    table_type IN (
        'EXTERNAL',
        'MANAGED',
        'MANAGED_SHALLOW_CLONE',
        'EXTERNAL_SHALLOW_CLONE'
    ),
    lower(table_type),
    NULL
    ) AS databricks_table_type
FROM `system`.`information_schema`.`tables`
WHERE table_catalog = 'workspace'
    AND table_schema = 'gold'
14:40:26.811818 [debug]:   Finished [  2.20s] downloading relations (1 items)
14:40:27.407600 [info ]: Started building task graph
14:40:27.983147 [info ]: Finished building task graph [  0.58s]
14:40:30.262327 [info ]: Started on-run-start hooks (1 nodes)
14:40:30.262940 [info ]: Starting shopflow_analytics run
14:40:31.272744 [info ]: Finished on-run-start hooks [  1.01s] (1 nodes, 0 skipped, 0 errors)
14:40:31.277735 [info ]: Started rendering (13 nodes)
14:40:31.279404 [info ]: Started model gold.fct_order_items
14:40:31.279977 [debug]: Started rendering model gold.fct_order_items
14:40:31.281193 [info ]: Started model silver.int_order_items_with_product
14:40:31.281212 [debug]: Started rendering model silver.int_order_items_with_product
14:40:31.281236 [info ]: Started model gold.dim_products
14:40:31.281247 [debug]: Started rendering model gold.dim_products
14:40:31.281267 [info ]: Started model silver.stg_products
14:40:31.281283 [debug]: Started rendering model silver.stg_products
14:40:31.281795 [info ]: Started seed bronze.raw_products
14:40:31.281816 [debug]: Started rendering seed bronze.raw_products
14:40:31.281839 [info ]: Started model gold.fct_orders
14:40:31.281849 [debug]: Started rendering model gold.fct_orders
14:40:31.281870 [info ]: Started model silver.int_orders_enriched
14:40:31.281880 [debug]: Started rendering model silver.int_orders_enriched
14:40:31.281973 [info ]: Started snapshot gold.scd_customers
14:40:31.282017 [debug]: Started rendering snapshot gold.scd_customers
14:40:31.282081 [info ]: Started seed bronze.raw_customers
14:40:31.282109 [debug]: Started rendering seed bronze.raw_customers
14:40:31.282145 [info ]: Started model silver.stg_orders
14:40:31.282174 [debug]: Started rendering model silver.stg_orders
14:40:31.282213 [info ]: Started seed bronze.raw_orders
14:40:31.282243 [debug]: Started rendering seed bronze.raw_orders
14:40:31.282282 [info ]: Started model silver.stg_order_items
14:40:31.282302 [debug]: Started rendering model silver.stg_order_items
14:40:31.282342 [info ]: Started seed bronze.raw_order_items
14:40:31.282374 [debug]: Started rendering seed bronze.raw_order_items
14:40:31.312730 [debug]: Finished rendering [  0.03s] seed bronze.raw_products [success]
14:40:31.314417 [info ]:  Succeeded [  0.02s] seed  bronze.raw_products (table)
14:40:31.315743 [debug]: Finished rendering [  0.03s] seed bronze.raw_order_items [success]
14:40:31.315770 [info ]:  Succeeded [  0.03s] seed  bronze.raw_order_items (table)
14:40:31.315821 [debug]: Finished rendering [  0.03s] seed bronze.raw_orders [success]
14:40:31.315846 [info ]:  Succeeded [  0.03s] seed  bronze.raw_orders (table)
14:40:31.315886 [debug]: Finished rendering [  0.03s] seed bronze.raw_customers [success]
14:40:31.315913 [info ]:  Succeeded [  0.03s] seed  bronze.raw_customers (table)
14:40:31.436841 [debug]: Compiled SQL for node model.shopflow_analytics.int_order_items_with_product at target\.lsp\compiled\shopflow_analytics\models\intermediate\int_order_items_with_product.sql
14:40:31.447587 [debug]: Compiled SQL for node snapshot.shopflow_analytics.scd_customers at target\.lsp\compiled\shopflow_analytics\snapshots\scd_customers.sql\scd_customers.sql
14:40:31.447732 [debug]: Compiled SQL for node model.shopflow_analytics.int_orders_enriched at target\.lsp\compiled\shopflow_analytics\models\intermediate\int_orders_enriched.sql
14:40:31.462930 [debug]: Finished rendering [  0.18s] model silver.int_order_items_with_product [success]
14:40:31.481827 [info ]: Started analyzing (9 nodes)
14:40:31.481871 [debug]: Started analyzing model silver.int_order_items_with_product
14:40:31.485040 [debug]: Finished rendering [  0.20s] snapshot gold.scd_customers [success]
14:40:31.503785 [debug]: Started analyzing snapshot gold.scd_customers
14:40:31.503846 [debug]: Finished rendering [  0.22s] model silver.int_orders_enriched [success]
14:40:31.503872 [debug]: Started analyzing model silver.int_orders_enriched
14:40:31.548589 [debug]: Compiled SQL for node model.shopflow_analytics.stg_orders at target\.lsp\compiled\shopflow_analytics\models\staging\stg_orders.sql
14:40:31.565462 [debug]: Compiled SQL for node model.shopflow_analytics.stg_order_items at target\.lsp\compiled\shopflow_analytics\models\staging\stg_order_items.sql
14:40:31.583684 [debug]: Compiled SQL for node model.shopflow_analytics.stg_products at target\.lsp\compiled\shopflow_analytics\models\staging\stg_products.sql
14:40:31.667765 [debug]: Compiled SQL for node model.shopflow_analytics.dim_products at target\.lsp\compiled\shopflow_analytics\models\marts\core\dim_products.sql
14:40:31.676618 [debug]: Finished analyzing [  0.17s] snapshot gold.scd_customers [success]
14:40:31.676659 [info ]:  Succeeded [  0.37s] snapshot gold.scd_customers (snapshot)
14:40:31.676705 [debug]: Finished analyzing [  0.19s] model silver.int_order_items_with_product [success]
14:40:31.676721 [info ]:  Succeeded [  0.38s] model silver.int_order_items_with_product (view)
14:40:31.676746 [debug]: Finished rendering [  0.39s] model silver.stg_order_items [success]
14:40:31.676766 [debug]: Started analyzing model silver.stg_order_items
14:40:31.676793 [debug]: Finished rendering [  0.39s] model silver.stg_orders [success]
14:40:31.676812 [debug]: Started analyzing model silver.stg_orders
14:40:31.676827 [debug]: Finished rendering [  0.40s] model silver.stg_products [success]
14:40:31.676839 [debug]: Started analyzing model silver.stg_products
14:40:31.676854 [debug]: Finished rendering [  0.40s] model gold.dim_products [success]
14:40:31.676865 [debug]: Started analyzing model gold.dim_products
14:40:31.689011 [debug]: Finished analyzing [  0.19s] model silver.int_orders_enriched [success]
14:40:31.689039 [info ]:  Succeeded [  0.41s] model silver.int_orders_enriched (view)
14:40:31.695763 [debug]: Finished analyzing [  0.02s] model silver.stg_order_items [success]
14:40:31.695804 [info ]:  Succeeded [  0.41s] model silver.stg_order_items (view)
14:40:31.696141 [debug]: Finished analyzing [  0.02s] model silver.stg_products [success]
14:40:31.696160 [info ]:  Succeeded [  0.41s] model silver.stg_products (view)
14:40:31.696774 [debug]: Finished analyzing [  0.02s] model silver.stg_orders [success]
14:40:31.696798 [info ]:  Succeeded [  0.41s] model silver.stg_orders (view)
14:40:31.698131 [debug]: Compiled SQL for node model.shopflow_analytics.fct_order_items at target\.lsp\compiled\shopflow_analytics\models\marts\core\fct_order_items.sql
14:40:31.705784 [debug]: Compiled SQL for node model.shopflow_analytics.fct_orders at target\.lsp\compiled\shopflow_analytics\models\marts\core\fct_orders.sql
14:40:31.716288 [debug]: Finished rendering [  0.44s] model gold.fct_order_items [success]
14:40:31.716340 [debug]: Started analyzing model gold.fct_order_items
14:40:31.720916 [debug]: Finished analyzing [  0.00s] model gold.fct_order_items [success]
14:40:31.720957 [info ]:  Succeeded [  0.44s] model gold.fct_order_items (incremental)
14:40:31.721486 [debug]: Finished rendering [  0.44s] model gold.fct_orders [success]
14:40:31.721515 [info ]: Finished rendering [  0.44s] (13 nodes, 0 skipped, 0 errors)
14:40:31.721546 [debug]: Started analyzing model gold.fct_orders
14:40:31.736141 [debug]: Finished analyzing [  0.06s] model gold.dim_products [success]
14:40:31.736175 [info ]:  Succeeded [  0.45s] model gold.dim_products (table)
14:40:31.776314 [debug]: Finished analyzing [  0.05s] model gold.fct_orders [success]
14:40:31.776374 [info ]: Finished analyzing [  0.29s] (9 nodes, 0 skipped, 0 errors)
14:40:31.776394 [info ]:  Succeeded [  0.49s] model gold.fct_orders (incremental)
14:40:31.854156 [info ]: Started scheduling
14:40:31.854256 [info ]: Finished scheduling [  0.00s]
14:40:31.856678 [info ]: Cached model count updated: 8 models (accurate)
14:45:43.789156 [info ]: Started loading project
14:45:43.844168 [info ]: Loading profiles.yml
14:45:44.075534 [info ]: Started loading project
14:45:44.077592 [info ]: Loading profiles.yml
14:45:44.088228 [info ]: Finished loading project [  0.30s]
14:45:44.653744 [info ]: Loading packages.yml
14:45:44.653958 [debug]:    Started loading packages
14:45:44.787769 [debug]:     Loaded [  0.13s] packages
14:45:44.792295 [info ]: Finished loading project [  0.72s]
14:45:44.804561 [info ]: Started parsing
14:45:46.336846 [debug]: Finished parsing models/intermediate/_intermediate_models.yml [  0.00s]
14:45:46.341889 [debug]: Finished parsing models/marts/core/_exposures.yml [  0.00s]
14:45:46.362470 [debug]: Finished parsing models/marts/core/_marts_core.yml [  0.02s]
14:45:46.384504 [debug]: Finished parsing models/staging/_staging_models.yml [  0.02s]
14:45:46.436745 [debug]: Finished parsing snapshots/_snapshots.yml [  0.05s]
14:45:46.438376 [debug]: Finished parsing tests/_singular_tests.yml [  0.00s]
14:45:47.241866 [debug]: Finished parsing snapshots\scd_customers.sql:4:11 (scd_customers) [  0.66s]
14:45:47.767023 [debug]: Finished parsing models/intermediate/int_order_items_with_product.sql [  0.44s]
14:45:48.983859 [debug]: Finished parsing models/intermediate/int_orders_enriched.sql [  1.22s]
14:45:49.098559 [debug]: Finished parsing models/marts/core/dim_products.sql [  0.11s]
14:45:49.134755 [debug]: Finished parsing models/marts/core/fct_order_items.sql [  0.04s]
14:45:49.152900 [debug]: Finished parsing models/marts/core/fct_orders.sql [  0.02s]
14:45:49.155912 [debug]: Finished parsing models/staging/stg_order_items.sql [  0.00s]
14:45:49.161624 [debug]: Finished parsing models/staging/stg_orders.sql [  0.01s]
14:45:49.166246 [debug]: Finished parsing models/staging/stg_products.sql [  0.01s]
14:45:49.318637 [debug]: Finished parsing tests/assert_customer_has_valid_email.sql [  0.01s]
14:45:49.340505 [debug]: Finished parsing tests/assert_fct_orders_revenue_non_negative.sql [  0.02s]
14:45:49.735749 [debug]: Finished parsing tests/assert_no_future_order_dates.sql [  0.40s]
14:45:49.849599 [debug]: Finished parsing tests/assert_product_price_positive.sql [  0.11s]
14:45:49.876240 [debug]: Finished parsing tests/assert_quantity_positive.sql [  0.03s]
14:45:49.919497 [info ]: Starting shopflow_analytics run
14:45:49.919754 [info ]: Finished shopflow_analytics run
14:45:49.933709 [info ]: Finished parsing [  5.13s]
14:45:50.051228 [info ]: Waiting for lease on 'target' directory
14:45:53.310815 [info ]: Started loading project
14:45:53.311784 [info ]: Loading profiles.yml
14:45:53.380138 [info ]: Loading packages.yml
14:45:53.396494 [debug]:    Started loading packages
14:45:53.427353 [debug]:     Loaded [  0.03s] packages
14:45:53.430291 [info ]: Finished loading project [  0.12s]
14:45:53.431248 [info ]: Started parsing
14:45:53.791599 [debug]: Finished parsing models/intermediate/_intermediate_models.yml [  0.00s]
14:45:53.792366 [debug]: Finished parsing models/marts/core/_exposures.yml [  0.00s]
14:45:53.793521 [debug]: Finished parsing models/marts/core/_marts_core.yml [  0.00s]
14:45:53.794868 [debug]: Finished parsing models/staging/_staging_models.yml [  0.00s]
14:45:53.796145 [debug]: Finished parsing snapshots/_snapshots.yml [  0.00s]
14:45:53.797410 [debug]: Finished parsing tests/_singular_tests.yml [  0.00s]
14:45:53.821590 [debug]: Finished parsing snapshots\scd_customers.sql:4:11 (scd_customers) [  0.01s]
14:45:53.843426 [debug]: Finished parsing models/intermediate/int_order_items_with_product.sql [  0.00s]
14:45:53.847387 [debug]: Finished parsing models/intermediate/int_orders_enriched.sql [  0.00s]
14:45:53.868574 [debug]: Finished parsing models/marts/core/dim_products.sql [  0.02s]
14:45:54.135016 [debug]: Finished parsing models/marts/core/fct_order_items.sql [  0.27s]
14:45:54.279053 [debug]: Finished parsing models/marts/core/fct_orders.sql [  0.14s]
14:45:54.465063 [debug]: Finished parsing models/staging/stg_order_items.sql [  0.19s]
14:45:54.479154 [debug]: Finished parsing models/staging/stg_orders.sql [  0.02s]
14:45:54.492633 [debug]: Finished parsing models/staging/stg_products.sql [  0.01s]
14:45:55.722178 [debug]: Finished parsing tests/assert_customer_has_valid_email.sql [  0.01s]
14:45:55.733785 [debug]: Finished parsing tests/assert_fct_orders_revenue_non_negative.sql [  0.01s]
14:45:55.749005 [debug]: Finished parsing tests/assert_no_future_order_dates.sql [  0.02s]
14:45:55.755546 [debug]: Finished parsing tests/assert_product_price_positive.sql [  0.01s]
14:45:55.762665 [debug]: Finished parsing tests/assert_quantity_positive.sql [  0.01s]
14:45:57.215715 [info ]: Starting shopflow_analytics run
14:45:57.216115 [info ]: Finished shopflow_analytics run
14:45:57.228655 [info ]: Finished parsing [  3.80s]
14:45:57.230039 [info ]: Cached model count updated: 8 models (estimate)
14:45:57.230057 [info ]: Cached model count updated: 8 models (accurate)
14:45:57.230121 [info ]: Started scheduling
14:45:57.230223 [info ]: Finished scheduling [  0.00s]
14:45:57.230238 [debug]: Compilation - 0 nodes selected: {}
14:45:57.230278 [warn ]: [NoNodesForSelectionCriteria (dbt1092)]: The selection criterion '' does not match any enabled nodes
14:45:57.230294 [warn ]: [NoNodesSelected (dbt1601)]: Nothing to do. Try checking your model configs and model specification args
14:45:57.230307 [info ]: Started scheduling
14:45:57.230537 [info ]: Finished scheduling [  0.00s]
14:45:57.230619 [debug]: Initializing schema store with entry: Selected("snapshot.shopflow_analytics.scd_customers") and interval: None
14:45:57.243322 [debug]: License check failed: Feature not licensed: 'lineage'
14:45:57.610000 [info ]: Started building task graph
14:45:57.610080 [info ]: Finished building task graph [  0.00s]
14:46:01.576235 [info ]: Started on-run-start hooks (1 nodes)
14:46:01.576693 [info ]: Starting shopflow_analytics run
14:46:03.002141 [info ]: Finished on-run-start hooks [  1.43s] (1 nodes, 0 skipped, 0 errors)
14:46:03.025081 [info ]: Started scheduling
14:46:03.025287 [info ]: Finished scheduling [  0.00s]
14:46:03.028731 [info ]: Cached model count updated: 8 models (accurate)
14:46:05.546218 [info ]: Started loading project
14:46:05.550250 [info ]: Loading profiles.yml
14:46:05.990059 [info ]: Cached model count updated: 8 models (estimate)
14:46:05.990081 [info ]: Cached model count updated: 8 models (accurate)
14:46:05.990152 [info ]: Started scheduling
14:46:05.990388 [info ]: Finished scheduling [  0.00s]
14:46:05.990408 [debug]: Compilation - 16 nodes selected: {"exposure.shopflow_analytics.ceo_dashboard", "exposure.shopflow_analytics.customer_history", "exposure.shopflow_analytics.product_analytics", "model.shopflow_analytics.dim_products", "model.shopflow_analytics.fct_order_items", "model.shopflow_analytics.fct_orders", "model.shopflow_analytics.int_order_items_with_product", "model.shopflow_analytics.int_orders_enriched", "model.shopflow_analytics.stg_order_items", "model.shopflow_analytics.stg_orders", "model.shopflow_analytics.stg_products", "seed.shopflow_analytics.raw_customers", "seed.shopflow_analytics.raw_order_items", "seed.shopflow_analytics.raw_orders", "seed.shopflow_analytics.raw_products", "snapshot.shopflow_analytics.scd_customers"}
14:46:06.000348 [debug]: License check failed: Feature not licensed: 'lineage'
14:46:06.000599 [debug]:    Started downloading relations (1 items)
14:46:06.000658 [info ]: Finished loading project [  0.45s]
14:46:08.603839 [debug]: Query executed on node unknown:

SELECT
    table_name,
    if(table_type IN ('EXTERNAL', 'MANAGED', 'MANAGED_SHALLOW_CLONE', 'EXTERNAL_SHALLOW_CLONE'), 'table', lower(table_type)) AS table_type,
    lower(data_source_format) AS file_format,
    table_schema,
    table_owner,
    table_catalog,
    if(
    table_type IN (
        'EXTERNAL',
        'MANAGED',
        'MANAGED_SHALLOW_CLONE',
        'EXTERNAL_SHALLOW_CLONE'
    ),
    lower(table_type),
    NULL
    ) AS databricks_table_type
FROM `system`.`information_schema`.`tables`
WHERE table_catalog = 'workspace'
    AND table_schema = 'gold'
14:46:08.605094 [debug]:   Finished [  2.60s] downloading relations (1 items)
14:46:08.874253 [info ]: Started building task graph
14:46:08.874691 [info ]: Finished building task graph [  0.00s]
14:46:09.503773 [info ]: Started on-run-start hooks (1 nodes)
14:46:09.504094 [info ]: Starting shopflow_analytics run
14:46:09.512319 [info ]: Finished on-run-start hooks [  0.01s] (1 nodes, 0 skipped, 0 errors)
14:46:09.512465 [info ]: Started rendering (13 nodes)
14:46:09.512551 [info ]: Started model gold.fct_order_items
14:46:09.512598 [debug]: Started rendering model gold.fct_order_items
14:46:09.513514 [info ]: Started model silver.int_order_items_with_product
14:46:09.513586 [debug]: Started rendering model silver.int_order_items_with_product
14:46:09.513661 [info ]: Started model gold.dim_products
14:46:09.513690 [debug]: Started rendering model gold.dim_products
14:46:09.513733 [info ]: Started model silver.stg_products
14:46:09.513766 [debug]: Started rendering model silver.stg_products
14:46:09.513809 [info ]: Started seed bronze.raw_products
14:46:09.513848 [debug]: Started rendering seed bronze.raw_products
14:46:09.513882 [info ]: Started model gold.fct_orders
14:46:09.513912 [debug]: Started rendering model gold.fct_orders
14:46:09.513951 [info ]: Started model silver.int_orders_enriched
14:46:09.513977 [debug]: Started rendering model silver.int_orders_enriched
14:46:09.514020 [info ]: Started snapshot gold.scd_customers
14:46:09.514043 [debug]: Started rendering snapshot gold.scd_customers
14:46:09.514078 [info ]: Started seed bronze.raw_customers
14:46:09.514105 [debug]: Started rendering seed bronze.raw_customers
14:46:09.514152 [info ]: Started model silver.stg_orders
14:46:09.514182 [debug]: Started rendering model silver.stg_orders
14:46:09.514220 [info ]: Started seed bronze.raw_orders
14:46:09.514247 [debug]: Started rendering seed bronze.raw_orders
14:46:09.514279 [info ]: Started model silver.stg_order_items
14:46:09.514302 [debug]: Started rendering model silver.stg_order_items
14:46:09.514340 [info ]: Started seed bronze.raw_order_items
14:46:09.514366 [debug]: Started rendering seed bronze.raw_order_items
14:46:09.516962 [debug]: Finished rendering [  0.00s] seed bronze.raw_customers [success]
14:46:09.517177 [info ]:  Succeeded [  0.00s] seed  bronze.raw_customers (table)
14:46:09.517999 [debug]: Finished rendering [  0.00s] seed bronze.raw_orders [success]
14:46:09.518027 [info ]:  Succeeded [  0.00s] seed  bronze.raw_orders (table)
14:46:09.522117 [debug]: Compiled SQL for node model.shopflow_analytics.int_order_items_with_product at target\.lsp\compiled\shopflow_analytics\models\intermediate\int_order_items_with_product.sql
14:46:09.546562 [debug]: Finished rendering [  0.03s] model silver.int_order_items_with_product [success]
14:46:09.546690 [info ]: Started analyzing (9 nodes)
14:46:09.546807 [debug]: Started analyzing model silver.int_order_items_with_product
14:46:09.547073 [debug]: Finished rendering [  0.03s] seed bronze.raw_order_items [success]
14:46:09.547328 [info ]:  Succeeded [  0.03s] seed  bronze.raw_order_items (table)
14:46:09.550976 [debug]: Compiled SQL for node model.shopflow_analytics.fct_order_items at target\.lsp\compiled\shopflow_analytics\models\marts\core\fct_order_items.sql
14:46:09.551949 [debug]: Finished analyzing [  0.01s] model silver.int_order_items_with_product [success]
14:46:09.551984 [info ]:  Succeeded [  0.04s] model silver.int_order_items_with_product (view)
14:46:09.552168 [debug]: Finished rendering [  0.04s] model gold.fct_order_items [success]
14:46:09.552215 [debug]: Started analyzing model gold.fct_order_items
14:46:09.552626 [debug]: Finished analyzing [  0.00s] model gold.fct_order_items [success]
14:46:09.552656 [info ]:  Succeeded [  0.04s] model gold.fct_order_items (incremental)
14:46:09.566713 [debug]: Compiled SQL for node snapshot.shopflow_analytics.scd_customers at target\.lsp\compiled\shopflow_analytics\snapshots\scd_customers.sql\scd_customers.sql
14:46:09.568761 [debug]: Finished rendering [  0.05s] snapshot gold.scd_customers [success]
14:46:09.568849 [debug]: Started analyzing snapshot gold.scd_customers
14:46:09.573831 [debug]: Finished analyzing [  0.00s] snapshot gold.scd_customers [success]
14:46:09.573964 [info ]:  Succeeded [  0.06s] snapshot gold.scd_customers (snapshot)
14:46:09.581855 [debug]: Compiled SQL for node model.shopflow_analytics.stg_order_items at target\.lsp\compiled\shopflow_analytics\models\staging\stg_order_items.sql
14:46:09.621106 [debug]: Finished rendering [  0.11s] model silver.stg_order_items [success]
14:46:09.621186 [debug]: Started analyzing model silver.stg_order_items
14:46:09.623343 [debug]: Finished analyzing [  0.00s] model silver.stg_order_items [success]
14:46:09.623390 [info ]:  Succeeded [  0.11s] model silver.stg_order_items (view)
14:46:09.655227 [debug]: Compiled SQL for node model.shopflow_analytics.stg_products at target\.lsp\compiled\shopflow_analytics\models\staging\stg_products.sql
14:46:09.655857 [debug]: Finished rendering [  0.14s] model silver.stg_products [success]
14:46:09.655905 [debug]: Started analyzing model silver.stg_products
14:46:09.657082 [debug]: Finished analyzing [  0.00s] model silver.stg_products [success]
14:46:09.657111 [info ]:  Succeeded [  0.14s] model silver.stg_products (view)
14:46:09.657157 [debug]: Finished rendering [  0.14s] seed bronze.raw_products [success]
14:46:09.657172 [info ]:  Succeeded [  0.14s] seed  bronze.raw_products (table)
14:46:09.664959 [debug]: Compiled SQL for node model.shopflow_analytics.stg_orders at target\.lsp\compiled\shopflow_analytics\models\staging\stg_orders.sql
14:46:09.697727 [debug]: Finished rendering [  0.18s] model silver.stg_orders [success]
14:46:09.697870 [debug]: Started analyzing model silver.stg_orders
14:46:09.703127 [debug]: Finished analyzing [  0.01s] model silver.stg_orders [success]
14:46:09.703166 [info ]:  Succeeded [  0.19s] model silver.stg_orders (view)
14:46:09.715079 [debug]: Compiled SQL for node model.shopflow_analytics.int_orders_enriched at target\.lsp\compiled\shopflow_analytics\models\intermediate\int_orders_enriched.sql
14:46:09.715772 [debug]: Finished rendering [  0.20s] model silver.int_orders_enriched [success]
14:46:09.715837 [debug]: Started analyzing model silver.int_orders_enriched
14:46:09.720275 [debug]: Finished analyzing [  0.00s] model silver.int_orders_enriched [success]
14:46:09.720314 [info ]:  Succeeded [  0.20s] model silver.int_orders_enriched (view)
14:46:09.784891 [debug]: Compiled SQL for node model.shopflow_analytics.dim_products at target\.lsp\compiled\shopflow_analytics\models\marts\core\dim_products.sql
14:46:09.787298 [debug]: Finished rendering [  0.27s] model gold.dim_products [success]
14:46:09.787401 [debug]: Started analyzing model gold.dim_products
14:46:09.790273 [debug]: Finished analyzing [  0.00s] model gold.dim_products [success]
14:46:09.790305 [info ]:  Succeeded [  0.28s] model gold.dim_products (table)
14:46:09.797413 [debug]: Compiled SQL for node model.shopflow_analytics.fct_orders at target\.lsp\compiled\shopflow_analytics\models\marts\core\fct_orders.sql
14:46:09.799793 [debug]: Finished rendering [  0.29s] model gold.fct_orders [success]
14:46:09.799839 [info ]: Finished rendering [  0.29s] (13 nodes, 0 skipped, 0 errors)
14:46:09.799883 [debug]: Started analyzing model gold.fct_orders
14:46:09.800966 [debug]: Finished analyzing [  0.00s] model gold.fct_orders [success]
14:46:09.801023 [info ]: Finished analyzing [  0.25s] (9 nodes, 0 skipped, 0 errors)
14:46:09.801053 [info ]:  Succeeded [  0.29s] model gold.fct_orders (incremental)
14:46:09.821450 [info ]: Started scheduling
14:46:09.821636 [info ]: Finished scheduling [  0.00s]
14:46:09.831300 [info ]: Cached model count updated: 8 models (accurate)
14:54:02.375734 [info ]: Started loading project
14:54:02.376827 [info ]: Loading profiles.yml
14:54:02.379880 [info ]: Finished loading project [  0.00s]
14:54:02.382069 [info ]: Cached model count updated: 8 models (accurate)
14:54:05.081985 [info ]: Started loading project
14:54:05.084645 [info ]: Loading profiles.yml
14:54:05.109364 [info ]: Started loading project
14:54:05.110311 [info ]: Loading profiles.yml
14:54:05.110349 [info ]: Finished loading project [  0.03s]
14:54:05.128105 [info ]:    Started resolving packages from packages.yml
14:54:05.689294 [info ]:   Finished [  0.56s] resolving packages from packages.yml (1 items)
14:54:05.689769 [debug]:    Started loading packages
14:54:05.714104 [debug]:     Loaded [  0.02s] packages
14:54:05.715862 [info ]: Finished loading project [  0.61s]
14:54:05.717928 [info ]: Started parsing
14:54:05.935088 [debug]: Finished parsing models/intermediate/_intermediate_models.yml [  0.00s]
14:54:05.935934 [debug]: Finished parsing models/marts/core/_exposures.yml [  0.00s]
14:54:05.936640 [debug]: Finished parsing models/marts/core/_marts_core.yml [  0.00s]
14:54:05.937292 [debug]: Finished parsing models/staging/_staging_models.yml [  0.00s]
14:54:05.937577 [debug]: Finished parsing snapshots/_snapshots.yml [  0.00s]
14:54:05.937730 [debug]: Finished parsing tests/_singular_tests.yml [  0.00s]
14:54:05.945104 [debug]: Finished parsing snapshots\scd_customers.sql:4:11 (scd_customers) [  0.00s]
14:54:05.948718 [debug]: Finished parsing models/intermediate/int_order_items_with_product.sql [  0.00s]
14:54:05.950783 [debug]: Finished parsing models/intermediate/int_orders_enriched.sql [  0.00s]
14:54:05.955009 [debug]: Finished parsing models/marts/core/dim_products.sql [  0.00s]
14:54:05.961533 [debug]: Finished parsing models/marts/core/fct_order_items.sql [  0.01s]
14:54:05.963388 [debug]: Finished parsing models/marts/core/fct_orders.sql [  0.00s]
14:54:05.964587 [debug]: Finished parsing models/staging/stg_order_items.sql [  0.00s]
14:54:05.966388 [debug]: Finished parsing models/staging/stg_orders.sql [  0.00s]
14:54:05.968471 [debug]: Finished parsing models/staging/stg_products.sql [  0.00s]
14:54:06.021007 [debug]: Finished parsing tests/assert_customer_has_valid_email.sql [  0.00s]
14:54:06.025135 [debug]: Finished parsing tests/assert_fct_orders_revenue_non_negative.sql [  0.00s]
14:54:06.026868 [debug]: Finished parsing tests/assert_no_future_order_dates.sql [  0.00s]
14:54:06.028408 [debug]: Finished parsing tests/assert_product_price_positive.sql [  0.00s]
14:54:06.061886 [debug]: Finished parsing tests/assert_quantity_positive.sql [  0.03s]
14:54:06.238197 [info ]: Starting shopflow_analytics run
14:54:06.238494 [info ]: Finished shopflow_analytics run
14:54:06.245553 [info ]: Cached model count updated: 8 models (estimate)
14:54:06.245571 [info ]: Cached model count updated: 8 models (accurate)
14:54:06.245631 [info ]: Started scheduling
14:54:06.245738 [info ]: Finished scheduling [  0.00s]
14:54:06.245753 [debug]: Compilation - 0 nodes selected: {}
14:54:06.245776 [warn ]: [NoNodesForSelectionCriteria (dbt1092)]: The selection criterion '' does not match any enabled nodes
14:54:06.245791 [warn ]: [NoNodesSelected (dbt1601)]: Nothing to do. Try checking your model configs and model specification args
14:54:06.245803 [info ]: Started scheduling
14:54:06.246021 [info ]: Finished scheduling [  0.00s]
14:54:06.246090 [debug]: Initializing schema store with entry: Selected("snapshot.shopflow_analytics.scd_customers") and interval: None
14:54:06.248140 [debug]: License check failed: Feature not licensed: 'lineage'
14:54:06.257381 [info ]: Finished parsing [  0.54s]
14:54:06.571857 [info ]: Started building task graph
14:54:06.573105 [info ]: Finished building task graph [  0.00s]
14:54:06.832669 [info ]: Loading profiles.yml
14:54:09.303331 [info ]: Started on-run-start hooks (1 nodes)
14:54:09.303846 [info ]: Starting shopflow_analytics run
14:54:12.296643 [info ]: Finished on-run-start hooks [  2.99s] (1 nodes, 0 skipped, 0 errors)
14:54:12.305793 [info ]: Started scheduling
14:54:12.305893 [info ]: Finished scheduling [  0.00s]
14:54:12.307596 [info ]: Cached model count updated: 8 models (accurate)
14:54:16.695374 [info ]: Started loading project
14:54:16.697346 [info ]: Loading profiles.yml
14:54:16.811280 [info ]: Cached model count updated: 8 models (estimate)
14:54:16.811302 [info ]: Cached model count updated: 8 models (accurate)
14:54:16.811368 [info ]: Started scheduling
14:54:16.811617 [info ]: Finished scheduling [  0.00s]
14:54:16.811641 [debug]: Compilation - 16 nodes selected: {"exposure.shopflow_analytics.ceo_dashboard", "exposure.shopflow_analytics.customer_history", "exposure.shopflow_analytics.product_analytics", "model.shopflow_analytics.dim_products", "model.shopflow_analytics.fct_order_items", "model.shopflow_analytics.fct_orders", "model.shopflow_analytics.int_order_items_with_product", "model.shopflow_analytics.int_orders_enriched", "model.shopflow_analytics.stg_order_items", "model.shopflow_analytics.stg_orders", "model.shopflow_analytics.stg_products", "seed.shopflow_analytics.raw_customers", "seed.shopflow_analytics.raw_order_items", "seed.shopflow_analytics.raw_orders", "seed.shopflow_analytics.raw_products", "snapshot.shopflow_analytics.scd_customers"}
14:54:16.813620 [debug]: License check failed: Feature not licensed: 'lineage'
14:54:16.813880 [debug]:    Started downloading relations (1 items)
14:54:16.813943 [info ]: Finished loading project [  0.12s]
14:54:18.666512 [debug]: Query executed on node unknown:

SELECT
    table_name,
    if(table_type IN ('EXTERNAL', 'MANAGED', 'MANAGED_SHALLOW_CLONE', 'EXTERNAL_SHALLOW_CLONE'), 'table', lower(table_type)) AS table_type,
    lower(data_source_format) AS file_format,
    table_schema,
    table_owner,
    table_catalog,
    if(
    table_type IN (
        'EXTERNAL',
        'MANAGED',
        'MANAGED_SHALLOW_CLONE',
        'EXTERNAL_SHALLOW_CLONE'
    ),
    lower(table_type),
    NULL
    ) AS databricks_table_type
FROM `system`.`information_schema`.`tables`
WHERE table_catalog = 'workspace'
    AND table_schema = 'gold'
14:54:19.044654 [debug]:   Finished [  2.23s] downloading relations (1 items)
14:54:19.144280 [info ]: Started building task graph
14:54:19.144439 [info ]: Finished building task graph [  0.00s]
14:54:19.377326 [info ]: Started on-run-start hooks (1 nodes)
14:54:19.377733 [info ]: Starting shopflow_analytics run
14:54:19.381551 [info ]: Finished on-run-start hooks [  0.00s] (1 nodes, 0 skipped, 0 errors)
14:54:19.381631 [info ]: Started rendering (13 nodes)
14:54:19.381666 [info ]: Started model gold.fct_order_items
14:54:19.381690 [debug]: Started rendering model gold.fct_order_items
14:54:19.381729 [info ]: Started model silver.int_order_items_with_product
14:54:19.381750 [debug]: Started rendering model silver.int_order_items_with_product
14:54:19.381777 [info ]: Started model gold.dim_products
14:54:19.381794 [debug]: Started rendering model gold.dim_products
14:54:19.381819 [info ]: Started model silver.stg_products
14:54:19.381841 [debug]: Started rendering model silver.stg_products
14:54:19.381868 [info ]: Started seed bronze.raw_products
14:54:19.381885 [debug]: Started rendering seed bronze.raw_products
14:54:19.381911 [info ]: Started model gold.fct_orders
14:54:19.381928 [debug]: Started rendering model gold.fct_orders
14:54:19.381955 [info ]: Started model silver.int_orders_enriched
14:54:19.381973 [debug]: Started rendering model silver.int_orders_enriched
14:54:19.382010 [info ]: Started snapshot gold.scd_customers
14:54:19.382029 [debug]: Started rendering snapshot gold.scd_customers
14:54:19.382055 [info ]: Started seed bronze.raw_customers
14:54:19.382071 [debug]: Started rendering seed bronze.raw_customers
14:54:19.382098 [info ]: Started model silver.stg_orders
14:54:19.382114 [debug]: Started rendering model silver.stg_orders
14:54:19.382137 [info ]: Started seed bronze.raw_orders
14:54:19.382155 [debug]: Started rendering seed bronze.raw_orders
14:54:19.382181 [info ]: Started model silver.stg_order_items
14:54:19.382199 [debug]: Started rendering model silver.stg_order_items
14:54:19.382224 [info ]: Started seed bronze.raw_order_items
14:54:19.382249 [debug]: Started rendering seed bronze.raw_order_items
14:54:19.386872 [debug]: Compiled SQL for node model.shopflow_analytics.fct_order_items at target\.lsp\compiled\shopflow_analytics\models\marts\core\fct_order_items.sql
14:54:19.387363 [debug]: Finished rendering [  0.01s] model gold.fct_order_items [success]
14:54:19.387412 [info ]: Started analyzing (9 nodes)
14:54:19.387424 [debug]: Started analyzing model gold.fct_order_items
14:54:19.387855 [debug]: Finished analyzing [  0.00s] model gold.fct_order_items [success]
14:54:19.387873 [info ]:  Succeeded [  0.01s] model gold.fct_order_items (incremental)
14:54:19.387925 [debug]: Finished rendering [  0.01s] seed bronze.raw_customers [success]
14:54:19.387938 [info ]:  Succeeded [  0.01s] seed  bronze.raw_customers (table)
14:54:19.390621 [debug]: Finished rendering [  0.01s] seed bronze.raw_orders [success]
14:54:19.390657 [info ]:  Succeeded [  0.01s] seed  bronze.raw_orders (table)
14:54:19.391782 [debug]: Compiled SQL for node model.shopflow_analytics.int_order_items_with_product at target\.lsp\compiled\shopflow_analytics\models\intermediate\int_order_items_with_product.sql
14:54:19.395163 [debug]: Compiled SQL for node snapshot.shopflow_analytics.scd_customers at target\.lsp\compiled\shopflow_analytics\snapshots\scd_customers.sql\scd_customers.sql
14:54:19.395726 [debug]: Finished rendering [  0.01s] model silver.int_order_items_with_product [success]
14:54:19.395769 [debug]: Started analyzing model silver.int_order_items_with_product
14:54:19.395841 [debug]: Finished rendering [  0.01s] seed bronze.raw_order_items [success]
14:54:19.395863 [info ]:  Succeeded [  0.01s] seed  bronze.raw_order_items (table)
14:54:19.398088 [debug]: Finished analyzing [  0.00s] model silver.int_order_items_with_product [success]
14:54:19.398117 [info ]:  Succeeded [  0.01s] model silver.int_order_items_with_product (view)
14:54:19.398245 [debug]: Finished rendering [  0.02s] snapshot gold.scd_customers [success]
14:54:19.398296 [debug]: Started analyzing snapshot gold.scd_customers
14:54:19.400861 [debug]: Finished analyzing [  0.00s] snapshot gold.scd_customers [success]
14:54:19.400890 [info ]:  Succeeded [  0.02s] snapshot gold.scd_customers (snapshot)
14:54:19.414619 [debug]: Compiled SQL for node model.shopflow_analytics.stg_order_items at target\.lsp\compiled\shopflow_analytics\models\staging\stg_order_items.sql
14:54:19.415375 [debug]: Finished rendering [  0.03s] seed bronze.raw_products [success]
14:54:19.415410 [info ]:  Succeeded [  0.03s] seed  bronze.raw_products (table)
14:54:19.415566 [debug]: Finished rendering [  0.03s] model silver.stg_order_items [success]
14:54:19.415595 [debug]: Started analyzing model silver.stg_order_items
14:54:19.416065 [debug]: Finished analyzing [  0.00s] model silver.stg_order_items [success]
14:54:19.416099 [info ]:  Succeeded [  0.03s] model silver.stg_order_items (view)
14:54:19.420465 [debug]: Compiled SQL for node model.shopflow_analytics.int_orders_enriched at target\.lsp\compiled\shopflow_analytics\models\intermediate\int_orders_enriched.sql
14:54:19.425199 [debug]: Compiled SQL for node model.shopflow_analytics.fct_orders at target\.lsp\compiled\shopflow_analytics\models\marts\core\fct_orders.sql
14:54:19.425670 [debug]: Finished rendering [  0.04s] model silver.int_orders_enriched [success]
14:54:19.425721 [debug]: Started analyzing model silver.int_orders_enriched
14:54:19.425768 [debug]: Finished rendering [  0.04s] model gold.fct_orders [success]
14:54:19.425812 [debug]: Started analyzing model gold.fct_orders
14:54:19.433931 [debug]: Compiled SQL for node model.shopflow_analytics.stg_products at target\.lsp\compiled\shopflow_analytics\models\staging\stg_products.sql
14:54:19.434633 [debug]: Finished rendering [  0.05s] model silver.stg_products [success]
14:54:19.434673 [debug]: Started analyzing model silver.stg_products
14:54:19.435781 [debug]: Finished analyzing [  0.00s] model silver.stg_products [success]
14:54:19.435817 [info ]:  Succeeded [  0.05s] model silver.stg_products (view)
14:54:19.436280 [debug]: Finished analyzing [  0.01s] model gold.fct_orders [success]
14:54:19.436305 [info ]:  Succeeded [  0.05s] model gold.fct_orders (incremental)
14:54:19.438528 [debug]: Finished analyzing [  0.01s] model silver.int_orders_enriched [success]
14:54:19.438569 [info ]:  Succeeded [  0.06s] model silver.int_orders_enriched (view)
14:54:19.441027 [debug]: Compiled SQL for node model.shopflow_analytics.stg_orders at target\.lsp\compiled\shopflow_analytics\models\staging\stg_orders.sql
14:54:19.443236 [debug]: Finished rendering [  0.06s] model silver.stg_orders [success]
14:54:19.443299 [debug]: Started analyzing model silver.stg_orders
14:54:19.444222 [debug]: Finished analyzing [  0.00s] model silver.stg_orders [success]
14:54:19.444252 [info ]:  Succeeded [  0.06s] model silver.stg_orders (view)
14:54:19.445255 [debug]: Compiled SQL for node model.shopflow_analytics.dim_products at target\.lsp\compiled\shopflow_analytics\models\marts\core\dim_products.sql
14:54:19.445541 [debug]: Finished rendering [  0.06s] model gold.dim_products [success]
14:54:19.445568 [info ]: Finished rendering [  0.06s] (13 nodes, 0 skipped, 0 errors)
14:54:19.445593 [debug]: Started analyzing model gold.dim_products
14:54:19.446095 [debug]: Finished analyzing [  0.00s] model gold.dim_products [success]
14:54:19.446113 [info ]: Finished analyzing [  0.06s] (9 nodes, 0 skipped, 0 errors)
14:54:19.446125 [info ]:  Succeeded [  0.06s] model gold.dim_products (table)
14:54:19.453319 [info ]: Started scheduling
14:54:19.453406 [info ]: Finished scheduling [  0.00s]
14:54:19.457706 [info ]: Cached model count updated: 8 models (accurate)
14:54:43.206191 [info ]: Started loading project
14:54:43.207821 [info ]: Loading profiles.yml
14:54:43.229993 [info ]: Started loading project
14:54:43.231759 [info ]: Loading profiles.yml
14:54:43.257045 [info ]: Finished loading project [  0.05s]
14:54:43.371161 [info ]:    Started resolving packages from packages.yml
14:54:43.757133 [info ]:   Finished [  0.39s] resolving packages from packages.yml (1 items)
14:54:43.757493 [debug]:    Started loading packages
14:54:43.849773 [debug]:     Loaded [  0.09s] packages
14:54:43.853226 [info ]: Finished loading project [  0.62s]
14:54:43.853779 [info ]: Started parsing
14:54:44.397312 [debug]: Finished parsing models/intermediate/_intermediate_models.yml [  0.00s]
14:54:44.397719 [debug]: Finished parsing models/marts/core/_exposures.yml [  0.00s]
14:54:44.398362 [debug]: Finished parsing models/marts/core/_marts_core.yml [  0.00s]
14:54:44.399044 [debug]: Finished parsing models/staging/_staging_models.yml [  0.00s]
14:54:44.399328 [debug]: Finished parsing snapshots/_snapshots.yml [  0.00s]
14:54:44.399475 [debug]: Finished parsing tests/_singular_tests.yml [  0.00s]
14:54:44.622500 [debug]: Finished parsing snapshots\scd_customers.sql:4:11 (scd_customers) [  0.21s]
14:54:44.629977 [debug]: Finished parsing models/intermediate/int_order_items_with_product.sql [  0.00s]
14:54:44.631397 [debug]: Finished parsing models/intermediate/int_orders_enriched.sql [  0.00s]
14:54:44.633534 [debug]: Finished parsing models/marts/core/dim_products.sql [  0.00s]
14:54:44.637582 [debug]: Finished parsing models/marts/core/fct_order_items.sql [  0.00s]
14:54:44.641732 [debug]: Finished parsing models/marts/core/fct_orders.sql [  0.00s]
14:54:44.643144 [debug]: Finished parsing models/staging/stg_order_items.sql [  0.00s]
14:54:44.644842 [debug]: Finished parsing models/staging/stg_orders.sql [  0.00s]
14:54:44.646219 [debug]: Finished parsing models/staging/stg_products.sql [  0.00s]
14:54:44.674753 [debug]: Finished parsing tests/assert_customer_has_valid_email.sql [  0.00s]
14:54:44.676557 [debug]: Finished parsing tests/assert_fct_orders_revenue_non_negative.sql [  0.00s]
14:54:44.677800 [debug]: Finished parsing tests/assert_no_future_order_dates.sql [  0.00s]
14:54:44.680022 [debug]: Finished parsing tests/assert_product_price_positive.sql [  0.00s]
14:54:44.681111 [debug]: Finished parsing tests/assert_quantity_positive.sql [  0.00s]
14:54:44.704034 [info ]: Starting shopflow_analytics run
14:54:44.704620 [info ]: Finished shopflow_analytics run
14:54:44.708681 [info ]: Finished parsing [  0.85s]
14:54:44.710017 [info ]: Cached model count updated: 8 models (estimate)
14:54:44.710039 [info ]: Cached model count updated: 8 models (accurate)
14:54:44.710106 [info ]: Started scheduling
14:54:44.710199 [info ]: Finished scheduling [  0.00s]
14:54:44.710215 [debug]: Compilation - 0 nodes selected: {}
14:54:44.710236 [warn ]: [NoNodesForSelectionCriteria (dbt1092)]: The selection criterion '' does not match any enabled nodes
14:54:44.710249 [warn ]: [NoNodesSelected (dbt1601)]: Nothing to do. Try checking your model configs and model specification args
14:54:44.710261 [info ]: Started scheduling
14:54:44.710495 [info ]: Finished scheduling [  0.00s]
14:54:44.710582 [debug]: Initializing schema store with entry: Selected("snapshot.shopflow_analytics.scd_customers") and interval: None
14:54:44.713618 [debug]: License check failed: Feature not licensed: 'lineage'
14:54:44.911180 [info ]: Started building task graph
14:54:44.911250 [info ]: Finished building task graph [  0.00s]
14:54:45.244277 [info ]: Loading profiles.yml
14:54:45.513334 [info ]: Started on-run-start hooks (1 nodes)
14:54:45.513925 [info ]: Starting shopflow_analytics run
14:54:47.301163 [info ]: Finished on-run-start hooks [  1.79s] (1 nodes, 0 skipped, 0 errors)
14:54:47.312923 [info ]: Started scheduling
14:54:47.313065 [info ]: Finished scheduling [  0.00s]
14:54:47.316741 [info ]: Cached model count updated: 8 models (accurate)
14:54:48.107356 [info ]: Loading profiles.yml
14:54:48.402704 [info ]: Started loading project
14:54:48.404716 [info ]: Loading profiles.yml
14:54:48.435812 [info ]: Started loading project
14:54:48.438130 [info ]: Loading profiles.yml
14:54:48.450811 [info ]: Finished loading project [  0.05s]
14:54:48.472428 [info ]:    Started resolving packages from packages.yml
14:54:48.596836 [info ]:   Finished [  0.12s] resolving packages from packages.yml (1 items)
14:54:48.597078 [debug]:    Started loading packages
14:54:48.633177 [debug]:     Loaded [  0.04s] packages
14:54:48.634751 [info ]: Finished loading project [  0.20s]
14:54:48.635270 [info ]: Started parsing
14:54:48.815511 [debug]: Finished parsing models/intermediate/_intermediate_models.yml [  0.00s]
14:54:48.816012 [debug]: Finished parsing models/marts/core/_exposures.yml [  0.00s]
14:54:48.816693 [debug]: Finished parsing models/marts/core/_marts_core.yml [  0.00s]
14:54:48.817457 [debug]: Finished parsing models/staging/_staging_models.yml [  0.00s]
14:54:48.817796 [debug]: Finished parsing snapshots/_snapshots.yml [  0.00s]
14:54:48.818073 [debug]: Finished parsing tests/_singular_tests.yml [  0.00s]
14:54:48.832531 [debug]: Finished parsing snapshots\scd_customers.sql:4:11 (scd_customers) [  0.00s]
14:54:48.837015 [debug]: Finished parsing models/intermediate/int_order_items_with_product.sql [  0.00s]
14:54:48.838107 [debug]: Finished parsing models/intermediate/int_orders_enriched.sql [  0.00s]
14:54:48.839949 [debug]: Finished parsing models/marts/core/dim_products.sql [  0.00s]
14:54:48.841196 [debug]: Finished parsing models/marts/core/fct_order_items.sql [  0.00s]
14:54:48.845999 [debug]: Finished parsing models/marts/core/fct_orders.sql [  0.01s]
14:54:48.847696 [debug]: Finished parsing models/staging/stg_order_items.sql [  0.00s]
14:54:48.849764 [debug]: Finished parsing models/staging/stg_orders.sql [  0.00s]
14:54:48.851164 [debug]: Finished parsing models/staging/stg_products.sql [  0.00s]
14:54:48.875488 [debug]: Finished parsing tests/assert_customer_has_valid_email.sql [  0.00s]
14:54:48.876134 [debug]: Finished parsing tests/assert_fct_orders_revenue_non_negative.sql [  0.00s]
14:54:48.876977 [debug]: Finished parsing tests/assert_no_future_order_dates.sql [  0.00s]
14:54:48.877776 [debug]: Finished parsing tests/assert_product_price_positive.sql [  0.00s]
14:54:48.878696 [debug]: Finished parsing tests/assert_quantity_positive.sql [  0.00s]
14:54:48.888734 [info ]: Starting shopflow_analytics run
14:54:48.890264 [info ]: Finished shopflow_analytics run
14:54:48.893049 [info ]: Finished parsing [  0.26s]
14:54:48.896001 [info ]: Cached model count updated: 8 models (estimate)
14:54:48.896041 [info ]: Cached model count updated: 8 models (accurate)
14:54:48.896127 [info ]: Started scheduling
14:54:48.896210 [info ]: Finished scheduling [  0.00s]
14:54:48.896230 [debug]: Compilation - 0 nodes selected: {}
14:54:48.896259 [warn ]: [NoNodesForSelectionCriteria (dbt1092)]: The selection criterion '' does not match any enabled nodes
14:54:48.896275 [warn ]: [NoNodesSelected (dbt1601)]: Nothing to do. Try checking your model configs and model specification args
14:54:48.896286 [info ]: Started scheduling
14:54:48.896523 [info ]: Finished scheduling [  0.00s]
14:54:48.896589 [debug]: Initializing schema store with entry: Selected("snapshot.shopflow_analytics.scd_customers") and interval: None
14:54:48.900003 [debug]: License check failed: Feature not licensed: 'lineage'
14:54:49.029657 [info ]: Started building task graph
14:54:49.030026 [info ]: Finished building task graph [  0.00s]
14:54:49.352228 [info ]: Started on-run-start hooks (1 nodes)
14:54:49.352586 [info ]: Starting shopflow_analytics run
14:54:49.543560 [info ]: Loading profiles.yml
14:54:50.240866 [info ]: Finished on-run-start hooks [  0.89s] (1 nodes, 0 skipped, 0 errors)
14:54:50.274970 [info ]: Waiting for lease on 'target' directory
14:54:50.424617 [info ]: Started loading project
14:54:50.425640 [info ]: Loading profiles.yml
14:54:50.454411 [info ]:    Started resolving packages from packages.yml
14:54:50.527130 [info ]:   Finished [  0.07s] resolving packages from packages.yml (1 items)
14:54:50.527548 [debug]:    Started loading packages
14:54:50.556913 [debug]:     Loaded [  0.03s] packages
14:54:50.559294 [info ]: Finished loading project [  0.13s]
14:54:50.561103 [info ]: Started parsing
14:54:50.700365 [debug]: Finished parsing models/intermediate/_intermediate_models.yml [  0.00s]
14:54:50.700820 [debug]: Finished parsing models/marts/core/_exposures.yml [  0.00s]
14:54:50.701419 [debug]: Finished parsing models/marts/core/_marts_core.yml [  0.00s]
14:54:50.702167 [debug]: Finished parsing models/staging/_staging_models.yml [  0.00s]
14:54:50.702477 [debug]: Finished parsing snapshots/_snapshots.yml [  0.00s]
14:54:50.702628 [debug]: Finished parsing tests/_singular_tests.yml [  0.00s]
14:54:50.709491 [debug]: Finished parsing snapshots\scd_customers.sql:4:11 (scd_customers) [  0.00s]
14:54:50.712044 [debug]: Finished parsing models/intermediate/int_order_items_with_product.sql [  0.00s]
14:54:50.714491 [debug]: Finished parsing models/intermediate/int_orders_enriched.sql [  0.00s]
14:54:50.716224 [debug]: Finished parsing models/marts/core/dim_products.sql [  0.00s]
14:54:50.717655 [debug]: Finished parsing models/marts/core/fct_order_items.sql [  0.00s]
14:54:50.722764 [debug]: Finished parsing models/marts/core/fct_orders.sql [  0.01s]
14:54:50.725026 [debug]: Finished parsing models/staging/stg_order_items.sql [  0.00s]
14:54:50.725868 [debug]: Finished parsing models/staging/stg_orders.sql [  0.00s]
14:54:50.726746 [debug]: Finished parsing models/staging/stg_products.sql [  0.00s]
14:54:50.752965 [debug]: Finished parsing tests/assert_customer_has_valid_email.sql [  0.00s]
14:54:50.754316 [debug]: Finished parsing tests/assert_fct_orders_revenue_non_negative.sql [  0.00s]
14:54:50.755601 [debug]: Finished parsing tests/assert_no_future_order_dates.sql [  0.00s]
14:54:50.756878 [debug]: Finished parsing tests/assert_product_price_positive.sql [  0.00s]
14:54:50.758166 [debug]: Finished parsing tests/assert_quantity_positive.sql [  0.00s]
14:54:50.772875 [info ]: Starting shopflow_analytics run
14:54:50.773347 [info ]: Finished shopflow_analytics run
14:54:50.777764 [info ]: Finished parsing [  0.22s]
14:54:50.781486 [info ]: Cached model count updated: 8 models (estimate)
14:54:50.781524 [info ]: Cached model count updated: 8 models (accurate)
14:54:50.781626 [info ]: Started scheduling
14:54:50.781758 [info ]: Finished scheduling [  0.00s]
14:54:50.781794 [debug]: Compilation - 0 nodes selected: {}
14:54:50.781823 [warn ]: [NoNodesForSelectionCriteria (dbt1092)]: The selection criterion '' does not match any enabled nodes
14:54:50.781861 [warn ]: [NoNodesSelected (dbt1601)]: Nothing to do. Try checking your model configs and model specification args
14:54:50.781881 [info ]: Started scheduling
14:54:50.782277 [info ]: Finished scheduling [  0.00s]
14:54:50.782393 [debug]: Initializing schema store with entry: Selected("snapshot.shopflow_analytics.scd_customers") and interval: None
14:54:50.786253 [debug]: License check failed: Feature not licensed: 'lineage'
14:54:50.918321 [info ]: Started building task graph
14:54:50.918352 [info ]: Finished building task graph [  0.00s]
14:54:51.230797 [info ]: Started on-run-start hooks (1 nodes)
14:54:51.231091 [info ]: Starting shopflow_analytics run
14:54:52.202272 [info ]: Finished on-run-start hooks [  0.97s] (1 nodes, 0 skipped, 0 errors)
14:54:52.223390 [info ]: Started scheduling
14:54:52.223646 [info ]: Finished scheduling [  0.00s]
14:54:52.232118 [info ]: Cached model count updated: 8 models (accurate)
14:54:54.277958 [info ]: Started loading project
14:54:54.280180 [info ]: Loading profiles.yml
14:54:54.374595 [info ]: Cached model count updated: 8 models (estimate)
14:54:54.374618 [info ]: Cached model count updated: 8 models (accurate)
14:54:54.374687 [info ]: Started scheduling
14:54:54.374933 [info ]: Finished scheduling [  0.00s]
14:54:54.374955 [debug]: Compilation - 16 nodes selected: {"exposure.shopflow_analytics.ceo_dashboard", "exposure.shopflow_analytics.customer_history", "exposure.shopflow_analytics.product_analytics", "model.shopflow_analytics.dim_products", "model.shopflow_analytics.fct_order_items", "model.shopflow_analytics.fct_orders", "model.shopflow_analytics.int_order_items_with_product", "model.shopflow_analytics.int_orders_enriched", "model.shopflow_analytics.stg_order_items", "model.shopflow_analytics.stg_orders", "model.shopflow_analytics.stg_products", "seed.shopflow_analytics.raw_customers", "seed.shopflow_analytics.raw_order_items", "seed.shopflow_analytics.raw_orders", "seed.shopflow_analytics.raw_products", "snapshot.shopflow_analytics.scd_customers"}
14:54:54.377869 [debug]: License check failed: Feature not licensed: 'lineage'
14:54:54.378252 [debug]:    Started downloading relations (1 items)
14:54:54.378407 [info ]: Finished loading project [  0.10s]
14:54:55.167799 [debug]: Query executed on node unknown:

SELECT
    table_name,
    if(table_type IN ('EXTERNAL', 'MANAGED', 'MANAGED_SHALLOW_CLONE', 'EXTERNAL_SHALLOW_CLONE'), 'table', lower(table_type)) AS table_type,
    lower(data_source_format) AS file_format,
    table_schema,
    table_owner,
    table_catalog,
    if(
    table_type IN (
        'EXTERNAL',
        'MANAGED',
        'MANAGED_SHALLOW_CLONE',
        'EXTERNAL_SHALLOW_CLONE'
    ),
    lower(table_type),
    NULL
    ) AS databricks_table_type
FROM `system`.`information_schema`.`tables`
WHERE table_catalog = 'shopflow_analytics_cat'
    AND table_schema = 'gold'
14:54:55.168777 [debug]:   Finished [  0.79s] downloading relations (1 items)
14:54:55.289866 [info ]: Started building task graph
14:54:55.290062 [info ]: Finished building task graph [  0.00s]
14:54:55.550146 [info ]: Started on-run-start hooks (1 nodes)
14:54:55.550475 [info ]: Starting shopflow_analytics run
14:54:56.778621 [info ]: Finished on-run-start hooks [  1.23s] (1 nodes, 0 skipped, 0 errors)
14:54:56.778726 [info ]: Started rendering (13 nodes)
14:54:56.778823 [info ]: Started model gold.fct_order_items
14:54:56.778874 [debug]: Started rendering model gold.fct_order_items
14:54:56.778960 [info ]: Started model silver.int_order_items_with_product
14:54:56.779028 [debug]: Started rendering model silver.int_order_items_with_product
14:54:56.779123 [info ]: Started model gold.dim_products
14:54:56.779183 [debug]: Started rendering model gold.dim_products
14:54:56.779282 [info ]: Started model silver.stg_products
14:54:56.779348 [debug]: Started rendering model silver.stg_products
14:54:56.779424 [info ]: Started seed bronze.raw_products
14:54:56.779459 [debug]: Started rendering seed bronze.raw_products
14:54:56.779525 [info ]: Started model gold.fct_orders
14:54:56.779567 [debug]: Started rendering model gold.fct_orders
14:54:56.779654 [info ]: Started model silver.int_orders_enriched
14:54:56.780379 [debug]: Started rendering model silver.int_orders_enriched
14:54:56.780536 [info ]: Started snapshot gold.scd_customers
14:54:56.780604 [debug]: Started rendering snapshot gold.scd_customers
14:54:56.780691 [info ]: Started seed bronze.raw_customers
14:54:56.780749 [debug]: Started rendering seed bronze.raw_customers
14:54:56.780992 [info ]: Started model silver.stg_orders
14:54:56.781212 [debug]: Started rendering model silver.stg_orders
14:54:56.781307 [info ]: Started seed bronze.raw_orders
14:54:56.781353 [debug]: Started rendering seed bronze.raw_orders
14:54:56.781465 [info ]: Started model silver.stg_order_items
14:54:56.781518 [debug]: Started rendering model silver.stg_order_items
14:54:56.781612 [info ]: Started seed bronze.raw_order_items
14:54:56.781709 [debug]: Started rendering seed bronze.raw_order_items
14:54:56.794056 [debug]: Finished rendering [  0.01s] seed bronze.raw_customers [success]
14:54:56.794187 [info ]:  Succeeded [  0.01s] seed  bronze.raw_customers (table)
14:54:56.795037 [debug]: Compiled SQL for node model.shopflow_analytics.fct_order_items at target\.lsp\compiled\shopflow_analytics\models\marts\core\fct_order_items.sql
14:54:56.796394 [debug]: Compiled SQL for node model.shopflow_analytics.int_order_items_with_product at target\.lsp\compiled\shopflow_analytics\models\intermediate\int_order_items_with_product.sql
14:54:56.800058 [debug]: Compiled SQL for node snapshot.shopflow_analytics.scd_customers at target\.lsp\compiled\shopflow_analytics\snapshots\scd_customers.sql\scd_customers.sql
14:54:56.804577 [debug]: Finished rendering [  0.03s] model gold.fct_order_items [success]
14:54:56.804663 [info ]: Started analyzing (9 nodes)
14:54:56.804684 [debug]: Started analyzing model gold.fct_order_items
14:54:56.804835 [debug]: Finished rendering [  0.02s] seed bronze.raw_orders [success]
14:54:56.804863 [info ]:  Succeeded [  0.02s] seed  bronze.raw_orders (table)
14:54:56.847041 [debug]: Finished rendering [  0.07s] model silver.int_order_items_with_product [success]
14:54:56.847104 [debug]: Started analyzing model silver.int_order_items_with_product
14:54:56.847591 [debug]: Finished rendering [  0.07s] seed bronze.raw_order_items [success]
14:54:56.847626 [info ]:  Succeeded [  0.07s] seed  bronze.raw_order_items (table)
14:54:56.861421 [debug]: Compiled SQL for node model.shopflow_analytics.stg_orders at target\.lsp\compiled\shopflow_analytics\models\staging\stg_orders.sql
14:54:56.861728 [debug]: Finished rendering [  0.08s] snapshot gold.scd_customers [success]
14:54:56.861799 [debug]: Started analyzing snapshot gold.scd_customers
14:54:56.863364 [debug]: Compiled SQL for node model.shopflow_analytics.stg_order_items at target\.lsp\compiled\shopflow_analytics\models\staging\stg_order_items.sql
14:54:56.864049 [debug]: Finished analyzing [  0.06s] model gold.fct_order_items [success]
14:54:56.864083 [info ]:  Succeeded [  0.08s] model gold.fct_order_items (incremental)
14:54:56.864643 [debug]: Finished analyzing [  0.00s] snapshot gold.scd_customers [success]
14:54:56.864670 [info ]:  Succeeded [  0.08s] snapshot gold.scd_customers (snapshot)
14:54:56.864740 [debug]: Finished rendering [  0.08s] model silver.stg_orders [success]
14:54:56.864783 [debug]: Started analyzing model silver.stg_orders
14:54:56.864865 [debug]: Started analyzing model silver.stg_order_items
14:54:56.864901 [debug]: Finished rendering [  0.08s] model silver.stg_order_items [success]
14:54:56.866077 [debug]: Finished analyzing [  0.00s] model silver.stg_orders [success]
14:54:56.866108 [info ]:  Succeeded [  0.08s] model silver.stg_orders (view)
14:54:56.866491 [debug]: Finished analyzing [  0.00s] model silver.stg_order_items [success]
14:54:56.866514 [info ]:  Succeeded [  0.08s] model silver.stg_order_items (view)
14:54:56.867674 [debug]: Finished analyzing [  0.02s] model silver.int_order_items_with_product [success]
14:54:56.867703 [info ]:  Succeeded [  0.09s] model silver.int_order_items_with_product (view)
14:54:56.911913 [debug]: Finished rendering [  0.13s] seed bronze.raw_products [success]
14:54:56.911956 [info ]:  Succeeded [  0.13s] seed  bronze.raw_products (table)
14:54:56.967859 [debug]: Compiled SQL for node model.shopflow_analytics.dim_products at target\.lsp\compiled\shopflow_analytics\models\marts\core\dim_products.sql
14:54:56.969327 [debug]: Started analyzing model gold.dim_products
14:54:56.969390 [debug]: Finished rendering [  0.19s] model gold.dim_products [success]
14:54:56.970165 [debug]: Finished analyzing [  0.00s] model gold.dim_products [success]
14:54:56.970195 [info ]:  Succeeded [  0.19s] model gold.dim_products (table)
14:54:57.002098 [debug]: Compiled SQL for node model.shopflow_analytics.fct_orders at target\.lsp\compiled\shopflow_analytics\models\marts\core\fct_orders.sql
14:54:57.002394 [debug]: Finished rendering [  0.22s] model gold.fct_orders [success]
14:54:57.002431 [debug]: Started analyzing model gold.fct_orders
14:54:57.002921 [debug]: Finished analyzing [  0.00s] model gold.fct_orders [success]
14:54:57.002942 [info ]:  Succeeded [  0.22s] model gold.fct_orders (incremental)
14:54:57.035299 [debug]: Compiled SQL for node model.shopflow_analytics.int_orders_enriched at target\.lsp\compiled\shopflow_analytics\models\intermediate\int_orders_enriched.sql
14:54:57.035618 [debug]: Finished rendering [  0.26s] model silver.int_orders_enriched [success]
14:54:57.035664 [debug]: Started analyzing model silver.int_orders_enriched
14:54:57.037252 [debug]: Finished analyzing [  0.00s] model silver.int_orders_enriched [success]
14:54:57.037279 [info ]:  Succeeded [  0.26s] model silver.int_orders_enriched (view)
14:54:57.039048 [debug]: Compiled SQL for node model.shopflow_analytics.stg_products at target\.lsp\compiled\shopflow_analytics\models\staging\stg_products.sql
14:54:57.073123 [debug]: Finished rendering [  0.29s] model silver.stg_products [success]
14:54:57.073203 [info ]: Finished rendering [  0.29s] (13 nodes, 0 skipped, 0 errors)
14:54:57.073248 [debug]: Started analyzing model silver.stg_products
14:54:57.084709 [debug]: Finished analyzing [  0.01s] model silver.stg_products [success]
14:54:57.084738 [info ]: Finished analyzing [  0.28s] (9 nodes, 0 skipped, 0 errors)
14:54:57.084753 [info ]:  Succeeded [  0.30s] model silver.stg_products (view)
14:54:57.115792 [info ]: Started scheduling
14:54:57.115933 [info ]: Finished scheduling [  0.00s]
14:54:57.118929 [info ]: Cached model count updated: 8 models (accurate)
14:56:48.628586 [info ]: Started loading project
14:56:48.630374 [info ]: Loading profiles.yml
14:56:48.675984 [info ]: Started loading project
14:56:48.677183 [info ]: Loading profiles.yml
14:56:48.686127 [info ]: Finished loading project [  0.06s]
14:56:48.707631 [info ]:    Started resolving packages from packages.yml
14:56:49.080878 [info ]:   Finished [  0.37s] resolving packages from packages.yml (1 items)
14:56:49.085352 [debug]:    Started loading packages
14:56:49.175013 [debug]:     Loaded [  0.09s] packages
14:56:49.177838 [info ]: Finished loading project [  0.50s]
14:56:49.178703 [info ]: Started parsing
14:56:49.938878 [debug]: Finished parsing models/intermediate/_intermediate_models.yml [  0.00s]
14:56:49.939292 [debug]: Finished parsing models/marts/core/_exposures.yml [  0.00s]
14:56:49.939937 [debug]: Finished parsing models/marts/core/_marts_core.yml [  0.00s]
14:56:49.940603 [debug]: Finished parsing models/staging/_staging_models.yml [  0.00s]
14:56:49.940886 [debug]: Finished parsing snapshots/_snapshots.yml [  0.00s]
14:56:49.941040 [debug]: Finished parsing tests/_singular_tests.yml [  0.00s]
14:56:49.971090 [debug]: Finished parsing snapshots\scd_customers.sql:4:11 (scd_customers) [  0.01s]
14:56:49.974657 [debug]: Finished parsing models/intermediate/int_order_items_with_product.sql [  0.00s]
14:56:49.977233 [debug]: Finished parsing models/intermediate/int_orders_enriched.sql [  0.00s]
14:56:49.979693 [debug]: Finished parsing models/marts/core/dim_products.sql [  0.00s]
14:56:49.982879 [debug]: Finished parsing models/marts/core/fct_order_items.sql [  0.00s]
14:56:49.991358 [debug]: Finished parsing models/marts/core/fct_orders.sql [  0.01s]
14:56:49.997260 [debug]: Finished parsing models/staging/stg_order_items.sql [  0.01s]
14:56:50.024340 [debug]: Finished parsing models/staging/stg_orders.sql [  0.03s]
14:56:50.029275 [debug]: Finished parsing models/staging/stg_products.sql [  0.01s]
14:56:50.205091 [debug]: Finished parsing tests/assert_customer_has_valid_email.sql [  0.04s]
14:56:50.213205 [debug]: Finished parsing tests/assert_fct_orders_revenue_non_negative.sql [  0.01s]
14:56:50.228748 [debug]: Finished parsing tests/assert_no_future_order_dates.sql [  0.02s]
14:56:50.271332 [debug]: Finished parsing tests/assert_product_price_positive.sql [  0.04s]
14:56:50.295342 [debug]: Finished parsing tests/assert_quantity_positive.sql [  0.02s]
14:56:50.309486 [info ]: Starting shopflow_analytics run
14:56:50.309754 [info ]: Finished shopflow_analytics run
14:56:50.313630 [info ]: Cached model count updated: 8 models (estimate)
14:56:50.313648 [info ]: Cached model count updated: 8 models (accurate)
14:56:50.313711 [info ]: Started scheduling
14:56:50.314533 [info ]: Finished scheduling [  0.00s]
14:56:50.314562 [debug]: Compilation - 0 nodes selected: {}
14:56:50.314589 [warn ]: [NoNodesForSelectionCriteria (dbt1092)]: The selection criterion '' does not match any enabled nodes
14:56:50.314606 [warn ]: [NoNodesSelected (dbt1601)]: Nothing to do. Try checking your model configs and model specification args
14:56:50.314619 [info ]: Started scheduling
14:56:50.315667 [info ]: Finished scheduling [  0.00s]
14:56:50.315993 [debug]: Initializing schema store with entry: Selected("snapshot.shopflow_analytics.scd_customers") and interval: None
14:56:50.320771 [debug]: License check failed: Feature not licensed: 'lineage'
14:56:50.328974 [info ]: Finished parsing [  1.15s]
14:56:50.641595 [info ]: Started building task graph
14:56:50.641629 [info ]: Finished building task graph [  0.00s]
14:56:54.767861 [info ]: Started on-run-start hooks (1 nodes)
14:56:54.768432 [info ]: Starting shopflow_analytics run
14:56:55.755462 [info ]: Finished on-run-start hooks [  0.99s] (1 nodes, 0 skipped, 0 errors)
14:56:57.921695 [info ]: Started loading project
14:56:57.923917 [info ]: Loading profiles.yml
14:56:58.067695 [info ]:    Started resolving packages from packages.yml
14:56:58.628924 [info ]:   Finished [  0.56s] resolving packages from packages.yml (1 items)
14:56:58.629484 [debug]:    Started loading packages
14:56:58.665002 [debug]:     Loaded [  0.04s] packages
14:56:58.668102 [info ]: Finished loading project [  0.75s]
14:56:58.669441 [info ]: Started parsing
14:56:58.968751 [debug]: Finished parsing models/intermediate/_intermediate_models.yml [  0.00s]
14:56:58.969164 [debug]: Finished parsing models/marts/core/_exposures.yml [  0.00s]
14:56:58.969793 [debug]: Finished parsing models/marts/core/_marts_core.yml [  0.00s]
14:56:58.970478 [debug]: Finished parsing models/staging/_staging_models.yml [  0.00s]
14:56:58.970768 [debug]: Finished parsing snapshots/_snapshots.yml [  0.00s]
14:56:58.970917 [debug]: Finished parsing tests/_singular_tests.yml [  0.00s]
14:56:59.115873 [debug]: Finished parsing snapshots\scd_customers.sql:4:11 (scd_customers) [  0.12s]
14:56:59.236589 [debug]: Finished parsing models/intermediate/int_order_items_with_product.sql [  0.02s]
14:56:59.252727 [debug]: Finished parsing models/intermediate/int_orders_enriched.sql [  0.02s]
14:56:59.283062 [debug]: Finished parsing models/marts/core/dim_products.sql [  0.03s]
14:56:59.322324 [debug]: Finished parsing models/marts/core/fct_order_items.sql [  0.04s]
14:56:59.358285 [debug]: Finished parsing models/marts/core/fct_orders.sql [  0.04s]
14:56:59.393012 [debug]: Finished parsing models/staging/stg_order_items.sql [  0.04s]
14:56:59.430216 [debug]: Finished parsing models/staging/stg_orders.sql [  0.04s]
14:56:59.461048 [debug]: Finished parsing models/staging/stg_products.sql [  0.03s]
14:57:00.133581 [debug]: Finished parsing tests/assert_customer_has_valid_email.sql [  0.15s]
14:57:00.253194 [debug]: Finished parsing tests/assert_fct_orders_revenue_non_negative.sql [  0.12s]
14:57:00.362297 [debug]: Finished parsing tests/assert_no_future_order_dates.sql [  0.11s]
14:57:00.448193 [debug]: Finished parsing tests/assert_product_price_positive.sql [  0.09s]
14:57:00.582385 [debug]: Finished parsing tests/assert_quantity_positive.sql [  0.13s]
14:57:03.793399 [info ]: Starting shopflow_analytics run
14:57:03.845382 [info ]: Finished shopflow_analytics run
14:57:03.848848 [info ]: Finished parsing [  5.18s]
14:57:03.850434 [info ]: Cached model count updated: 8 models (estimate)
14:57:03.850453 [info ]: Cached model count updated: 8 models (accurate)
14:57:03.850527 [info ]: Started scheduling
14:57:03.850623 [info ]: Finished scheduling [  0.00s]
14:57:03.850640 [debug]: Compilation - 0 nodes selected: {}
14:57:03.850687 [warn ]: [NoNodesForSelectionCriteria (dbt1092)]: The selection criterion '' does not match any enabled nodes
14:57:03.850707 [warn ]: [NoNodesSelected (dbt1601)]: Nothing to do. Try checking your model configs and model specification args
14:57:03.850722 [info ]: Started scheduling
14:57:03.850991 [info ]: Finished scheduling [  0.00s]
14:57:03.851073 [debug]: Initializing schema store with entry: Selected("snapshot.shopflow_analytics.scd_customers") and interval: None
14:57:03.855754 [debug]: License check failed: Feature not licensed: 'lineage'
14:57:04.184427 [info ]: Started building task graph
14:57:04.184494 [info ]: Finished building task graph [  0.00s]
14:57:04.746835 [info ]: Started on-run-start hooks (1 nodes)
14:57:04.747332 [info ]: Starting shopflow_analytics run
14:57:05.791975 [info ]: Finished on-run-start hooks [  1.05s] (1 nodes, 0 skipped, 0 errors)
14:57:05.809383 [info ]: Started scheduling
14:57:05.809469 [info ]: Finished scheduling [  0.00s]
14:57:05.811069 [info ]: Cached model count updated: 8 models (accurate)
14:57:12.801602 [info ]: Started loading project
14:57:12.802780 [info ]: Loading profiles.yml
14:57:12.959370 [info ]: Cached model count updated: 8 models (estimate)
14:57:12.959399 [info ]: Cached model count updated: 8 models (accurate)
14:57:12.959495 [info ]: Started scheduling
14:57:12.959895 [info ]: Finished scheduling [  0.00s]
14:57:12.959927 [debug]: Compilation - 16 nodes selected: {"exposure.shopflow_analytics.ceo_dashboard", "exposure.shopflow_analytics.customer_history", "exposure.shopflow_analytics.product_analytics", "model.shopflow_analytics.dim_products", "model.shopflow_analytics.fct_order_items", "model.shopflow_analytics.fct_orders", "model.shopflow_analytics.int_order_items_with_product", "model.shopflow_analytics.int_orders_enriched", "model.shopflow_analytics.stg_order_items", "model.shopflow_analytics.stg_orders", "model.shopflow_analytics.stg_products", "seed.shopflow_analytics.raw_customers", "seed.shopflow_analytics.raw_order_items", "seed.shopflow_analytics.raw_orders", "seed.shopflow_analytics.raw_products", "snapshot.shopflow_analytics.scd_customers"}
14:57:12.969244 [debug]: License check failed: Feature not licensed: 'lineage'
14:57:12.969834 [debug]:    Started downloading relations (1 items)
14:57:12.969943 [info ]: Finished loading project [  0.17s]
14:57:14.825293 [debug]: Query executed on node unknown:

SELECT
    table_name,
    if(table_type IN ('EXTERNAL', 'MANAGED', 'MANAGED_SHALLOW_CLONE', 'EXTERNAL_SHALLOW_CLONE'), 'table', lower(table_type)) AS table_type,
    lower(data_source_format) AS file_format,
    table_schema,
    table_owner,
    table_catalog,
    if(
    table_type IN (
        'EXTERNAL',
        'MANAGED',
        'MANAGED_SHALLOW_CLONE',
        'EXTERNAL_SHALLOW_CLONE'
    ),
    lower(table_type),
    NULL
    ) AS databricks_table_type
FROM `system`.`information_schema`.`tables`
WHERE table_catalog = 'shopflow_analytics_cat'
    AND table_schema = 'gold'
14:57:14.987924 [debug]:   Finished [  2.02s] downloading relations (1 items)
14:57:15.235200 [info ]: Started building task graph
14:57:15.235389 [info ]: Finished building task graph [  0.00s]
14:57:16.088118 [info ]: Started on-run-start hooks (1 nodes)
14:57:16.088871 [info ]: Starting shopflow_analytics run
14:57:16.121217 [info ]: Finished on-run-start hooks [  0.03s] (1 nodes, 0 skipped, 0 errors)
14:57:16.121302 [info ]: Started rendering (13 nodes)
14:57:16.121359 [info ]: Started model gold.fct_order_items
14:57:16.121398 [debug]: Started rendering model gold.fct_order_items
14:57:16.121458 [info ]: Started model silver.int_order_items_with_product
14:57:16.121488 [debug]: Started rendering model silver.int_order_items_with_product
14:57:16.121532 [info ]: Started model gold.dim_products
14:57:16.121563 [debug]: Started rendering model gold.dim_products
14:57:16.121608 [info ]: Started model silver.stg_products
14:57:16.121650 [debug]: Started rendering model silver.stg_products
14:57:16.121703 [info ]: Started seed bronze.raw_products
14:57:16.121733 [debug]: Started rendering seed bronze.raw_products
14:57:16.121776 [info ]: Started model gold.fct_orders
14:57:16.121808 [debug]: Started rendering model gold.fct_orders
14:57:16.121856 [info ]: Started model silver.int_orders_enriched
14:57:16.121887 [debug]: Started rendering model silver.int_orders_enriched
14:57:16.121940 [info ]: Started snapshot gold.scd_customers
14:57:16.121975 [debug]: Started rendering snapshot gold.scd_customers
14:57:16.122024 [info ]: Started seed bronze.raw_customers
14:57:16.122056 [debug]: Started rendering seed bronze.raw_customers
14:57:16.122100 [info ]: Started model silver.stg_orders
14:57:16.122134 [debug]: Started rendering model silver.stg_orders
14:57:16.122178 [info ]: Started seed bronze.raw_orders
14:57:16.122210 [debug]: Started rendering seed bronze.raw_orders
14:57:16.122255 [info ]: Started model silver.stg_order_items
14:57:16.122293 [debug]: Started rendering model silver.stg_order_items
14:57:16.122343 [info ]: Started seed bronze.raw_order_items
14:57:16.122382 [debug]: Started rendering seed bronze.raw_order_items
14:57:16.142242 [debug]: Compiled SQL for node model.shopflow_analytics.fct_order_items at target\.lsp\compiled\shopflow_analytics\models\marts\core\fct_order_items.sql
14:57:16.147694 [debug]: Finished rendering [  0.03s] model gold.fct_order_items [success]
14:57:16.147779 [info ]: Started analyzing (9 nodes)
14:57:16.147830 [debug]: Started analyzing model gold.fct_order_items
14:57:16.151864 [debug]: Finished rendering [  0.03s] seed bronze.raw_customers [success]
14:57:16.151922 [info ]:  Succeeded [  0.03s] seed  bronze.raw_customers (table)
14:57:16.152474 [debug]: Compiled SQL for node model.shopflow_analytics.int_order_items_with_product at target\.lsp\compiled\shopflow_analytics\models\intermediate\int_order_items_with_product.sql
14:57:16.158502 [debug]: Finished analyzing [  0.01s] model gold.fct_order_items [success]
14:57:16.158542 [info ]:  Succeeded [  0.04s] model gold.fct_order_items (incremental)
14:57:16.158694 [debug]: Finished rendering [  0.04s] model silver.int_order_items_with_product [success]
14:57:16.158724 [debug]: Started analyzing model silver.int_order_items_with_product
14:57:16.166959 [debug]: Finished analyzing [  0.01s] model silver.int_order_items_with_product [success]
14:57:16.167001 [info ]:  Succeeded [  0.04s] model silver.int_order_items_with_product (view)
14:57:16.171883 [debug]: Compiled SQL for node snapshot.shopflow_analytics.scd_customers at target\.lsp\compiled\shopflow_analytics\snapshots\scd_customers.sql\scd_customers.sql
14:57:16.172693 [debug]: Finished rendering [  0.05s] seed bronze.raw_orders [success]
14:57:16.173056 [info ]:  Succeeded [  0.05s] seed  bronze.raw_orders (table)
14:57:16.173259 [debug]: Finished rendering [  0.05s] snapshot gold.scd_customers [success]
14:57:16.173361 [debug]: Started analyzing snapshot gold.scd_customers
14:57:16.205755 [debug]: Finished rendering [  0.08s] seed bronze.raw_order_items [success]
14:57:16.205798 [info ]:  Succeeded [  0.08s] seed  bronze.raw_order_items (table)
14:57:16.207659 [debug]: Finished analyzing [  0.03s] snapshot gold.scd_customers [success]
14:57:16.207693 [info ]:  Succeeded [  0.09s] snapshot gold.scd_customers (snapshot)
14:57:16.207787 [debug]: Compiled SQL for node model.shopflow_analytics.stg_orders at target\.lsp\compiled\shopflow_analytics\models\staging\stg_orders.sql
14:57:16.237721 [debug]: Finished rendering [  0.12s] seed bronze.raw_products [success]
14:57:16.237753 [info ]:  Succeeded [  0.12s] seed  bronze.raw_products (table)
14:57:16.238330 [debug]: Finished rendering [  0.12s] model silver.stg_orders [success]
14:57:16.238384 [debug]: Started analyzing model silver.stg_orders
14:57:16.239549 [debug]: Finished analyzing [  0.00s] model silver.stg_orders [success]
14:57:16.239584 [info ]:  Succeeded [  0.12s] model silver.stg_orders (view)
14:57:16.240708 [debug]: Compiled SQL for node model.shopflow_analytics.stg_order_items at target\.lsp\compiled\shopflow_analytics\models\staging\stg_order_items.sql
14:57:16.246866 [debug]: Finished rendering [  0.12s] model silver.stg_order_items [success]
14:57:16.246964 [debug]: Started analyzing model silver.stg_order_items
14:57:16.247491 [debug]: Finished analyzing [  0.00s] model silver.stg_order_items [success]
14:57:16.247516 [info ]:  Succeeded [  0.12s] model silver.stg_order_items (view)
14:57:16.257615 [debug]: Compiled SQL for node model.shopflow_analytics.stg_products at target\.lsp\compiled\shopflow_analytics\models\staging\stg_products.sql
14:57:16.271709 [debug]: Finished rendering [  0.15s] model silver.stg_products [success]
14:57:16.271837 [debug]: Started analyzing model silver.stg_products
14:57:16.274550 [debug]: Finished analyzing [  0.00s] model silver.stg_products [success]
14:57:16.274594 [info ]:  Succeeded [  0.15s] model silver.stg_products (view)
14:57:16.276629 [debug]: Compiled SQL for node model.shopflow_analytics.int_orders_enriched at target\.lsp\compiled\shopflow_analytics\models\intermediate\int_orders_enriched.sql
14:57:16.278644 [debug]: Finished rendering [  0.16s] model silver.int_orders_enriched [success]
14:57:16.278705 [debug]: Started analyzing model silver.int_orders_enriched
14:57:16.287037 [debug]: Finished analyzing [  0.01s] model silver.int_orders_enriched [success]
14:57:16.287076 [info ]:  Succeeded [  0.16s] model silver.int_orders_enriched (view)
14:57:16.290912 [debug]: Compiled SQL for node model.shopflow_analytics.fct_orders at target\.lsp\compiled\shopflow_analytics\models\marts\core\fct_orders.sql
14:57:16.297327 [debug]: Finished rendering [  0.18s] model gold.fct_orders [success]
14:57:16.297405 [debug]: Started analyzing model gold.fct_orders
14:57:16.298380 [debug]: Finished analyzing [  0.00s] model gold.fct_orders [success]
14:57:16.298413 [info ]:  Succeeded [  0.17s] model gold.fct_orders (incremental)
14:57:16.299979 [debug]: Compiled SQL for node model.shopflow_analytics.dim_products at target\.lsp\compiled\shopflow_analytics\models\marts\core\dim_products.sql
14:57:16.301061 [debug]: Finished rendering [  0.18s] model gold.dim_products [success]
14:57:16.301110 [info ]: Finished rendering [  0.18s] (13 nodes, 0 skipped, 0 errors)
14:57:16.301167 [debug]: Started analyzing model gold.dim_products
14:57:16.302262 [debug]: Finished analyzing [  0.00s] model gold.dim_products [success]
14:57:16.302300 [info ]: Finished analyzing [  0.15s] (9 nodes, 0 skipped, 0 errors)
14:57:16.302322 [info ]:  Succeeded [  0.18s] model gold.dim_products (table)
14:57:16.319512 [info ]: Started scheduling
14:57:16.319702 [info ]: Finished scheduling [  0.00s]
14:57:16.325189 [info ]: Cached model count updated: 8 models (accurate)
14:59:31.634518 [debug]: License check failed: Feature not licensed: 'lineage'
14:59:39.823679 [debug]: License check failed: Feature not licensed: 'lineage'
15:00:33.363981 [debug]: License check failed: Feature not licensed: 'lineage'
15:00:36.469853 [debug]: License check failed: Feature not licensed: 'lineage'
15:00:38.750254 [info ]: Started loading project
15:00:38.751719 [info ]: Loading profiles.yml
15:00:38.789149 [info ]: Started loading project
15:00:38.790197 [info ]: Loading profiles.yml
15:00:38.798046 [info ]: Finished loading project [  0.05s]
15:00:39.268828 [info ]:    Started resolving packages from packages.yml
15:00:39.788916 [info ]:   Finished [  0.52s] resolving packages from packages.yml (1 items)
15:00:39.789280 [debug]:    Started loading packages
15:00:39.852415 [debug]:     Loaded [  0.06s] packages
15:00:39.853957 [info ]: Finished loading project [  1.06s]
15:00:39.854486 [info ]: Started parsing
15:00:40.418118 [debug]: Finished parsing models/intermediate/_intermediate_models.yml [  0.01s]
15:00:40.419139 [debug]: Finished parsing models/marts/core/_exposures.yml [  0.00s]
15:00:40.419909 [debug]: Finished parsing models/marts/core/_marts_core.yml [  0.00s]
15:00:40.421024 [debug]: Finished parsing models/staging/_staging_models.yml [  0.00s]
15:00:40.421723 [debug]: Finished parsing snapshots/_snapshots.yml [  0.00s]
15:00:40.421980 [debug]: Finished parsing tests/_singular_tests.yml [  0.00s]
15:00:40.456117 [debug]: Finished parsing snapshots\scd_customers.sql:4:11 (scd_customers) [  0.02s]
15:00:40.535933 [debug]: Finished parsing models/intermediate/int_order_items_with_product.sql [  0.03s]
15:00:40.617764 [debug]: Finished parsing models/intermediate/int_orders_enriched.sql [  0.08s]
15:00:40.672483 [debug]: Finished parsing models/marts/core/dim_products.sql [  0.06s]
15:00:40.729965 [debug]: Finished parsing models/marts/core/fct_order_items.sql [  0.06s]
15:00:40.807141 [debug]: Finished parsing models/marts/core/fct_orders.sql [  0.08s]
15:00:40.849590 [debug]: Finished parsing models/staging/stg_order_items.sql [  0.04s]
15:00:40.862864 [debug]: Finished parsing models/staging/stg_orders.sql [  0.01s]
15:00:40.890561 [debug]: Finished parsing models/staging/stg_products.sql [  0.03s]
15:00:41.111739 [debug]: Finished parsing tests/assert_customer_has_valid_email.sql [  0.01s]
15:00:41.116913 [debug]: Finished parsing tests/assert_fct_orders_revenue_non_negative.sql [  0.01s]
15:00:41.129444 [debug]: Finished parsing tests/assert_no_future_order_dates.sql [  0.01s]
15:00:41.166588 [debug]: Finished parsing tests/assert_product_price_positive.sql [  0.04s]
15:00:41.171023 [debug]: Finished parsing tests/assert_quantity_positive.sql [  0.00s]
15:00:41.188012 [info ]: Starting shopflow_analytics run
15:00:41.188318 [info ]: Finished shopflow_analytics run
15:00:41.195428 [info ]: Finished parsing [  1.34s]
15:00:41.197201 [info ]: Cached model count updated: 8 models (estimate)
15:00:41.197230 [info ]: Cached model count updated: 8 models (accurate)
15:00:41.199340 [info ]: Started scheduling
15:00:41.203619 [info ]: Finished scheduling [  0.00s]
15:00:41.203667 [debug]: Compilation - 2 nodes selected: {"seed.shopflow_analytics.raw_customers", "snapshot.shopflow_analytics.scd_customers"}
15:00:41.203716 [info ]: Started scheduling
15:00:41.204193 [info ]: Finished scheduling [  0.00s]
15:00:41.204299 [debug]: Initializing schema store with entry: Selected("snapshot.shopflow_analytics.scd_customers") and interval: None
15:00:41.206753 [debug]: License check failed: Feature not licensed: 'lineage'
15:00:41.425327 [info ]: Started building task graph
15:00:41.425430 [info ]: Finished building task graph [  0.00s]
15:00:42.700093 [info ]: Started on-run-start hooks (1 nodes)
15:00:42.700398 [info ]: Starting shopflow_analytics run
15:00:45.097940 [info ]: Finished on-run-start hooks [  2.40s] (1 nodes, 0 skipped, 0 errors)
15:00:45.098019 [info ]: Started rendering (2 nodes)
15:00:45.098053 [info ]: Started snapshot gold.scd_customers
15:00:45.098074 [debug]: Started rendering snapshot gold.scd_customers
15:00:45.098116 [info ]: Started seed bronze.raw_customers
15:00:45.098132 [debug]: Started rendering seed bronze.raw_customers
15:00:45.098238 [debug]: Finished rendering [  0.00s] seed bronze.raw_customers [success]
15:00:45.098259 [info ]:  Succeeded [-------] seed  bronze.raw_customers (table)
15:00:45.102072 [debug]: Compiled SQL for node snapshot.shopflow_analytics.scd_customers at target\.lsp\compiled\shopflow_analytics\snapshots\scd_customers.sql\scd_customers.sql
15:00:45.102725 [info ]: Started analyzing (1 nodes)
15:00:45.102800 [debug]: Started analyzing snapshot gold.scd_customers
15:00:45.103085 [debug]: Finished rendering [  0.01s] snapshot gold.scd_customers [success]
15:00:45.103125 [info ]: Finished rendering [  0.01s] (2 nodes, 0 skipped, 0 errors)
15:00:45.115787 [debug]: Finished analyzing [  0.01s] snapshot gold.scd_customers [success]
15:00:45.115846 [info ]: Finished analyzing [  0.01s] (1 nodes, 0 skipped, 0 errors)
15:00:45.115869 [info ]:  Succeeded [  0.02s] snapshot gold.scd_customers (snapshot)
15:00:45.144137 [info ]: Started scheduling
15:00:45.144333 [info ]: Finished scheduling [  0.00s]
15:00:45.150024 [info ]: Cached model count updated: 8 models (accurate)
15:00:54.635144 [debug]: License check failed: Feature not licensed: 'lineage'
15:00:55.681750 [debug]: License check failed: Feature not licensed: 'lineage'
15:00:56.499246 [debug]: License check failed: Feature not licensed: 'lineage'
15:01:02.089040 [info ]: Started loading project
15:01:02.097276 [info ]: Loading profiles.yml
15:01:02.304362 [info ]: Cached model count updated: 8 models (estimate)
15:01:02.304394 [info ]: Cached model count updated: 8 models (accurate)
15:01:02.304541 [info ]: Started scheduling
15:01:02.305091 [info ]: Finished scheduling [  0.00s]
15:01:02.305126 [debug]: Compilation - 16 nodes selected: {"exposure.shopflow_analytics.ceo_dashboard", "exposure.shopflow_analytics.customer_history", "exposure.shopflow_analytics.product_analytics", "model.shopflow_analytics.dim_products", "model.shopflow_analytics.fct_order_items", "model.shopflow_analytics.fct_orders", "model.shopflow_analytics.int_order_items_with_product", "model.shopflow_analytics.int_orders_enriched", "model.shopflow_analytics.stg_order_items", "model.shopflow_analytics.stg_orders", "model.shopflow_analytics.stg_products", "seed.shopflow_analytics.raw_customers", "seed.shopflow_analytics.raw_order_items", "seed.shopflow_analytics.raw_orders", "seed.shopflow_analytics.raw_products", "snapshot.shopflow_analytics.scd_customers"}
15:01:02.310465 [debug]: License check failed: Feature not licensed: 'lineage'
15:01:02.311344 [debug]:    Started downloading relations (1 items)
15:01:02.311741 [info ]: Finished loading project [  0.22s]
15:01:05.204016 [debug]: Query executed on node unknown:

SELECT
    table_name,
    if(table_type IN ('EXTERNAL', 'MANAGED', 'MANAGED_SHALLOW_CLONE', 'EXTERNAL_SHALLOW_CLONE'), 'table', lower(table_type)) AS table_type,
    lower(data_source_format) AS file_format,
    table_schema,
    table_owner,
    table_catalog,
    if(
    table_type IN (
        'EXTERNAL',
        'MANAGED',
        'MANAGED_SHALLOW_CLONE',
        'EXTERNAL_SHALLOW_CLONE'
    ),
    lower(table_type),
    NULL
    ) AS databricks_table_type
FROM `system`.`information_schema`.`tables`
WHERE table_catalog = 'shopflow_analytics_cat'
    AND table_schema = 'gold'
15:01:05.207654 [debug]:   Finished [  2.90s] downloading relations (1 items)
15:01:06.379389 [info ]: Started building task graph
15:01:06.379764 [info ]: Finished building task graph [  0.00s]
15:01:08.384041 [info ]: Started on-run-start hooks (1 nodes)
15:01:08.384691 [info ]: Starting shopflow_analytics run
15:01:08.446310 [info ]: Finished on-run-start hooks [  0.06s] (1 nodes, 0 skipped, 0 errors)
15:01:08.446378 [info ]: Started rendering (13 nodes)
15:01:08.446415 [info ]: Started model gold.fct_order_items
15:01:08.446434 [debug]: Started rendering model gold.fct_order_items
15:01:08.446472 [info ]: Started model silver.int_order_items_with_product
15:01:08.446491 [debug]: Started rendering model silver.int_order_items_with_product
15:01:08.446517 [info ]: Started model gold.dim_products
15:01:08.446533 [debug]: Started rendering model gold.dim_products
15:01:08.446573 [info ]: Started model silver.stg_products
15:01:08.446591 [debug]: Started rendering model silver.stg_products
15:01:08.446621 [info ]: Started seed bronze.raw_products
15:01:08.446638 [debug]: Started rendering seed bronze.raw_products
15:01:08.446667 [info ]: Started model gold.fct_orders
15:01:08.446684 [debug]: Started rendering model gold.fct_orders
15:01:08.446713 [info ]: Started model silver.int_orders_enriched
15:01:08.446734 [debug]: Started rendering model silver.int_orders_enriched
15:01:08.446760 [info ]: Started snapshot gold.scd_customers
15:01:08.446779 [debug]: Started rendering snapshot gold.scd_customers
15:01:08.446815 [info ]: Started seed bronze.raw_customers
15:01:08.446836 [debug]: Started rendering seed bronze.raw_customers
15:01:08.446863 [info ]: Started model silver.stg_orders
15:01:08.446881 [debug]: Started rendering model silver.stg_orders
15:01:08.446907 [info ]: Started seed bronze.raw_orders
15:01:08.446929 [debug]: Started rendering seed bronze.raw_orders
15:01:08.446954 [info ]: Started model silver.stg_order_items
15:01:08.446974 [debug]: Started rendering model silver.stg_order_items
15:01:08.447006 [info ]: Started seed bronze.raw_order_items
15:01:08.447031 [debug]: Started rendering seed bronze.raw_order_items
15:01:08.463873 [debug]: Compiled SQL for node model.shopflow_analytics.fct_order_items at target\.lsp\compiled\shopflow_analytics\models\marts\core\fct_order_items.sql
15:01:08.473721 [debug]: Finished rendering [  0.03s] model gold.fct_order_items [success]
15:01:08.473780 [info ]: Started analyzing (9 nodes)
15:01:08.473807 [debug]: Started analyzing model gold.fct_order_items
15:01:08.475124 [debug]: Finished analyzing [  0.00s] model gold.fct_order_items [success]
15:01:08.475158 [info ]:  Succeeded [  0.03s] model gold.fct_order_items (incremental)
15:01:08.482922 [debug]: Compiled SQL for node model.shopflow_analytics.int_order_items_with_product at target\.lsp\compiled\shopflow_analytics\models\intermediate\int_order_items_with_product.sql
15:01:08.483290 [debug]: Finished rendering [  0.04s] model silver.int_order_items_with_product [success]
15:01:08.483333 [debug]: Started analyzing model silver.int_order_items_with_product
15:01:08.483382 [debug]: Finished rendering [  0.04s] seed bronze.raw_customers [success]
15:01:08.483407 [info ]:  Succeeded [  0.04s] seed  bronze.raw_customers (table)
15:01:08.489632 [debug]: Finished rendering [  0.04s] seed bronze.raw_orders [success]
15:01:08.489799 [info ]:  Succeeded [  0.04s] seed  bronze.raw_orders (table)
15:01:08.508185 [debug]: Finished rendering [  0.06s] seed bronze.raw_order_items [success]
15:01:08.508273 [info ]:  Succeeded [  0.06s] seed  bronze.raw_order_items (table)
15:01:08.512648 [debug]: Finished analyzing [  0.03s] model silver.int_order_items_with_product [success]
15:01:08.512685 [info ]:  Succeeded [  0.07s] model silver.int_order_items_with_product (view)
15:01:08.512843 [debug]: Finished rendering [  0.07s] seed bronze.raw_products [success]
15:01:08.512866 [info ]:  Succeeded [  0.07s] seed  bronze.raw_products (table)
15:01:08.528391 [debug]: Compiled SQL for node model.shopflow_analytics.fct_orders at target\.lsp\compiled\shopflow_analytics\models\marts\core\fct_orders.sql
15:01:08.530759 [debug]: Compiled SQL for node model.shopflow_analytics.int_orders_enriched at target\.lsp\compiled\shopflow_analytics\models\intermediate\int_orders_enriched.sql
15:01:08.533851 [debug]: Compiled SQL for node model.shopflow_analytics.stg_orders at target\.lsp\compiled\shopflow_analytics\models\staging\stg_orders.sql
15:01:08.534490 [debug]: Started analyzing model silver.int_orders_enriched
15:01:08.534547 [debug]: Finished rendering [  0.09s] model gold.fct_orders [success]
15:01:08.534581 [debug]: Started analyzing model gold.fct_orders
15:01:08.539044 [debug]: Finished rendering [  0.09s] model silver.int_orders_enriched [success]
15:01:08.539139 [debug]: Finished rendering [  0.09s] model silver.stg_orders [success]
15:01:08.539166 [debug]: Started analyzing model silver.stg_orders
15:01:08.542256 [debug]: Finished analyzing [  0.01s] model silver.int_orders_enriched [success]
15:01:08.542291 [info ]:  Succeeded [  0.09s] model silver.int_orders_enriched (view)
15:01:08.543161 [debug]: Finished analyzing [  0.01s] model gold.fct_orders [success]
15:01:08.543198 [info ]:  Succeeded [  0.10s] model gold.fct_orders (incremental)
15:01:08.544091 [debug]: Finished analyzing [  0.00s] model silver.stg_orders [success]
15:01:08.544126 [info ]:  Succeeded [  0.10s] model silver.stg_orders (view)
15:01:08.547164 [debug]: Compiled SQL for node model.shopflow_analytics.dim_products at target\.lsp\compiled\shopflow_analytics\models\marts\core\dim_products.sql
15:01:08.550818 [debug]: Finished rendering [  0.10s] model gold.dim_products [success]
15:01:08.550878 [debug]: Started analyzing model gold.dim_products
15:01:08.555954 [debug]: Finished analyzing [  0.01s] model gold.dim_products [success]
15:01:08.555998 [info ]:  Succeeded [  0.11s] model gold.dim_products (table)
15:01:08.561535 [debug]: Compiled SQL for node snapshot.shopflow_analytics.scd_customers at target\.lsp\compiled\shopflow_analytics\snapshots\scd_customers.sql\scd_customers.sql
15:01:08.563515 [debug]: Finished rendering [  0.12s] snapshot gold.scd_customers [success]
15:01:08.563598 [debug]: Started analyzing snapshot gold.scd_customers
15:01:08.565114 [debug]: Finished analyzing [  0.00s] snapshot gold.scd_customers [success]
15:01:08.565138 [info ]:  Succeeded [  0.12s] snapshot gold.scd_customers (snapshot)
15:01:08.831038 [debug]: Compiled SQL for node model.shopflow_analytics.stg_order_items at target\.lsp\compiled\shopflow_analytics\models\staging\stg_order_items.sql
15:01:08.831674 [debug]: Compiled SQL for node model.shopflow_analytics.stg_products at target\.lsp\compiled\shopflow_analytics\models\staging\stg_products.sql
15:01:08.832295 [debug]: Finished rendering [  0.39s] model silver.stg_order_items [success]
15:01:08.832353 [debug]: Started analyzing model silver.stg_order_items
15:01:08.832422 [debug]: Finished rendering [  0.39s] model silver.stg_products [success]
15:01:08.832450 [info ]: Finished rendering [  0.39s] (13 nodes, 0 skipped, 0 errors)
15:01:08.832479 [debug]: Started analyzing model silver.stg_products
15:01:08.833145 [debug]: Finished analyzing [  0.00s] model silver.stg_order_items [success]
15:01:08.833181 [info ]:  Succeeded [  0.39s] model silver.stg_order_items (view)
15:01:08.838648 [debug]: Finished analyzing [  0.01s] model silver.stg_products [success]
15:01:08.838702 [info ]: Finished analyzing [  0.36s] (9 nodes, 0 skipped, 0 errors)
15:01:08.838738 [info ]:  Succeeded [  0.39s] model silver.stg_products (view)
15:01:08.858597 [info ]: Started scheduling
15:01:08.858747 [info ]: Finished scheduling [  0.00s]
15:01:08.861770 [info ]: Cached model count updated: 8 models (accurate)
15:01:14.523410 [debug]: License check failed: Feature not licensed: 'lineage'
15:01:15.101492 [debug]: License check failed: Feature not licensed: 'lineage'
15:02:09.113358 [debug]: License check failed: Feature not licensed: 'lineage'
15:02:12.930150 [debug]: License check failed: Feature not licensed: 'lineage'
15:07:59.518058 [info ]: Started loading project
15:07:59.519356 [info ]: Loading profiles.yml
15:07:59.576718 [info ]: Started parsing
15:07:59.901853 [info ]: Finished loading project [  0.38s]
15:07:59.984398 [debug]: Finished parsing snapshots\scd_customers.sql [  0.02s]
15:07:59.992581 [info ]: Starting shopflow_analytics run
15:07:59.992874 [info ]: Finished shopflow_analytics run
15:08:00.000990 [info ]: Finished parsing [  0.42s]
15:08:00.105429 [info ]: Cached model count updated: 8 models (estimate)
15:08:00.105466 [info ]: Cached model count updated: 8 models (accurate)
15:08:00.105600 [info ]: Started scheduling
15:08:00.106670 [info ]: Finished scheduling [  0.00s]
15:08:00.106737 [debug]: Compilation - 0 nodes selected: {}
15:08:00.106828 [warn ]: [NoNodesForSelectionCriteria (dbt1092)]: The selection criterion '' does not match any enabled nodes
15:08:00.106875 [warn ]: [NoNodesSelected (dbt1601)]: Nothing to do. Try checking your model configs and model specification args
15:08:00.110199 [debug]: License check failed: Feature not licensed: 'lineage'
15:08:00.339964 [info ]: Started building task graph
15:08:00.340712 [info ]: Finished building task graph [  0.00s]
15:08:05.239123 [info ]: Started on-run-start hooks (1 nodes)
15:08:05.239715 [info ]: Starting shopflow_analytics run
15:08:06.552303 [info ]: Finished on-run-start hooks [  1.31s] (1 nodes, 0 skipped, 0 errors)
15:08:06.579767 [info ]: Cached model count updated: 8 models (accurate)
15:08:06.580223 [info ]: Waiting for lease on 'target' directory
15:08:09.266327 [info ]: Started loading project
15:08:09.269041 [info ]: Loading profiles.yml
15:08:09.309709 [info ]: Started parsing
15:08:10.734745 [info ]: Finished loading project [  1.47s]
15:08:10.827099 [debug]: Finished parsing snapshots\scd_customers.sql [  0.08s]
15:08:10.853776 [info ]: Starting shopflow_analytics run
15:08:10.854799 [info ]: Finished shopflow_analytics run
15:08:10.882110 [info ]: Cached model count updated: 8 models (estimate)
15:08:10.882147 [info ]: Cached model count updated: 8 models (accurate)
15:08:10.882265 [info ]: Started scheduling
15:08:10.882455 [info ]: Finished scheduling [  0.00s]
15:08:10.882502 [debug]: Compilation - 0 nodes selected: {}
15:08:10.882550 [warn ]: [NoNodesForSelectionCriteria (dbt1092)]: The selection criterion '' does not match any enabled nodes
15:08:10.882584 [warn ]: [NoNodesSelected (dbt1601)]: Nothing to do. Try checking your model configs and model specification args
15:08:10.889406 [debug]: License check failed: Feature not licensed: 'lineage'
15:08:10.896483 [info ]: Finished parsing [  1.59s]
15:08:11.047743 [info ]: Started building task graph
15:08:11.047780 [info ]: Finished building task graph [  0.00s]
15:08:11.667073 [info ]: Started on-run-start hooks (1 nodes)
15:08:11.667591 [info ]: Starting shopflow_analytics run
15:08:13.490083 [info ]: Finished on-run-start hooks [  1.82s] (1 nodes, 0 skipped, 0 errors)
15:08:13.499426 [info ]: Started scheduling
15:08:13.499865 [info ]: Finished scheduling [  0.00s]
15:08:13.521772 [info ]: Cached model count updated: 8 models (accurate)
15:08:17.375638 [info ]: Started loading project
15:08:17.376692 [info ]: Loading profiles.yml
15:08:17.504566 [info ]: Cached model count updated: 8 models (estimate)
15:08:17.504619 [info ]: Cached model count updated: 8 models (accurate)
15:08:17.504751 [info ]: Started scheduling
15:08:17.505446 [info ]: Finished scheduling [  0.00s]
15:08:17.505477 [debug]: Compilation - 16 nodes selected: {"exposure.shopflow_analytics.ceo_dashboard", "exposure.shopflow_analytics.customer_history", "exposure.shopflow_analytics.product_analytics", "model.shopflow_analytics.dim_products", "model.shopflow_analytics.fct_order_items", "model.shopflow_analytics.fct_orders", "model.shopflow_analytics.int_order_items_with_product", "model.shopflow_analytics.int_orders_enriched", "model.shopflow_analytics.stg_order_items", "model.shopflow_analytics.stg_orders", "model.shopflow_analytics.stg_products", "seed.shopflow_analytics.raw_customers", "seed.shopflow_analytics.raw_order_items", "seed.shopflow_analytics.raw_orders", "seed.shopflow_analytics.raw_products", "snapshot.shopflow_analytics.scd_customers"}
15:08:17.507406 [debug]: License check failed: Feature not licensed: 'lineage'
15:08:17.507753 [debug]:    Started downloading relations (1 items)
15:08:17.507865 [info ]: Finished loading project [  0.13s]
15:08:19.128985 [debug]: Query executed on node unknown:

SELECT
    table_name,
    if(table_type IN ('EXTERNAL', 'MANAGED', 'MANAGED_SHALLOW_CLONE', 'EXTERNAL_SHALLOW_CLONE'), 'table', lower(table_type)) AS table_type,
    lower(data_source_format) AS file_format,
    table_schema,
    table_owner,
    table_catalog,
    if(
    table_type IN (
        'EXTERNAL',
        'MANAGED',
        'MANAGED_SHALLOW_CLONE',
        'EXTERNAL_SHALLOW_CLONE'
    ),
    lower(table_type),
    NULL
    ) AS databricks_table_type
FROM `system`.`information_schema`.`tables`
WHERE table_catalog = 'shopflow_analytics_cat'
    AND table_schema = 'gold'
15:08:19.602946 [debug]:   Finished [  2.10s] downloading relations (1 items)
15:08:19.898599 [info ]: Started building task graph
15:08:19.898869 [info ]: Finished building task graph [  0.00s]
15:08:20.876254 [info ]: Started on-run-start hooks (1 nodes)
15:08:20.876623 [info ]: Starting shopflow_analytics run
15:08:20.892425 [info ]: Finished on-run-start hooks [  0.02s] (1 nodes, 0 skipped, 0 errors)
15:08:20.892644 [info ]: Started rendering (13 nodes)
15:08:20.892758 [info ]: Started model gold.fct_order_items
15:08:20.892813 [debug]: Started rendering model gold.fct_order_items
15:08:20.892945 [info ]: Started model silver.int_order_items_with_product
15:08:20.892977 [debug]: Started rendering model silver.int_order_items_with_product
15:08:20.893011 [info ]: Started model gold.dim_products
15:08:20.893030 [debug]: Started rendering model gold.dim_products
15:08:20.893210 [info ]: Started model silver.stg_products
15:08:20.893227 [debug]: Started rendering model silver.stg_products
15:08:20.893254 [info ]: Started seed bronze.raw_products
15:08:20.893265 [debug]: Started rendering seed bronze.raw_products
15:08:20.893285 [info ]: Started model gold.fct_orders
15:08:20.893295 [debug]: Started rendering model gold.fct_orders
15:08:20.893312 [info ]: Started model silver.int_orders_enriched
15:08:20.893323 [debug]: Started rendering model silver.int_orders_enriched
15:08:20.893400 [info ]: Started snapshot gold.scd_customers
15:08:20.893413 [debug]: Started rendering snapshot gold.scd_customers
15:08:20.893480 [info ]: Started seed bronze.raw_customers
15:08:20.893577 [debug]: Started rendering seed bronze.raw_customers
15:08:20.893620 [info ]: Started model silver.stg_orders
15:08:20.893640 [debug]: Started rendering model silver.stg_orders
15:08:20.893669 [info ]: Started seed bronze.raw_orders
15:08:20.893707 [debug]: Started rendering seed bronze.raw_orders
15:08:20.893739 [info ]: Started model silver.stg_order_items
15:08:20.893764 [debug]: Started rendering model silver.stg_order_items
15:08:20.893860 [info ]: Started seed bronze.raw_order_items
15:08:20.893888 [debug]: Started rendering seed bronze.raw_order_items
15:08:20.894873 [debug]: Finished rendering [  0.00s] seed bronze.raw_customers [success]
15:08:20.894910 [info ]:  Succeeded [  0.00s] seed  bronze.raw_customers (table)
15:08:20.895139 [debug]: Finished rendering [  0.00s] seed bronze.raw_orders [success]
15:08:20.895169 [info ]:  Succeeded [  0.00s] seed  bronze.raw_orders (table)
15:08:20.896123 [debug]: Finished rendering [  0.00s] seed bronze.raw_order_items [success]
15:08:20.896169 [info ]:  Succeeded [  0.00s] seed  bronze.raw_order_items (table)
15:08:20.898092 [debug]: Finished rendering [  0.00s] seed bronze.raw_products [success]
15:08:20.898129 [info ]:  Succeeded [  0.00s] seed  bronze.raw_products (table)
15:08:20.902216 [debug]: Compiled SQL for node snapshot.shopflow_analytics.scd_customers at target\.lsp\compiled\shopflow_analytics\snapshots\scd_customers.sql\scd_customers.sql
15:08:20.903796 [debug]: Compiled SQL for node model.shopflow_analytics.stg_orders at target\.lsp\compiled\shopflow_analytics\models\staging\stg_orders.sql
15:08:20.905248 [debug]: Finished rendering [  0.01s] snapshot gold.scd_customers [success]
15:08:20.905370 [info ]: Started analyzing (9 nodes)
15:08:20.905394 [debug]: Started analyzing snapshot gold.scd_customers
15:08:20.905631 [debug]: Finished rendering [  0.01s] model silver.stg_orders [success]
15:08:20.905669 [debug]: Started analyzing model silver.stg_orders
15:08:20.914560 [debug]: Finished analyzing [  0.01s] model silver.stg_orders [success]
15:08:20.914606 [info ]:  Succeeded [  0.02s] model silver.stg_orders (view)
15:08:20.915260 [debug]: Finished analyzing [  0.01s] snapshot gold.scd_customers [success]
15:08:20.915291 [info ]:  Succeeded [  0.02s] snapshot gold.scd_customers (snapshot)
15:08:20.915699 [debug]: Compiled SQL for node model.shopflow_analytics.int_order_items_with_product at target\.lsp\compiled\shopflow_analytics\models\intermediate\int_order_items_with_product.sql
15:08:20.916251 [debug]: Compiled SQL for node model.shopflow_analytics.fct_order_items at target\.lsp\compiled\shopflow_analytics\models\marts\core\fct_order_items.sql
15:08:20.917908 [debug]: Compiled SQL for node model.shopflow_analytics.stg_order_items at target\.lsp\compiled\shopflow_analytics\models\staging\stg_order_items.sql
15:08:20.918703 [debug]: Compiled SQL for node model.shopflow_analytics.fct_orders at target\.lsp\compiled\shopflow_analytics\models\marts\core\fct_orders.sql
15:08:20.918930 [debug]: Finished rendering [  0.03s] model silver.int_order_items_with_product [success]
15:08:20.918984 [debug]: Started analyzing model silver.int_order_items_with_product
15:08:20.919250 [debug]: Finished rendering [  0.03s] model silver.stg_order_items [success]
15:08:20.919280 [debug]: Started analyzing model silver.stg_order_items
15:08:20.919397 [debug]: Finished rendering [  0.03s] model gold.fct_order_items [success]
15:08:20.919431 [debug]: Started analyzing model gold.fct_order_items
15:08:20.921372 [debug]: Finished analyzing [  0.00s] model silver.int_order_items_with_product [success]
15:08:20.921401 [info ]:  Succeeded [  0.03s] model silver.int_order_items_with_product (view)
15:08:20.921445 [debug]: Finished rendering [  0.03s] model gold.fct_orders [success]
15:08:20.921468 [debug]: Started analyzing model gold.fct_orders
15:08:20.921744 [debug]: Finished analyzing [  0.00s] model silver.stg_order_items [success]
15:08:20.921761 [info ]:  Succeeded [  0.03s] model silver.stg_order_items (view)
15:08:20.922008 [debug]: Finished analyzing [  0.00s] model gold.fct_order_items [success]
15:08:20.922024 [info ]:  Succeeded [  0.03s] model gold.fct_order_items (incremental)
15:08:20.930137 [debug]: Finished analyzing [  0.01s] model gold.fct_orders [success]
15:08:20.930168 [info ]:  Succeeded [  0.04s] model gold.fct_orders (incremental)
15:08:20.935913 [debug]: Compiled SQL for node model.shopflow_analytics.dim_products at target\.lsp\compiled\shopflow_analytics\models\marts\core\dim_products.sql
15:08:20.938429 [debug]: Finished rendering [  0.05s] model gold.dim_products [success]
15:08:20.938469 [debug]: Started analyzing model gold.dim_products
15:08:20.938606 [debug]: Compiled SQL for node model.shopflow_analytics.int_orders_enriched at target\.lsp\compiled\shopflow_analytics\models\intermediate\int_orders_enriched.sql
15:08:20.939052 [debug]: Finished analyzing [  0.00s] model gold.dim_products [success]
15:08:20.939076 [info ]:  Succeeded [  0.04s] model gold.dim_products (table)
15:08:20.939219 [debug]: Finished rendering [  0.05s] model silver.int_orders_enriched [success]
15:08:20.939243 [debug]: Started analyzing model silver.int_orders_enriched
15:08:20.942179 [debug]: Finished analyzing [  0.00s] model silver.int_orders_enriched [success]
15:08:20.942205 [info ]:  Succeeded [  0.05s] model silver.int_orders_enriched (view)
15:08:20.942996 [debug]: Compiled SQL for node model.shopflow_analytics.stg_products at target\.lsp\compiled\shopflow_analytics\models\staging\stg_products.sql
15:08:20.943773 [debug]: Finished rendering [  0.05s] model silver.stg_products [success]
15:08:20.943802 [info ]: Finished rendering [  0.05s] (13 nodes, 0 skipped, 0 errors)
15:08:20.943827 [debug]: Started analyzing model silver.stg_products
15:08:20.948857 [debug]: Finished analyzing [  0.01s] model silver.stg_products [success]
15:08:20.948897 [info ]: Finished analyzing [  0.04s] (9 nodes, 0 skipped, 0 errors)
15:08:20.948920 [info ]:  Succeeded [  0.06s] model silver.stg_products (view)
15:08:20.963879 [info ]: Started scheduling
15:08:20.964026 [info ]: Finished scheduling [  0.00s]
15:08:20.967863 [info ]: Cached model count updated: 8 models (accurate)
15:08:21.936867 [info ]: Started loading project
15:08:21.938556 [info ]: Loading profiles.yml
15:08:21.970923 [info ]: Started parsing
15:08:22.191979 [info ]: Finished loading project [  0.26s]
15:08:22.206130 [debug]: Finished parsing snapshots\scd_customers.sql [  0.00s]
15:08:22.215082 [info ]: Starting shopflow_analytics run
15:08:22.215848 [info ]: Finished shopflow_analytics run
15:08:22.221710 [info ]: Finished parsing [  0.25s]
15:08:22.227507 [info ]: Cached model count updated: 8 models (estimate)
15:08:22.227530 [info ]: Cached model count updated: 8 models (accurate)
15:08:22.227587 [info ]: Started scheduling
15:08:22.227766 [info ]: Finished scheduling [  0.00s]
15:08:22.227791 [debug]: Compilation - 0 nodes selected: {}
15:08:22.227867 [warn ]: [NoNodesForSelectionCriteria (dbt1092)]: The selection criterion '' does not match any enabled nodes
15:08:22.227925 [warn ]: [NoNodesSelected (dbt1601)]: Nothing to do. Try checking your model configs and model specification args
15:08:22.231157 [debug]: License check failed: Feature not licensed: 'lineage'
15:08:22.402488 [info ]: Started building task graph
15:08:22.402519 [info ]: Finished building task graph [  0.00s]
15:08:22.735259 [info ]: Started on-run-start hooks (1 nodes)
15:08:22.735621 [info ]: Starting shopflow_analytics run
15:08:23.735347 [info ]: Finished on-run-start hooks [  1.00s] (1 nodes, 0 skipped, 0 errors)
15:08:23.753073 [info ]: Started scheduling
15:08:23.753568 [info ]: Finished scheduling [  0.00s]
15:08:23.769593 [info ]: Cached model count updated: 8 models (accurate)
15:08:29.075555 [info ]: Started loading project
15:08:29.076752 [info ]: Loading profiles.yml
15:08:29.150958 [info ]: Started parsing
15:08:29.338196 [info ]: Finished loading project [  0.26s]
15:08:29.378382 [info ]: Finished parsing [  0.23s]
15:08:29.384552 [info ]: Cached model count updated: 8 models (accurate)
15:08:29.616882 [info ]: Started loading project
15:08:29.646765 [info ]: Loading profiles.yml
15:08:29.714781 [info ]: Started parsing
15:08:30.424368 [info ]: Finished loading project [  0.81s]
15:08:30.653755 [debug]: Finished parsing snapshots\scd_customers.sql [  0.15s]
15:08:30.662049 [info ]: Starting shopflow_analytics run
15:08:30.662307 [info ]: Finished shopflow_analytics run
15:08:30.665274 [info ]: Finished parsing [  0.95s]
15:08:30.676839 [info ]: Cached model count updated: 8 models (estimate)
15:08:30.676869 [info ]: Cached model count updated: 8 models (accurate)
15:08:30.676966 [info ]: Started scheduling
15:08:30.677162 [info ]: Finished scheduling [  0.00s]
15:08:30.677189 [debug]: Compilation - 0 nodes selected: {}
15:08:30.677219 [warn ]: [NoNodesForSelectionCriteria (dbt1092)]: The selection criterion '' does not match any enabled nodes
15:08:30.677239 [warn ]: [NoNodesSelected (dbt1601)]: Nothing to do. Try checking your model configs and model specification args
15:08:30.681949 [debug]: License check failed: Feature not licensed: 'lineage'
15:08:30.884124 [info ]: Started building task graph
15:08:30.884178 [info ]: Finished building task graph [  0.00s]
15:08:31.784158 [info ]: Started on-run-start hooks (1 nodes)
15:08:31.784526 [info ]: Starting shopflow_analytics run
15:08:33.174681 [info ]: Finished on-run-start hooks [  1.39s] (1 nodes, 0 skipped, 0 errors)
15:08:33.192347 [info ]: Started scheduling
15:08:33.192670 [info ]: Finished scheduling [  0.00s]
15:08:33.202062 [info ]: Cached model count updated: 8 models (accurate)
15:08:37.222711 [info ]: Started loading project
15:08:37.224100 [info ]: Loading profiles.yml
15:08:37.288132 [info ]: Started parsing
15:08:39.140389 [info ]: Finished loading project [  1.92s]
15:08:39.893063 [debug]: Finished parsing snapshots\scd_customers.sql [  0.60s]
15:08:40.328886 [info ]: Starting shopflow_analytics run
15:08:40.329411 [info ]: Finished shopflow_analytics run
15:08:40.384310 [info ]: Cached model count updated: 8 models (estimate)
15:08:40.384337 [info ]: Cached model count updated: 8 models (accurate)
15:08:40.384404 [info ]: Started scheduling
15:08:40.384490 [info ]: Finished scheduling [  0.00s]
15:08:40.384507 [debug]: Compilation - 0 nodes selected: {}
15:08:40.384526 [warn ]: [NoNodesForSelectionCriteria (dbt1092)]: The selection criterion '' does not match any enabled nodes
15:08:40.384544 [warn ]: [NoNodesSelected (dbt1601)]: Nothing to do. Try checking your model configs and model specification args
15:08:40.387029 [debug]: License check failed: Feature not licensed: 'lineage'
15:08:40.468936 [info ]: Finished parsing [  3.18s]
15:08:41.267809 [info ]: Started building task graph
15:08:41.267863 [info ]: Finished building task graph [  0.00s]
15:08:43.132316 [info ]: Started on-run-start hooks (1 nodes)
15:08:43.132825 [info ]: Starting shopflow_analytics run
15:08:44.065959 [info ]: Finished on-run-start hooks [  0.93s] (1 nodes, 0 skipped, 0 errors)
15:08:44.072673 [info ]: Started scheduling
15:08:44.072956 [info ]: Finished scheduling [  0.00s]
15:08:44.087596 [info ]: Cached model count updated: 8 models (accurate)
15:08:54.971159 [info ]: Started loading project
15:08:54.972936 [info ]: Loading profiles.yml
15:08:55.099594 [info ]: Cached model count updated: 8 models (estimate)
15:08:55.099631 [info ]: Cached model count updated: 8 models (accurate)
15:08:55.099739 [info ]: Started scheduling
15:08:55.100194 [info ]: Finished scheduling [  0.00s]
15:08:55.100239 [debug]: Compilation - 16 nodes selected: {"exposure.shopflow_analytics.ceo_dashboard", "exposure.shopflow_analytics.customer_history", "exposure.shopflow_analytics.product_analytics", "model.shopflow_analytics.dim_products", "model.shopflow_analytics.fct_order_items", "model.shopflow_analytics.fct_orders", "model.shopflow_analytics.int_order_items_with_product", "model.shopflow_analytics.int_orders_enriched", "model.shopflow_analytics.stg_order_items", "model.shopflow_analytics.stg_orders", "model.shopflow_analytics.stg_products", "seed.shopflow_analytics.raw_customers", "seed.shopflow_analytics.raw_order_items", "seed.shopflow_analytics.raw_orders", "seed.shopflow_analytics.raw_products", "snapshot.shopflow_analytics.scd_customers"}
15:08:55.112995 [debug]: License check failed: Feature not licensed: 'lineage'
15:08:55.113538 [debug]:    Started downloading relations (1 items)
15:08:55.113705 [info ]: Finished loading project [  0.14s]
15:08:55.699284 [debug]: Query executed on node unknown:

SELECT
    table_name,
    if(table_type IN ('EXTERNAL', 'MANAGED', 'MANAGED_SHALLOW_CLONE', 'EXTERNAL_SHALLOW_CLONE'), 'table', lower(table_type)) AS table_type,
    lower(data_source_format) AS file_format,
    table_schema,
    table_owner,
    table_catalog,
    if(
    table_type IN (
        'EXTERNAL',
        'MANAGED',
        'MANAGED_SHALLOW_CLONE',
        'EXTERNAL_SHALLOW_CLONE'
    ),
    lower(table_type),
    NULL
    ) AS databricks_table_type
FROM `system`.`information_schema`.`tables`
WHERE table_catalog = 'shopflow_analytics_cat'
    AND table_schema = 'gold'
15:08:55.699591 [debug]:   Finished [  0.59s] downloading relations (1 items)
15:08:55.919603 [info ]: Started building task graph
15:08:55.919844 [info ]: Finished building task graph [  0.00s]
15:08:56.474780 [info ]: Started on-run-start hooks (1 nodes)
15:08:56.475358 [info ]: Starting shopflow_analytics run
15:08:58.921756 [info ]: Finished on-run-start hooks [  2.45s] (1 nodes, 0 skipped, 0 errors)
15:08:58.921837 [info ]: Started rendering (13 nodes)
15:08:58.921921 [info ]: Started model gold.fct_order_items
15:08:58.921962 [debug]: Started rendering model gold.fct_order_items
15:08:58.922081 [info ]: Started model silver.int_order_items_with_product
15:08:58.922105 [debug]: Started rendering model silver.int_order_items_with_product
15:08:58.922139 [info ]: Started model gold.dim_products
15:08:58.922167 [debug]: Started rendering model gold.dim_products
15:08:58.922204 [info ]: Started model silver.stg_products
15:08:58.922235 [debug]: Started rendering model silver.stg_products
15:08:58.922280 [info ]: Started seed bronze.raw_products
15:08:58.922310 [debug]: Started rendering seed bronze.raw_products
15:08:58.922342 [info ]: Started model gold.fct_orders
15:08:58.922368 [debug]: Started rendering model gold.fct_orders
15:08:58.922406 [info ]: Started model silver.int_orders_enriched
15:08:58.922436 [debug]: Started rendering model silver.int_orders_enriched
15:08:58.922485 [info ]: Started snapshot gold.scd_customers
15:08:58.922512 [debug]: Started rendering snapshot gold.scd_customers
15:08:58.922559 [info ]: Started seed bronze.raw_customers
15:08:58.922583 [debug]: Started rendering seed bronze.raw_customers
15:08:58.922620 [info ]: Started model silver.stg_orders
15:08:58.922647 [debug]: Started rendering model silver.stg_orders
15:08:58.922691 [info ]: Started seed bronze.raw_orders
15:08:58.922719 [debug]: Started rendering seed bronze.raw_orders
15:08:58.922758 [info ]: Started model silver.stg_order_items
15:08:58.922795 [debug]: Started rendering model silver.stg_order_items
15:08:58.923068 [info ]: Started seed bronze.raw_order_items
15:08:58.923089 [debug]: Started rendering seed bronze.raw_order_items
15:08:58.934111 [debug]: Finished rendering [  0.01s] seed bronze.raw_customers [success]
15:08:58.934145 [info ]:  Succeeded [  0.01s] seed  bronze.raw_customers (table)
15:08:58.934454 [debug]: Compiled SQL for node model.shopflow_analytics.fct_order_items at target\.lsp\compiled\shopflow_analytics\models\marts\core\fct_order_items.sql
15:08:58.935013 [debug]: Compiled SQL for node snapshot.shopflow_analytics.scd_customers at target\.lsp\compiled\shopflow_analytics\snapshots\scd_customers.sql\scd_customers.sql
15:08:58.935390 [debug]: Finished rendering [  0.01s] model gold.fct_order_items [success]
15:08:58.935436 [info ]: Started analyzing (9 nodes)
15:08:58.935447 [debug]: Started analyzing model gold.fct_order_items
15:08:58.935482 [debug]: Finished rendering [  0.01s] seed bronze.raw_orders [success]
15:08:58.935580 [info ]:  Succeeded [  0.01s] seed  bronze.raw_orders (table)
15:08:58.937300 [debug]: Compiled SQL for node model.shopflow_analytics.stg_orders at target\.lsp\compiled\shopflow_analytics\models\staging\stg_orders.sql
15:08:58.937576 [debug]: Compiled SQL for node model.shopflow_analytics.int_order_items_with_product at target\.lsp\compiled\shopflow_analytics\models\intermediate\int_order_items_with_product.sql
15:08:58.938071 [debug]: Finished rendering [  0.02s] snapshot gold.scd_customers [success]
15:08:58.938142 [debug]: Started analyzing snapshot gold.scd_customers
15:08:58.938208 [debug]: Finished rendering [  0.02s] seed bronze.raw_order_items [success]
15:08:58.938230 [info ]:  Succeeded [  0.01s] seed  bronze.raw_order_items (table)
15:08:58.938914 [debug]: Finished analyzing [  0.00s] model gold.fct_order_items [success]
15:08:58.938936 [info ]:  Succeeded [  0.02s] model gold.fct_order_items (incremental)
15:08:58.941265 [debug]: Finished analyzing [  0.00s] snapshot gold.scd_customers [success]
15:08:58.941306 [info ]:  Succeeded [  0.02s] snapshot gold.scd_customers (snapshot)
15:08:58.941365 [debug]: Finished rendering [  0.02s] model silver.stg_orders [success]
15:08:58.941394 [debug]: Started analyzing model silver.stg_orders
15:08:58.942404 [debug]: Finished analyzing [  0.00s] model silver.stg_orders [success]
15:08:58.942433 [info ]:  Succeeded [  0.02s] model silver.stg_orders (view)
15:08:58.942598 [debug]: Finished rendering [  0.02s] model silver.int_order_items_with_product [success]
15:08:58.942636 [debug]: Started analyzing model silver.int_order_items_with_product
15:08:58.943055 [debug]: Compiled SQL for node model.shopflow_analytics.stg_order_items at target\.lsp\compiled\shopflow_analytics\models\staging\stg_order_items.sql
15:08:58.944576 [debug]: Finished analyzing [  0.00s] model silver.int_order_items_with_product [success]
15:08:58.944628 [info ]:  Succeeded [  0.02s] model silver.int_order_items_with_product (view)
15:08:58.944778 [debug]: Finished rendering [  0.02s] model silver.stg_order_items [success]
15:08:58.944809 [debug]: Started analyzing model silver.stg_order_items
15:08:58.945190 [debug]: Finished analyzing [  0.00s] model silver.stg_order_items [success]
15:08:58.945210 [info ]:  Succeeded [  0.02s] model silver.stg_order_items (view)
15:08:58.945272 [debug]: Finished rendering [  0.02s] seed bronze.raw_products [success]
15:08:58.945290 [info ]:  Succeeded [  0.02s] seed  bronze.raw_products (table)
15:08:58.948525 [debug]: Compiled SQL for node model.shopflow_analytics.fct_orders at target\.lsp\compiled\shopflow_analytics\models\marts\core\fct_orders.sql
15:08:58.956394 [debug]: Finished rendering [  0.03s] model gold.fct_orders [success]
15:08:58.956437 [debug]: Started analyzing model gold.fct_orders
15:08:58.957019 [debug]: Finished analyzing [  0.00s] model gold.fct_orders [success]
15:08:58.957049 [info ]:  Succeeded [  0.03s] model gold.fct_orders (incremental)
15:08:58.957569 [debug]: Compiled SQL for node model.shopflow_analytics.stg_products at target\.lsp\compiled\shopflow_analytics\models\staging\stg_products.sql
15:08:58.957911 [debug]: Finished rendering [  0.04s] model silver.stg_products [success]
15:08:58.957945 [debug]: Started analyzing model silver.stg_products
15:08:58.958972 [debug]: Finished analyzing [  0.00s] model silver.stg_products [success]
15:08:58.958993 [info ]:  Succeeded [  0.04s] model silver.stg_products (view)
15:08:58.959306 [debug]: Compiled SQL for node model.shopflow_analytics.int_orders_enriched at target\.lsp\compiled\shopflow_analytics\models\intermediate\int_orders_enriched.sql
15:08:58.959587 [debug]: Finished rendering [  0.04s] model silver.int_orders_enriched [success]
15:08:58.959621 [debug]: Started analyzing model silver.int_orders_enriched
15:08:58.961282 [debug]: Finished analyzing [  0.00s] model silver.int_orders_enriched [success]
15:08:58.961314 [info ]:  Succeeded [  0.04s] model silver.int_orders_enriched (view)
15:08:58.962752 [debug]: Compiled SQL for node model.shopflow_analytics.dim_products at target\.lsp\compiled\shopflow_analytics\models\marts\core\dim_products.sql
15:08:58.963007 [debug]: Finished rendering [  0.04s] model gold.dim_products [success]
15:08:58.963048 [info ]: Finished rendering [  0.04s] (13 nodes, 0 skipped, 0 errors)
15:08:58.963102 [debug]: Started analyzing model gold.dim_products
15:08:58.963895 [debug]: Finished analyzing [  0.00s] model gold.dim_products [success]
15:08:58.963925 [info ]: Finished analyzing [  0.03s] (9 nodes, 0 skipped, 0 errors)
15:08:58.963948 [info ]:  Succeeded [  0.04s] model gold.dim_products (table)
15:08:58.994170 [info ]: Started scheduling
15:08:58.994342 [info ]: Finished scheduling [  0.00s]
15:08:59.000307 [info ]: Cached model count updated: 8 models (accurate)
15:09:00.225649 [info ]: Started loading project
15:09:00.227909 [info ]: Loading profiles.yml
15:09:00.270405 [info ]: Started parsing
15:09:00.738794 [info ]: Finished loading project [  0.51s]
15:09:01.103069 [debug]: Finished parsing snapshots\scd_customers.sql [  0.27s]
15:09:01.119346 [info ]: Starting shopflow_analytics run
15:09:01.119718 [info ]: Finished shopflow_analytics run
15:09:01.142587 [info ]: Finished parsing [  0.87s]
15:09:01.202465 [info ]: Cached model count updated: 8 models (accurate)
15:09:01.203190 [info ]: Waiting for lease on 'target' directory
15:09:05.155373 [info ]: Cached model count updated: 8 models (accurate)
15:09:05.348610 [info ]: Started loading project
15:09:05.350165 [info ]: Loading profiles.yml
15:09:05.400740 [info ]: Started parsing
15:09:06.008097 [info ]: Finished loading project [  0.66s]
15:09:06.135793 [debug]: Finished parsing snapshots\scd_customers.sql [  0.02s]
15:09:06.143628 [info ]: Starting shopflow_analytics run
15:09:06.144303 [info ]: Finished shopflow_analytics run
15:09:06.149197 [info ]: Finished parsing [  0.75s]
15:09:06.164925 [info ]: Cached model count updated: 8 models (estimate)
15:09:06.164943 [info ]: Cached model count updated: 8 models (accurate)
15:09:06.164997 [info ]: Started scheduling
15:09:06.165072 [info ]: Finished scheduling [  0.00s]
15:09:06.165087 [debug]: Compilation - 0 nodes selected: {}
15:09:06.165113 [warn ]: [NoNodesForSelectionCriteria (dbt1092)]: The selection criterion '' does not match any enabled nodes
15:09:06.165127 [warn ]: [NoNodesSelected (dbt1601)]: Nothing to do. Try checking your model configs and model specification args
15:09:06.168571 [debug]: License check failed: Feature not licensed: 'lineage'
15:09:06.304276 [info ]: Started building task graph
15:09:06.304314 [info ]: Finished building task graph [  0.00s]
15:09:07.017868 [info ]: Started on-run-start hooks (1 nodes)
15:09:07.018553 [info ]: Starting shopflow_analytics run
15:09:08.614150 [info ]: Finished on-run-start hooks [  1.60s] (1 nodes, 0 skipped, 0 errors)
15:09:08.628336 [info ]: Started scheduling
15:09:08.628724 [info ]: Finished scheduling [  0.00s]
15:09:08.638831 [info ]: Cached model count updated: 8 models (accurate)
15:09:19.687486 [info ]: Started loading project
15:09:19.689076 [info ]: Loading profiles.yml
15:09:19.820241 [info ]: Started parsing
15:09:20.985228 [info ]: Finished loading project [  1.30s]
15:09:21.068875 [debug]: Finished parsing snapshots\scd_customers.sql [  0.05s]
15:09:21.078533 [info ]: Starting shopflow_analytics run
15:09:21.078860 [info ]: Finished shopflow_analytics run
15:09:21.090055 [info ]: Finished parsing [  1.27s]
15:09:21.103751 [info ]: Cached model count updated: 8 models (estimate)
15:09:21.103772 [info ]: Cached model count updated: 8 models (accurate)
15:09:21.103831 [info ]: Started scheduling
15:09:21.103905 [info ]: Finished scheduling [  0.00s]
15:09:21.103920 [debug]: Compilation - 0 nodes selected: {}
15:09:21.103938 [warn ]: [NoNodesForSelectionCriteria (dbt1092)]: The selection criterion '' does not match any enabled nodes
15:09:21.103955 [warn ]: [NoNodesSelected (dbt1601)]: Nothing to do. Try checking your model configs and model specification args
15:09:21.105835 [debug]: License check failed: Feature not licensed: 'lineage'
15:09:21.339463 [info ]: Started building task graph
15:09:21.339498 [info ]: Finished building task graph [  0.00s]
15:09:22.144704 [info ]: Started on-run-start hooks (1 nodes)
15:09:22.150130 [info ]: Starting shopflow_analytics run
15:09:24.123846 [info ]: Finished on-run-start hooks [  1.98s] (1 nodes, 0 skipped, 0 errors)
15:09:24.151982 [info ]: Started scheduling
15:09:24.153170 [info ]: Finished scheduling [  0.00s]
15:09:24.201206 [info ]: Cached model count updated: 8 models (accurate)
15:09:41.123268 [info ]: Started loading project
15:09:41.125135 [info ]: Loading profiles.yml
15:09:41.334533 [info ]: Cached model count updated: 8 models (estimate)
15:09:41.334562 [info ]: Cached model count updated: 8 models (accurate)
15:09:41.334670 [info ]: Started scheduling
15:09:41.335123 [info ]: Finished scheduling [  0.00s]
15:09:41.335155 [debug]: Compilation - 16 nodes selected: {"exposure.shopflow_analytics.ceo_dashboard", "exposure.shopflow_analytics.customer_history", "exposure.shopflow_analytics.product_analytics", "model.shopflow_analytics.dim_products", "model.shopflow_analytics.fct_order_items", "model.shopflow_analytics.fct_orders", "model.shopflow_analytics.int_order_items_with_product", "model.shopflow_analytics.int_orders_enriched", "model.shopflow_analytics.stg_order_items", "model.shopflow_analytics.stg_orders", "model.shopflow_analytics.stg_products", "seed.shopflow_analytics.raw_customers", "seed.shopflow_analytics.raw_order_items", "seed.shopflow_analytics.raw_orders", "seed.shopflow_analytics.raw_products", "snapshot.shopflow_analytics.scd_customers"}
15:09:41.337871 [debug]: License check failed: Feature not licensed: 'lineage'
15:09:41.338124 [debug]:    Started downloading relations (1 items)
15:09:41.338197 [info ]: Finished loading project [  0.21s]
15:09:41.895017 [debug]: Query executed on node unknown:

SELECT
    table_name,
    if(table_type IN ('EXTERNAL', 'MANAGED', 'MANAGED_SHALLOW_CLONE', 'EXTERNAL_SHALLOW_CLONE'), 'table', lower(table_type)) AS table_type,
    lower(data_source_format) AS file_format,
    table_schema,
    table_owner,
    table_catalog,
    if(
    table_type IN (
        'EXTERNAL',
        'MANAGED',
        'MANAGED_SHALLOW_CLONE',
        'EXTERNAL_SHALLOW_CLONE'
    ),
    lower(table_type),
    NULL
    ) AS databricks_table_type
FROM `system`.`information_schema`.`tables`
WHERE table_catalog = 'shopflow_analytics_cat'
    AND table_schema = 'gold'
15:09:41.896156 [debug]:   Finished [  0.56s] downloading relations (1 items)
15:09:42.032542 [info ]: Started building task graph
15:09:42.032707 [info ]: Finished building task graph [  0.00s]
15:09:42.354999 [info ]: Started on-run-start hooks (1 nodes)
15:09:42.355631 [info ]: Starting shopflow_analytics run
15:09:43.489055 [info ]: Finished on-run-start hooks [  1.13s] (1 nodes, 0 skipped, 0 errors)
15:09:43.489128 [info ]: Started rendering (13 nodes)
15:09:43.489162 [info ]: Started model gold.fct_order_items
15:09:43.489186 [debug]: Started rendering model gold.fct_order_items
15:09:43.489229 [info ]: Started model silver.int_order_items_with_product
15:09:43.489254 [debug]: Started rendering model silver.int_order_items_with_product
15:09:43.489287 [info ]: Started model gold.dim_products
15:09:43.489305 [debug]: Started rendering model gold.dim_products
15:09:43.489335 [info ]: Started model silver.stg_products
15:09:43.489354 [debug]: Started rendering model silver.stg_products
15:09:43.489389 [info ]: Started seed bronze.raw_products
15:09:43.489421 [debug]: Started rendering seed bronze.raw_products
15:09:43.489450 [info ]: Started model gold.fct_orders
15:09:43.489471 [debug]: Started rendering model gold.fct_orders
15:09:43.489496 [info ]: Started model silver.int_orders_enriched
15:09:43.489516 [debug]: Started rendering model silver.int_orders_enriched
15:09:43.489559 [info ]: Started snapshot gold.scd_customers
15:09:43.489589 [debug]: Started rendering snapshot gold.scd_customers
15:09:43.489631 [info ]: Started seed bronze.raw_customers
15:09:43.489659 [debug]: Started rendering seed bronze.raw_customers
15:09:43.489689 [info ]: Started model silver.stg_orders
15:09:43.489709 [debug]: Started rendering model silver.stg_orders
15:09:43.489743 [info ]: Started seed bronze.raw_orders
15:09:43.489769 [debug]: Started rendering seed bronze.raw_orders
15:09:43.489807 [info ]: Started model silver.stg_order_items
15:09:43.489843 [debug]: Started rendering model silver.stg_order_items
15:09:43.489881 [info ]: Started seed bronze.raw_order_items
15:09:43.489910 [debug]: Started rendering seed bronze.raw_order_items
15:09:43.491806 [debug]: Compiled SQL for node model.shopflow_analytics.fct_order_items at target\.lsp\compiled\shopflow_analytics\models\marts\core\fct_order_items.sql
15:09:43.492300 [debug]: Finished rendering [  0.00s] model gold.fct_order_items [success]
15:09:43.492354 [info ]: Started analyzing (9 nodes)
15:09:43.492383 [debug]: Started analyzing model gold.fct_order_items
15:09:43.492959 [debug]: Finished analyzing [  0.00s] model gold.fct_order_items [success]
15:09:43.492985 [info ]:  Succeeded [  0.00s] model gold.fct_order_items (incremental)
15:09:43.493073 [debug]: Finished rendering [  0.00s] seed bronze.raw_customers [success]
15:09:43.493105 [info ]:  Succeeded [  0.00s] seed  bronze.raw_customers (table)
15:09:43.506645 [debug]: Compiled SQL for node model.shopflow_analytics.int_order_items_with_product at target\.lsp\compiled\shopflow_analytics\models\intermediate\int_order_items_with_product.sql
15:09:43.507141 [debug]: Finished rendering [  0.02s] seed bronze.raw_orders [success]
15:09:43.507175 [info ]:  Succeeded [  0.02s] seed  bronze.raw_orders (table)
15:09:43.507229 [debug]: Finished rendering [  0.02s] model silver.int_order_items_with_product [success]
15:09:43.507258 [debug]: Started analyzing model silver.int_order_items_with_product
15:09:43.519970 [debug]: Compiled SQL for node snapshot.shopflow_analytics.scd_customers at target\.lsp\compiled\shopflow_analytics\snapshots\scd_customers.sql\scd_customers.sql
15:09:43.520411 [debug]: Finished rendering [  0.03s] snapshot gold.scd_customers [success]
15:09:43.520502 [debug]: Started analyzing snapshot gold.scd_customers
15:09:43.523999 [debug]: Finished analyzing [  0.00s] snapshot gold.scd_customers [success]
15:09:43.524039 [info ]:  Succeeded [  0.03s] snapshot gold.scd_customers (snapshot)
15:09:43.524139 [debug]: Finished rendering [  0.03s] seed bronze.raw_order_items [success]
15:09:43.524171 [info ]:  Succeeded [  0.03s] seed  bronze.raw_order_items (table)
15:09:43.526560 [debug]: Finished analyzing [  0.02s] model silver.int_order_items_with_product [success]
15:09:43.526619 [info ]:  Succeeded [  0.04s] model silver.int_order_items_with_product (view)
15:09:43.538090 [debug]: Compiled SQL for node model.shopflow_analytics.stg_orders at target\.lsp\compiled\shopflow_analytics\models\staging\stg_orders.sql
15:09:43.538521 [debug]: Finished rendering [  0.05s] model silver.stg_orders [success]
15:09:43.538587 [debug]: Started analyzing model silver.stg_orders
15:09:43.540091 [debug]: Finished analyzing [  0.00s] model silver.stg_orders [success]
15:09:43.540127 [info ]:  Succeeded [  0.05s] model silver.stg_orders (view)
15:09:43.541478 [debug]: Compiled SQL for node model.shopflow_analytics.stg_products at target\.lsp\compiled\shopflow_analytics\models\staging\stg_products.sql
15:09:43.541648 [debug]: Finished rendering [  0.05s] seed bronze.raw_products [success]
15:09:43.541689 [info ]:  Succeeded [  0.05s] seed  bronze.raw_products (table)
15:09:43.541854 [debug]: Started analyzing model silver.stg_products
15:09:43.541894 [debug]: Finished rendering [  0.05s] model silver.stg_products [success]
15:09:43.543964 [debug]: Finished analyzing [  0.00s] model silver.stg_products [success]
15:09:43.544007 [info ]:  Succeeded [  0.05s] model silver.stg_products (view)
15:09:43.549308 [debug]: Compiled SQL for node model.shopflow_analytics.fct_orders at target\.lsp\compiled\shopflow_analytics\models\marts\core\fct_orders.sql
15:09:43.551649 [debug]: Compiled SQL for node model.shopflow_analytics.int_orders_enriched at target\.lsp\compiled\shopflow_analytics\models\intermediate\int_orders_enriched.sql
15:09:43.551884 [debug]: Finished rendering [  0.06s] model gold.fct_orders [success]
15:09:43.551935 [debug]: Started analyzing model gold.fct_orders
15:09:43.552682 [debug]: Finished analyzing [  0.00s] model gold.fct_orders [success]
15:09:43.552714 [info ]:  Succeeded [  0.06s] model gold.fct_orders (incremental)
15:09:43.552774 [debug]: Finished rendering [  0.06s] model silver.int_orders_enriched [success]
15:09:43.552802 [debug]: Started analyzing model silver.int_orders_enriched
15:09:43.556580 [debug]: Finished analyzing [  0.00s] model silver.int_orders_enriched [success]
15:09:43.556609 [info ]:  Succeeded [  0.07s] model silver.int_orders_enriched (view)
15:09:43.559775 [debug]: Compiled SQL for node model.shopflow_analytics.dim_products at target\.lsp\compiled\shopflow_analytics\models\marts\core\dim_products.sql
15:09:43.560446 [debug]: Finished rendering [  0.07s] model gold.dim_products [success]
15:09:43.560490 [debug]: Started analyzing model gold.dim_products
15:09:43.568995 [debug]: Finished analyzing [  0.01s] model gold.dim_products [success]
15:09:43.569022 [info ]:  Succeeded [  0.08s] model gold.dim_products (table)
15:09:43.580867 [debug]: Compiled SQL for node model.shopflow_analytics.stg_order_items at target\.lsp\compiled\shopflow_analytics\models\staging\stg_order_items.sql
15:09:43.587192 [debug]: Finished rendering [  0.10s] model silver.stg_order_items [success]
15:09:43.587263 [info ]: Finished rendering [  0.10s] (13 nodes, 0 skipped, 0 errors)
15:09:43.587748 [debug]: Started analyzing model silver.stg_order_items
15:09:43.588292 [debug]: Finished analyzing [  0.00s] model silver.stg_order_items [success]
15:09:43.588319 [info ]: Finished analyzing [  0.10s] (9 nodes, 0 skipped, 0 errors)
15:09:43.588341 [info ]:  Succeeded [  0.10s] model silver.stg_order_items (view)
15:09:43.618541 [info ]: Started scheduling
15:09:43.618665 [info ]: Finished scheduling [  0.00s]
15:09:43.621862 [info ]: Cached model count updated: 8 models (accurate)
15:11:13.708770 [info ]: Started loading project
15:11:13.710942 [info ]: Loading profiles.yml
15:11:13.823649 [info ]: Started parsing
15:11:14.391146 [info ]: Finished loading project [  0.68s]
15:11:14.631221 [debug]: Finished parsing snapshots\scd_customers.sql [  0.20s]
15:11:14.780421 [info ]: Starting shopflow_analytics run
15:11:14.780702 [info ]: Finished shopflow_analytics run
15:11:14.795051 [info ]: Cached model count updated: 8 models (estimate)
15:11:14.795074 [info ]: Cached model count updated: 8 models (accurate)
15:11:14.795161 [info ]: Started scheduling
15:11:14.795308 [info ]: Finished scheduling [  0.00s]
15:11:14.795329 [debug]: Compilation - 0 nodes selected: {}
15:11:14.795361 [warn ]: [NoNodesForSelectionCriteria (dbt1092)]: The selection criterion '' does not match any enabled nodes
15:11:14.795383 [warn ]: [NoNodesSelected (dbt1601)]: Nothing to do. Try checking your model configs and model specification args
15:11:14.798603 [debug]: License check failed: Feature not licensed: 'lineage'
15:11:14.822509 [info ]: Finished parsing [  1.00s]
15:11:14.990145 [info ]: Started building task graph
15:11:14.990183 [info ]: Finished building task graph [  0.00s]
15:11:15.483732 [info ]: Started on-run-start hooks (1 nodes)
15:11:15.484049 [info ]: Starting shopflow_analytics run
15:11:17.512094 [info ]: Finished on-run-start hooks [  2.03s] (1 nodes, 0 skipped, 0 errors)
15:11:17.526446 [info ]: Started scheduling
15:11:17.526759 [info ]: Finished scheduling [  0.00s]
15:11:17.590221 [info ]: Cached model count updated: 8 models (accurate)
15:11:21.357164 [info ]: Started loading project
15:11:21.363744 [info ]: Loading profiles.yml
15:11:21.503176 [info ]: Cached model count updated: 8 models (estimate)
15:11:21.503216 [info ]: Cached model count updated: 8 models (accurate)
15:11:21.503313 [info ]: Started scheduling
15:11:21.503572 [info ]: Finished scheduling [  0.00s]
15:11:21.503597 [debug]: Compilation - 16 nodes selected: {"exposure.shopflow_analytics.ceo_dashboard", "exposure.shopflow_analytics.customer_history", "exposure.shopflow_analytics.product_analytics", "model.shopflow_analytics.dim_products", "model.shopflow_analytics.fct_order_items", "model.shopflow_analytics.fct_orders", "model.shopflow_analytics.int_order_items_with_product", "model.shopflow_analytics.int_orders_enriched", "model.shopflow_analytics.stg_order_items", "model.shopflow_analytics.stg_orders", "model.shopflow_analytics.stg_products", "seed.shopflow_analytics.raw_customers", "seed.shopflow_analytics.raw_order_items", "seed.shopflow_analytics.raw_orders", "seed.shopflow_analytics.raw_products", "snapshot.shopflow_analytics.scd_customers"}
15:11:21.505197 [debug]: License check failed: Feature not licensed: 'lineage'
15:11:21.505419 [debug]:    Started downloading relations (1 items)
15:11:21.505479 [info ]: Finished loading project [  0.15s]
15:11:22.159280 [debug]: Query executed on node unknown:

SELECT
    table_name,
    if(table_type IN ('EXTERNAL', 'MANAGED', 'MANAGED_SHALLOW_CLONE', 'EXTERNAL_SHALLOW_CLONE'), 'table', lower(table_type)) AS table_type,
    lower(data_source_format) AS file_format,
    table_schema,
    table_owner,
    table_catalog,
    if(
    table_type IN (
        'EXTERNAL',
        'MANAGED',
        'MANAGED_SHALLOW_CLONE',
        'EXTERNAL_SHALLOW_CLONE'
    ),
    lower(table_type),
    NULL
    ) AS databricks_table_type
FROM `system`.`information_schema`.`tables`
WHERE table_catalog = 'shopflow_analytics_cat'
    AND table_schema = 'gold'
15:11:22.169941 [debug]:   Finished [  0.66s] downloading relations (1 items)
15:11:22.306878 [info ]: Started building task graph
15:11:22.307146 [info ]: Finished building task graph [  0.00s]
15:11:22.620191 [info ]: Started on-run-start hooks (1 nodes)
15:11:22.620573 [info ]: Starting shopflow_analytics run
15:11:23.624504 [info ]: Finished on-run-start hooks [  1.00s] (1 nodes, 0 skipped, 0 errors)
15:11:23.624565 [info ]: Started rendering (13 nodes)
15:11:23.624592 [info ]: Started model gold.fct_order_items
15:11:23.624606 [debug]: Started rendering model gold.fct_order_items
15:11:23.624631 [info ]: Started model silver.int_order_items_with_product
15:11:23.624646 [debug]: Started rendering model silver.int_order_items_with_product
15:11:23.624661 [info ]: Started model gold.dim_products
15:11:23.624670 [debug]: Started rendering model gold.dim_products
15:11:23.624684 [info ]: Started model silver.stg_products
15:11:23.624695 [debug]: Started rendering model silver.stg_products
15:11:23.624711 [info ]: Started seed bronze.raw_products
15:11:23.624719 [debug]: Started rendering seed bronze.raw_products
15:11:23.624733 [info ]: Started model gold.fct_orders
15:11:23.624743 [debug]: Started rendering model gold.fct_orders
15:11:23.624756 [info ]: Started model silver.int_orders_enriched
15:11:23.624765 [debug]: Started rendering model silver.int_orders_enriched
15:11:23.624783 [info ]: Started snapshot gold.scd_customers
15:11:23.624793 [debug]: Started rendering snapshot gold.scd_customers
15:11:23.624808 [info ]: Started seed bronze.raw_customers
15:11:23.624816 [debug]: Started rendering seed bronze.raw_customers
15:11:23.624830 [info ]: Started model silver.stg_orders
15:11:23.624838 [debug]: Started rendering model silver.stg_orders
15:11:23.624852 [info ]: Started seed bronze.raw_orders
15:11:23.624862 [debug]: Started rendering seed bronze.raw_orders
15:11:23.624877 [info ]: Started model silver.stg_order_items
15:11:23.624890 [debug]: Started rendering model silver.stg_order_items
15:11:23.624902 [info ]: Started seed bronze.raw_order_items
15:11:23.624910 [debug]: Started rendering seed bronze.raw_order_items
15:11:23.625716 [debug]: Compiled SQL for node model.shopflow_analytics.fct_order_items at target\.lsp\compiled\shopflow_analytics\models\marts\core\fct_order_items.sql
15:11:23.627755 [debug]: Finished rendering [  0.00s] model gold.fct_order_items [success]
15:11:23.627805 [info ]: Started analyzing (9 nodes)
15:11:23.627816 [debug]: Started analyzing model gold.fct_order_items
15:11:23.628188 [debug]: Finished analyzing [  0.00s] model gold.fct_order_items [success]
15:11:23.628207 [info ]:  Succeeded [  0.00s] model gold.fct_order_items (incremental)
15:11:23.628256 [debug]: Finished rendering [  0.00s] seed bronze.raw_customers [success]
15:11:23.628270 [info ]:  Succeeded [  0.00s] seed  bronze.raw_customers (table)
15:11:23.648690 [debug]: Compiled SQL for node model.shopflow_analytics.int_order_items_with_product at target\.lsp\compiled\shopflow_analytics\models\intermediate\int_order_items_with_product.sql
15:11:23.650108 [debug]: Finished rendering [  0.03s] seed bronze.raw_orders [success]
15:11:23.650157 [info ]:  Succeeded [  0.03s] seed  bronze.raw_orders (table)
15:11:23.650272 [debug]: Finished rendering [  0.03s] model silver.int_order_items_with_product [success]
15:11:23.650322 [debug]: Started analyzing model silver.int_order_items_with_product
15:11:23.653558 [debug]: Compiled SQL for node snapshot.shopflow_analytics.scd_customers at target\.lsp\compiled\shopflow_analytics\snapshots\scd_customers.sql\scd_customers.sql
15:11:23.654970 [debug]: Finished rendering [  0.03s] seed bronze.raw_order_items [success]
15:11:23.655022 [info ]:  Succeeded [  0.03s] seed  bronze.raw_order_items (table)
15:11:23.655128 [debug]: Finished rendering [  0.03s] snapshot gold.scd_customers [success]
15:11:23.655196 [debug]: Started analyzing snapshot gold.scd_customers
15:11:23.658665 [debug]: Finished analyzing [  0.01s] model silver.int_order_items_with_product [success]
15:11:23.658719 [info ]:  Succeeded [  0.03s] model silver.int_order_items_with_product (view)
15:11:23.664420 [debug]: Finished analyzing [  0.01s] snapshot gold.scd_customers [success]
15:11:23.664461 [info ]:  Succeeded [  0.04s] snapshot gold.scd_customers (snapshot)
15:11:23.665306 [debug]: Compiled SQL for node model.shopflow_analytics.stg_order_items at target\.lsp\compiled\shopflow_analytics\models\staging\stg_order_items.sql
15:11:23.665832 [debug]: Finished rendering [  0.04s] seed bronze.raw_products [success]
15:11:23.665866 [info ]:  Succeeded [  0.04s] seed  bronze.raw_products (table)
15:11:23.665896 [debug]: Compiled SQL for node model.shopflow_analytics.stg_orders at target\.lsp\compiled\shopflow_analytics\models\staging\stg_orders.sql
15:11:23.666083 [debug]: Finished rendering [  0.04s] model silver.stg_order_items [success]
15:11:23.666125 [debug]: Started analyzing model silver.stg_order_items
15:11:23.666273 [debug]: Finished rendering [  0.04s] model silver.stg_orders [success]
15:11:23.666302 [debug]: Started analyzing model silver.stg_orders
15:11:23.666979 [debug]: Finished analyzing [  0.00s] model silver.stg_order_items [success]
15:11:23.667014 [info ]:  Succeeded [  0.04s] model silver.stg_order_items (view)
15:11:23.668281 [debug]: Finished analyzing [  0.00s] model silver.stg_orders [success]
15:11:23.668313 [info ]:  Succeeded [  0.04s] model silver.stg_orders (view)
15:11:23.669010 [debug]: Compiled SQL for node model.shopflow_analytics.fct_orders at target\.lsp\compiled\shopflow_analytics\models\marts\core\fct_orders.sql
15:11:23.669240 [debug]: Finished rendering [  0.04s] model gold.fct_orders [success]
15:11:23.669278 [debug]: Started analyzing model gold.fct_orders
15:11:23.669875 [debug]: Finished analyzing [  0.00s] model gold.fct_orders [success]
15:11:23.669899 [info ]:  Succeeded [  0.04s] model gold.fct_orders (incremental)
15:11:23.671040 [debug]: Compiled SQL for node model.shopflow_analytics.dim_products at target\.lsp\compiled\shopflow_analytics\models\marts\core\dim_products.sql
15:11:23.671339 [debug]: Finished rendering [  0.05s] model gold.dim_products [success]
15:11:23.671375 [debug]: Started analyzing model gold.dim_products
15:11:23.671930 [debug]: Finished analyzing [  0.00s] model gold.dim_products [success]
15:11:23.671958 [info ]:  Succeeded [  0.05s] model gold.dim_products (table)
15:11:23.672689 [debug]: Compiled SQL for node model.shopflow_analytics.stg_products at target\.lsp\compiled\shopflow_analytics\models\staging\stg_products.sql
15:11:23.672925 [debug]: Finished rendering [  0.05s] model silver.stg_products [success]
15:11:23.672961 [debug]: Started analyzing model silver.stg_products
15:11:23.674345 [debug]: Finished analyzing [  0.00s] model silver.stg_products [success]
15:11:23.674369 [info ]:  Succeeded [  0.05s] model silver.stg_products (view)
15:11:23.675418 [debug]: Compiled SQL for node model.shopflow_analytics.int_orders_enriched at target\.lsp\compiled\shopflow_analytics\models\intermediate\int_orders_enriched.sql
15:11:23.675880 [debug]: Started analyzing model silver.int_orders_enriched
15:11:23.675923 [debug]: Finished rendering [  0.05s] model silver.int_orders_enriched [success]
15:11:23.675943 [info ]: Finished rendering [  0.05s] (13 nodes, 0 skipped, 0 errors)
15:11:23.678306 [debug]: Finished analyzing [  0.00s] model silver.int_orders_enriched [success]
15:11:23.678329 [info ]: Finished analyzing [  0.05s] (9 nodes, 0 skipped, 0 errors)
15:11:23.678347 [info ]:  Succeeded [  0.05s] model silver.int_orders_enriched (view)
15:11:23.691130 [info ]: Started scheduling
15:11:23.691224 [info ]: Finished scheduling [  0.00s]
15:11:23.693267 [info ]: Cached model count updated: 8 models (accurate)
15:23:02.899249 [info ]: Started loading project
15:23:03.041709 [info ]: Loading profiles.yml
15:23:03.398514 [info ]: Started parsing
15:23:06.268621 [info ]: Finished loading project [  3.37s]
15:23:06.644539 [debug]: Finished parsing snapshots\scd_customers.sql [  0.01s]
15:23:06.656377 [info ]: Starting shopflow_analytics run
15:23:06.656899 [info ]: Finished shopflow_analytics run
15:23:06.661982 [info ]: Finished parsing [  3.26s]
15:23:06.749757 [info ]: Cached model count updated: 8 models (estimate)
15:23:06.749795 [info ]: Cached model count updated: 8 models (accurate)
15:23:06.771884 [info ]: Started scheduling
15:23:06.774753 [info ]: Finished scheduling [  0.00s]
15:23:06.774784 [debug]: Compilation - 0 nodes selected: {}
15:23:06.775642 [warn ]: [NoNodesForSelectionCriteria (dbt1092)]: The selection criterion '' does not match any enabled nodes
15:23:06.776625 [warn ]: [NoNodesSelected (dbt1601)]: Nothing to do. Try checking your model configs and model specification args
15:23:06.882483 [debug]: License check failed: Feature not licensed: 'lineage'
15:23:07.076425 [info ]: Started building task graph
15:23:07.081439 [info ]: Finished building task graph [  0.01s]
15:23:11.356119 [info ]: Started on-run-start hooks (1 nodes)
15:23:11.356917 [info ]: Starting shopflow_analytics run
15:23:27.410059 [info ]: Finished on-run-start hooks [ 16.05s] (1 nodes, 0 skipped, 0 errors)
15:23:27.460389 [info ]: Cached model count updated: 8 models (accurate)
15:23:27.779982 [info ]: Started loading project
15:23:27.780920 [info ]: Loading profiles.yml
15:23:27.840692 [info ]: Started parsing
15:23:28.373880 [info ]: Finished loading project [  0.59s]
15:23:28.395689 [debug]: Finished parsing snapshots\scd_customers.sql [  0.01s]
15:23:28.408278 [info ]: Starting shopflow_analytics run
15:23:28.409041 [info ]: Finished shopflow_analytics run
15:23:28.412901 [info ]: Finished parsing [  0.57s]
15:23:28.425100 [info ]: Cached model count updated: 8 models (estimate)
15:23:28.425129 [info ]: Cached model count updated: 8 models (accurate)
15:23:28.425224 [info ]: Started scheduling
15:23:28.425451 [info ]: Finished scheduling [  0.00s]
15:23:28.425496 [debug]: Compilation - 0 nodes selected: {}
15:23:28.425576 [warn ]: [NoNodesForSelectionCriteria (dbt1092)]: The selection criterion '' does not match any enabled nodes
15:23:28.425602 [warn ]: [NoNodesSelected (dbt1601)]: Nothing to do. Try checking your model configs and model specification args
15:23:28.428329 [debug]: License check failed: Feature not licensed: 'lineage'
15:23:28.561296 [info ]: Started building task graph
15:23:28.561333 [info ]: Finished building task graph [  0.00s]
15:23:28.794896 [info ]: Started on-run-start hooks (1 nodes)
15:23:28.795341 [info ]: Starting shopflow_analytics run
15:23:30.955744 [info ]: Finished on-run-start hooks [  2.16s] (1 nodes, 0 skipped, 0 errors)
15:23:30.970220 [info ]: Started scheduling
15:23:30.970661 [info ]: Finished scheduling [  0.00s]
15:23:30.986641 [info ]: Cached model count updated: 8 models (accurate)
15:23:32.624957 [info ]: Started loading project
15:23:32.626663 [info ]: Loading profiles.yml
15:23:32.757018 [info ]: Cached model count updated: 8 models (estimate)
15:23:32.757039 [info ]: Cached model count updated: 8 models (accurate)
15:23:32.757100 [info ]: Started scheduling
15:23:32.757318 [info ]: Finished scheduling [  0.00s]
15:23:32.757339 [debug]: Compilation - 16 nodes selected: {"exposure.shopflow_analytics.ceo_dashboard", "exposure.shopflow_analytics.customer_history", "exposure.shopflow_analytics.product_analytics", "model.shopflow_analytics.dim_products", "model.shopflow_analytics.fct_order_items", "model.shopflow_analytics.fct_orders", "model.shopflow_analytics.int_order_items_with_product", "model.shopflow_analytics.int_orders_enriched", "model.shopflow_analytics.stg_order_items", "model.shopflow_analytics.stg_orders", "model.shopflow_analytics.stg_products", "seed.shopflow_analytics.raw_customers", "seed.shopflow_analytics.raw_order_items", "seed.shopflow_analytics.raw_orders", "seed.shopflow_analytics.raw_products", "snapshot.shopflow_analytics.scd_customers"}
15:23:32.759005 [debug]: License check failed: Feature not licensed: 'lineage'
15:23:32.759820 [debug]:    Started downloading relations (1 items)
15:23:32.762502 [info ]: Finished loading project [  0.14s]
15:23:35.529633 [debug]: Query executed on node unknown:

SELECT
    table_name,
    if(table_type IN ('EXTERNAL', 'MANAGED', 'MANAGED_SHALLOW_CLONE', 'EXTERNAL_SHALLOW_CLONE'), 'table', lower(table_type)) AS table_type,
    lower(data_source_format) AS file_format,
    table_schema,
    table_owner,
    table_catalog,
    if(
    table_type IN (
        'EXTERNAL',
        'MANAGED',
        'MANAGED_SHALLOW_CLONE',
        'EXTERNAL_SHALLOW_CLONE'
    ),
    lower(table_type),
    NULL
    ) AS databricks_table_type
FROM `system`.`information_schema`.`tables`
WHERE table_catalog = 'shopflow_analytics_cat'
    AND table_schema = 'gold'
15:23:35.530259 [debug]:   Finished [  2.77s] downloading relations (1 items)
15:23:35.883483 [info ]: Started building task graph
15:23:35.988059 [info ]: Finished building task graph [  0.10s]
15:23:36.355505 [info ]: Started on-run-start hooks (1 nodes)
15:23:36.355914 [info ]: Starting shopflow_analytics run
15:23:37.814673 [info ]: Finished on-run-start hooks [  1.46s] (1 nodes, 0 skipped, 0 errors)
15:23:37.815844 [info ]: Started rendering (13 nodes)
15:23:37.816943 [info ]: Started model gold.fct_order_items
15:23:37.816977 [debug]: Started rendering model gold.fct_order_items
15:23:37.817627 [info ]: Started model silver.int_order_items_with_product
15:23:37.817645 [debug]: Started rendering model silver.int_order_items_with_product
15:23:37.817664 [info ]: Started model gold.dim_products
15:23:37.817706 [debug]: Started rendering model gold.dim_products
15:23:37.817726 [info ]: Started model silver.stg_products
15:23:37.817735 [debug]: Started rendering model silver.stg_products
15:23:37.818304 [info ]: Started seed bronze.raw_products
15:23:37.818324 [debug]: Started rendering seed bronze.raw_products
15:23:37.818344 [info ]: Started model gold.fct_orders
15:23:37.818357 [debug]: Started rendering model gold.fct_orders
15:23:37.818375 [info ]: Started model silver.int_orders_enriched
15:23:37.818386 [debug]: Started rendering model silver.int_orders_enriched
15:23:37.818413 [info ]: Started snapshot gold.scd_customers
15:23:37.818436 [debug]: Started rendering snapshot gold.scd_customers
15:23:37.818454 [info ]: Started seed bronze.raw_customers
15:23:37.818464 [debug]: Started rendering seed bronze.raw_customers
15:23:37.818477 [info ]: Started model silver.stg_orders
15:23:37.818486 [debug]: Started rendering model silver.stg_orders
15:23:37.818501 [info ]: Started seed bronze.raw_orders
15:23:37.818511 [debug]: Started rendering seed bronze.raw_orders
15:23:37.818524 [info ]: Started model silver.stg_order_items
15:23:37.818539 [debug]: Started rendering model silver.stg_order_items
15:23:37.818552 [info ]: Started seed bronze.raw_order_items
15:23:37.818560 [debug]: Started rendering seed bronze.raw_order_items
15:23:37.828790 [debug]: Finished rendering [  0.01s] seed bronze.raw_customers [success]
15:23:37.828824 [info ]:  Succeeded [  0.01s] seed  bronze.raw_customers (table)
15:23:37.828869 [debug]: Finished rendering [  0.01s] seed bronze.raw_products [success]
15:23:37.828880 [info ]:  Succeeded [  0.01s] seed  bronze.raw_products (table)
15:23:37.828899 [debug]: Finished rendering [  0.01s] seed bronze.raw_orders [success]
15:23:37.828908 [info ]:  Succeeded [  0.01s] seed  bronze.raw_orders (table)
15:23:37.828927 [debug]: Finished rendering [  0.01s] seed bronze.raw_order_items [success]
15:23:37.828936 [info ]:  Succeeded [  0.01s] seed  bronze.raw_order_items (table)
15:23:37.832166 [debug]: Compiled SQL for node model.shopflow_analytics.stg_products at target\.lsp\compiled\shopflow_analytics\models\staging\stg_products.sql
15:23:37.833196 [debug]: Compiled SQL for node model.shopflow_analytics.stg_order_items at target\.lsp\compiled\shopflow_analytics\models\staging\stg_order_items.sql
15:23:37.832709 [debug]: Compiled SQL for node model.shopflow_analytics.fct_order_items at target\.lsp\compiled\shopflow_analytics\models\marts\core\fct_order_items.sql
15:23:37.832720 [debug]: Compiled SQL for node model.shopflow_analytics.fct_orders at target\.lsp\compiled\shopflow_analytics\models\marts\core\fct_orders.sql
15:23:37.832701 [debug]: Compiled SQL for node model.shopflow_analytics.int_order_items_with_product at target\.lsp\compiled\shopflow_analytics\models\intermediate\int_order_items_with_product.sql
15:23:37.832662 [debug]: Compiled SQL for node snapshot.shopflow_analytics.scd_customers at target\.lsp\compiled\shopflow_analytics\snapshots\scd_customers.sql\scd_customers.sql
15:23:37.832691 [debug]: Compiled SQL for node model.shopflow_analytics.dim_products at target\.lsp\compiled\shopflow_analytics\models\marts\core\dim_products.sql
15:23:37.832652 [debug]: Compiled SQL for node model.shopflow_analytics.int_orders_enriched at target\.lsp\compiled\shopflow_analytics\models\intermediate\int_orders_enriched.sql
15:23:37.832558 [debug]: Compiled SQL for node model.shopflow_analytics.stg_orders at target\.lsp\compiled\shopflow_analytics\models\staging\stg_orders.sql
15:23:37.835995 [debug]: Finished rendering [  0.02s] model silver.stg_products [success]
15:23:37.836261 [info ]: Started analyzing (9 nodes)
15:23:37.836346 [debug]: Started analyzing model silver.stg_products
15:23:37.836394 [debug]: Finished rendering [  0.02s] model gold.dim_products [success]
15:23:37.836424 [debug]: Started analyzing model gold.dim_products
15:23:37.836452 [debug]: Finished rendering [  0.02s] model silver.int_order_items_with_product [success]
15:23:37.836481 [debug]: Started analyzing model silver.int_order_items_with_product
15:23:37.836511 [debug]: Finished rendering [  0.02s] model silver.stg_order_items [success]
15:23:37.836534 [debug]: Started analyzing model silver.stg_order_items
15:23:37.836564 [debug]: Finished rendering [  0.02s] model silver.stg_orders [success]
15:23:37.836587 [debug]: Started analyzing model silver.stg_orders
15:23:37.836613 [debug]: Finished rendering [  0.02s] model silver.int_orders_enriched [success]
15:23:37.836633 [debug]: Started analyzing model silver.int_orders_enriched
15:23:37.836674 [debug]: Finished rendering [  0.02s] snapshot gold.scd_customers [success]
15:23:37.837689 [debug]: Started analyzing snapshot gold.scd_customers
15:23:37.837741 [debug]: Finished rendering [  0.02s] model gold.fct_orders [success]
15:23:37.837771 [debug]: Started analyzing model gold.fct_orders
15:23:37.837790 [debug]: Finished rendering [  0.02s] model gold.fct_order_items [success]
15:23:37.837801 [info ]: Finished rendering [  0.02s] (13 nodes, 0 skipped, 0 errors)
15:23:37.837820 [debug]: Started analyzing model gold.fct_order_items
15:23:37.851968 [debug]: Finished analyzing [  0.02s] model silver.stg_orders [success]
15:23:37.852016 [info ]:  Succeeded [  0.03s] model silver.stg_orders (view)
15:23:37.852060 [debug]: Finished analyzing [  0.02s] model silver.stg_products [success]
15:23:37.852077 [info ]:  Succeeded [  0.03s] model silver.stg_products (view)
15:23:37.852104 [debug]: Finished analyzing [  0.02s] model silver.int_orders_enriched [success]
15:23:37.852122 [info ]:  Succeeded [  0.03s] model silver.int_orders_enriched (view)
15:23:37.852477 [debug]: Finished analyzing [  0.02s] model silver.stg_order_items [success]
15:23:37.852500 [info ]:  Succeeded [  0.03s] model silver.stg_order_items (view)
15:23:37.854093 [debug]: Finished analyzing [  0.02s] model gold.fct_orders [success]
15:23:37.854125 [info ]:  Succeeded [  0.04s] model gold.fct_orders (incremental)
15:23:37.854153 [debug]: Finished analyzing [  0.02s] model gold.fct_order_items [success]
15:23:37.854163 [info ]:  Succeeded [  0.04s] model gold.fct_order_items (incremental)
15:23:37.854181 [debug]: Finished analyzing [  0.02s] snapshot gold.scd_customers [success]
15:23:37.854193 [info ]:  Succeeded [  0.03s] snapshot gold.scd_customers (snapshot)
15:23:37.854256 [debug]: Finished analyzing [  0.02s] model gold.dim_products [success]
15:23:37.854267 [info ]:  Succeeded [  0.04s] model gold.dim_products (table)
15:23:37.855844 [debug]: Finished analyzing [  0.02s] model silver.int_order_items_with_product [success]
15:23:37.855871 [info ]: Finished analyzing [  0.02s] (9 nodes, 0 skipped, 0 errors)
15:23:37.855893 [info ]:  Succeeded [  0.04s] model silver.int_order_items_with_product (view)
15:23:37.867157 [info ]: Started scheduling
15:23:37.867304 [info ]: Finished scheduling [  0.00s]
15:23:37.869631 [info ]: Cached model count updated: 8 models (accurate)
16:04:17.407425 [info ]: Started loading project
16:04:17.479641 [info ]: Loading profiles.yml
16:04:18.100401 [info ]: Started parsing
16:04:18.635595 [info ]: Finished loading project [  1.23s]
16:04:18.706917 [info ]: Finished parsing [  0.61s]
16:04:18.719873 [info ]: Cached model count updated: 8 models (accurate)
16:04:18.781625 [info ]: Started loading project
16:04:18.782628 [info ]: Loading profiles.yml
16:04:18.825058 [info ]: Started parsing
16:04:19.061592 [info ]: Finished loading project [  0.28s]
16:04:19.146846 [debug]: Finished parsing snapshots\scd_customers.sql [  0.04s]
16:04:19.186409 [info ]: Starting shopflow_analytics run
16:04:19.187329 [info ]: Finished shopflow_analytics run
16:04:19.204405 [info ]: Finished parsing [  0.38s]
16:04:19.220893 [info ]: Cached model count updated: 8 models (estimate)
16:04:19.220918 [info ]: Cached model count updated: 8 models (accurate)
16:04:19.222926 [info ]: Started scheduling
16:04:19.229145 [info ]: Finished scheduling [  0.01s]
16:04:19.229429 [debug]: Compilation - 0 nodes selected: {}
16:04:19.231139 [warn ]: [NoNodesForSelectionCriteria (dbt1092)]: The selection criterion '' does not match any enabled nodes
16:04:19.233066 [warn ]: [NoNodesSelected (dbt1601)]: Nothing to do. Try checking your model configs and model specification args
16:04:19.264188 [debug]: License check failed: Feature not licensed: 'lineage'
16:04:19.605600 [info ]: Started building task graph
16:04:19.608298 [info ]: Finished building task graph [  0.00s]
16:04:20.408137 [info ]: Started on-run-start hooks (1 nodes)
16:04:20.419183 [info ]: Starting shopflow_analytics run
==================== 2026-07-30T16:06:09.871833Z | 00000000-0000-0000-0000-000000000000 ====================
==================== 2026-07-30T16:06:09.872685Z | 64c35aaf-ba0e-425d-9beb-8416c3c88624 ====================
16:06:09.873543 [info ]: Starting dbt LSP server
16:06:09.876268 [info ]: Connecting to LSP client on port 8000
16:06:09.883719 [info ]: Successfully connected to LSP client
16:06:09.884017 [info ]: Creating LSP service...
16:06:09.895380 [info ]: Creating LSP server...
16:06:09.895431 [info ]: Starting LSP server...
16:06:10.533131 [info ]: Loading profiles.yml
16:06:10.876026 [info ]: Started loading project
16:06:10.887004 [info ]: Loading profiles.yml
16:06:10.953289 [info ]:    Started resolving packages from packages.yml
16:06:11.417847 [info ]:   Finished [  0.46s] resolving packages from packages.yml (1 items)
16:06:11.420650 [debug]:    Started loading packages
16:06:11.529969 [debug]:     Loaded [  0.11s] packages
16:06:11.554950 [info ]: Finished loading project [  0.68s]
16:06:11.563348 [info ]: Started parsing
16:06:11.972435 [debug]: Finished parsing models/intermediate/_intermediate_models.yml [  0.03s]
16:06:11.999185 [debug]: Finished parsing models/marts/core/_exposures.yml [  0.03s]
16:06:12.059966 [debug]: Finished parsing models/marts/core/_marts_core.yml [  0.06s]
16:06:12.133486 [debug]: Finished parsing models/staging/_staging_models.yml [  0.07s]
16:06:12.177837 [debug]: Finished parsing snapshots/_snapshots.yml [  0.04s]
16:06:12.179887 [debug]: Finished parsing tests/_singular_tests.yml [  0.00s]
16:06:12.272221 [debug]: Finished parsing snapshots\scd_customers.sql:4:11 (scd_customers) [  0.02s]
16:06:12.320273 [debug]: Finished parsing models/intermediate/int_order_items_with_product.sql [  0.04s]
16:06:12.343178 [debug]: Finished parsing models/intermediate/int_orders_enriched.sql [  0.02s]
16:06:12.348906 [debug]: Finished parsing models/marts/core/dim_products.sql [  0.01s]
16:06:12.370433 [debug]: Finished parsing models/marts/core/fct_order_items.sql [  0.02s]
16:06:12.376940 [debug]: Finished parsing models/marts/core/fct_orders.sql [  0.01s]
16:06:12.380044 [debug]: Finished parsing models/staging/stg_order_items.sql [  0.00s]
16:06:12.382897 [debug]: Finished parsing models/staging/stg_orders.sql [  0.00s]
16:06:12.402263 [debug]: Finished parsing models/staging/stg_products.sql [  0.02s]
16:06:12.557097 [debug]: Finished parsing tests/assert_customer_has_valid_email.sql [  0.03s]
16:06:12.579385 [debug]: Finished parsing tests/assert_fct_orders_revenue_non_negative.sql [  0.02s]
16:06:12.632179 [debug]: Finished parsing tests/assert_no_future_order_dates.sql [  0.05s]
16:06:12.684186 [debug]: Finished parsing tests/assert_product_price_positive.sql [  0.05s]
16:06:12.710852 [debug]: Finished parsing tests/assert_quantity_positive.sql [  0.03s]
16:06:12.736169 [info ]: Starting shopflow_analytics run
16:06:12.736947 [info ]: Finished shopflow_analytics run
16:06:12.750875 [info ]: Finished parsing [  1.19s]
16:06:12.758920 [info ]: Cached model count updated: 8 models (estimate)
16:06:12.759014 [info ]: Cached model count updated: 8 models (accurate)
16:06:12.761584 [info ]: Started scheduling
16:06:12.769218 [info ]: Finished scheduling [  0.01s]
16:06:12.769489 [debug]: Compilation - 2 nodes selected: {"seed.shopflow_analytics.raw_customers", "snapshot.shopflow_analytics.scd_customers"}
16:06:12.770039 [info ]: Started scheduling
16:06:12.770757 [info ]: Finished scheduling [  0.00s]
16:06:12.780130 [debug]: Initializing schema store with entry: Selected("snapshot.shopflow_analytics.scd_customers") and interval: None
16:06:12.886439 [debug]: No platform credentials found, skipping remote license
16:06:12.887084 [debug]: Trial license from file C:\Users\Utilisateur\.dbt\license.trial is expired
16:06:12.888316 [debug]: License check failed: Feature not licensed: 'lineage'
16:06:13.161991 [info ]: Started building task graph
16:06:13.169373 [info ]: Finished building task graph [  0.01s]
16:06:13.887586 [info ]: Started on-run-start hooks (1 nodes)
16:06:13.895548 [info ]: Starting shopflow_analytics run
16:06:18.112829 [info ]: Finished on-run-start hooks [  4.23s] (1 nodes, 0 skipped, 0 errors)
16:06:18.128543 [info ]: Started rendering (2 nodes)
16:06:18.130239 [info ]: Started snapshot gold.scd_customers
16:06:18.139542 [debug]: Started rendering snapshot gold.scd_customers
16:06:18.213413 [info ]: Started seed bronze.raw_customers
16:06:18.213458 [debug]: Started rendering seed bronze.raw_customers
16:06:18.362777 [debug]: Finished rendering [  0.15s] seed bronze.raw_customers [success]
16:06:18.362834 [info ]:  Succeeded [  0.11s] seed  bronze.raw_customers (table)
16:06:18.381697 [debug]: Compiled SQL for node snapshot.shopflow_analytics.scd_customers at target\.lsp\compiled\shopflow_analytics\snapshots\scd_customers.sql\scd_customers.sql
16:06:18.389017 [debug]: Finished rendering [  0.25s] snapshot gold.scd_customers [success]
16:06:18.389170 [info ]: Finished rendering [  0.26s] (2 nodes, 0 skipped, 0 errors)
16:06:18.433165 [info ]: Started analyzing (1 nodes)
16:06:18.433201 [debug]: Started analyzing snapshot gold.scd_customers
16:06:18.611758 [debug]: Finished analyzing [  0.18s] snapshot gold.scd_customers [success]
16:06:18.611799 [info ]: Finished analyzing [  0.18s] (1 nodes, 0 skipped, 0 errors)
16:06:18.611823 [info ]:  Succeeded [  0.43s] snapshot gold.scd_customers (snapshot)
16:06:18.648451 [info ]: Started scheduling
16:06:18.648594 [info ]: Finished scheduling [  0.00s]
16:06:18.658188 [info ]: Cached model count updated: 8 models (accurate)
16:06:20.513515 [info ]: Started loading project
16:06:20.516342 [info ]: Loading profiles.yml
16:06:20.672859 [info ]: Cached model count updated: 8 models (estimate)
16:06:20.672890 [info ]: Cached model count updated: 8 models (accurate)
16:06:20.672979 [info ]: Started scheduling
16:06:20.673476 [info ]: Finished scheduling [  0.00s]
16:06:20.673524 [debug]: Compilation - 16 nodes selected: {"exposure.shopflow_analytics.ceo_dashboard", "exposure.shopflow_analytics.customer_history", "exposure.shopflow_analytics.product_analytics", "model.shopflow_analytics.dim_products", "model.shopflow_analytics.fct_order_items", "model.shopflow_analytics.fct_orders", "model.shopflow_analytics.int_order_items_with_product", "model.shopflow_analytics.int_orders_enriched", "model.shopflow_analytics.stg_order_items", "model.shopflow_analytics.stg_orders", "model.shopflow_analytics.stg_products", "seed.shopflow_analytics.raw_customers", "seed.shopflow_analytics.raw_order_items", "seed.shopflow_analytics.raw_orders", "seed.shopflow_analytics.raw_products", "snapshot.shopflow_analytics.scd_customers"}
16:06:20.676311 [debug]: License check failed: Feature not licensed: 'lineage'
16:06:20.677774 [debug]:    Started downloading relations (1 items)
16:06:20.681575 [info ]: Finished loading project [  0.17s]
16:06:22.891060 [debug]: Query executed on node unknown:

SELECT
    table_name,
    if(table_type IN ('EXTERNAL', 'MANAGED', 'MANAGED_SHALLOW_CLONE', 'EXTERNAL_SHALLOW_CLONE'), 'table', lower(table_type)) AS table_type,
    lower(data_source_format) AS file_format,
    table_schema,
    table_owner,
    table_catalog,
    if(
    table_type IN (
        'EXTERNAL',
        'MANAGED',
        'MANAGED_SHALLOW_CLONE',
        'EXTERNAL_SHALLOW_CLONE'
    ),
    lower(table_type),
    NULL
    ) AS databricks_table_type
FROM `system`.`information_schema`.`tables`
WHERE table_catalog = 'shopflow_analytics_cat'
    AND table_schema = 'gold'
16:06:22.896193 [debug]:   Finished [  2.22s] downloading relations (1 items)
16:06:22.966360 [info ]: Started building task graph
16:06:22.966582 [info ]: Finished building task graph [  0.00s]
16:06:23.202594 [info ]: Started on-run-start hooks (1 nodes)
16:06:23.202920 [info ]: Starting shopflow_analytics run
16:06:24.391809 [info ]: Finished on-run-start hooks [  1.19s] (1 nodes, 0 skipped, 0 errors)
16:06:24.391868 [info ]: Started rendering (13 nodes)
16:06:24.391901 [info ]: Started model gold.fct_order_items
16:06:24.391915 [debug]: Started rendering model gold.fct_order_items
16:06:24.391939 [info ]: Started model silver.int_order_items_with_product
16:06:24.391949 [debug]: Started rendering model silver.int_order_items_with_product
16:06:24.391974 [info ]: Started model gold.dim_products
16:06:24.391982 [debug]: Started rendering model gold.dim_products
16:06:24.392001 [info ]: Started model silver.stg_products
16:06:24.392011 [debug]: Started rendering model silver.stg_products
16:06:24.392025 [info ]: Started seed bronze.raw_products
16:06:24.392033 [debug]: Started rendering seed bronze.raw_products
16:06:24.392046 [info ]: Started model gold.fct_orders
16:06:24.392062 [debug]: Started rendering model gold.fct_orders
16:06:24.393139 [info ]: Started model silver.int_orders_enriched
16:06:24.393173 [debug]: Started rendering model silver.int_orders_enriched
16:06:24.393218 [info ]: Started snapshot gold.scd_customers
16:06:24.393240 [debug]: Started rendering snapshot gold.scd_customers
16:06:24.393285 [info ]: Started seed bronze.raw_customers
16:06:24.393300 [debug]: Started rendering seed bronze.raw_customers
16:06:24.393348 [info ]: Started model silver.stg_orders
16:06:24.393368 [debug]: Started rendering model silver.stg_orders
16:06:24.393395 [info ]: Started seed bronze.raw_orders
16:06:24.393409 [debug]: Started rendering seed bronze.raw_orders
16:06:24.393448 [info ]: Started model silver.stg_order_items
16:06:24.393471 [debug]: Started rendering model silver.stg_order_items
16:06:24.393490 [info ]: Started seed bronze.raw_order_items
16:06:24.393502 [debug]: Started rendering seed bronze.raw_order_items
16:06:24.394792 [debug]: Finished rendering [  0.00s] seed bronze.raw_customers [success]
16:06:24.394829 [info ]:  Succeeded [  0.00s] seed  bronze.raw_customers (table)
16:06:24.394972 [debug]: Finished rendering [  0.00s] seed bronze.raw_orders [success]
16:06:24.394998 [info ]:  Succeeded [  0.00s] seed  bronze.raw_orders (table)
16:06:24.395119 [debug]: Finished rendering [  0.00s] seed bronze.raw_order_items [success]
16:06:24.395139 [info ]:  Succeeded [  0.00s] seed  bronze.raw_order_items (table)
16:06:24.395330 [debug]: Finished rendering [  0.00s] seed bronze.raw_products [success]
16:06:24.395368 [info ]:  Succeeded [  0.00s] seed  bronze.raw_products (table)
16:06:24.411936 [debug]: Compiled SQL for node snapshot.shopflow_analytics.scd_customers at target\.lsp\compiled\shopflow_analytics\snapshots\scd_customers.sql\scd_customers.sql
16:06:24.417405 [debug]: Finished rendering [  0.02s] snapshot gold.scd_customers [success]
16:06:24.417505 [info ]: Started analyzing (9 nodes)
16:06:24.417540 [debug]: Started analyzing snapshot gold.scd_customers
16:06:24.419477 [debug]: Finished analyzing [  0.00s] snapshot gold.scd_customers [success]
16:06:24.419508 [info ]:  Succeeded [  0.03s] snapshot gold.scd_customers (snapshot)
16:06:24.420601 [debug]: Compiled SQL for node model.shopflow_analytics.int_order_items_with_product at target\.lsp\compiled\shopflow_analytics\models\intermediate\int_order_items_with_product.sql
16:06:24.420856 [debug]: Compiled SQL for node model.shopflow_analytics.stg_products at target\.lsp\compiled\shopflow_analytics\models\staging\stg_products.sql
16:06:24.423585 [debug]: Finished rendering [  0.03s] model silver.int_order_items_with_product [success]
16:06:24.423658 [debug]: Started analyzing model silver.int_order_items_with_product
16:06:24.423716 [debug]: Finished rendering [  0.03s] model silver.stg_products [success]
16:06:24.423740 [debug]: Started analyzing model silver.stg_products
16:06:24.433796 [debug]: Compiled SQL for node model.shopflow_analytics.int_orders_enriched at target\.lsp\compiled\shopflow_analytics\models\intermediate\int_orders_enriched.sql
16:06:24.435190 [debug]: Finished rendering [  0.04s] model silver.int_orders_enriched [success]
16:06:24.435234 [debug]: Started analyzing model silver.int_orders_enriched
16:06:24.494213 [debug]: Finished analyzing [  0.06s] model silver.int_orders_enriched [success]
16:06:24.494250 [info ]:  Succeeded [  0.10s] model silver.int_orders_enriched (view)
16:06:24.495268 [debug]: Finished analyzing [  0.07s] model silver.stg_products [success]
16:06:24.495296 [info ]:  Succeeded [  0.10s] model silver.stg_products (view)
16:06:24.495384 [debug]: Finished analyzing [  0.07s] model silver.int_order_items_with_product [success]
16:06:24.495405 [info ]:  Succeeded [  0.10s] model silver.int_order_items_with_product (view)
16:06:24.502682 [debug]: Compiled SQL for node model.shopflow_analytics.stg_orders at target\.lsp\compiled\shopflow_analytics\models\staging\stg_orders.sql
16:06:24.505654 [debug]: Finished rendering [  0.11s] model silver.stg_orders [success]
16:06:24.505700 [debug]: Started analyzing model silver.stg_orders
16:06:24.508211 [debug]: Finished analyzing [  0.00s] model silver.stg_orders [success]
16:06:24.508239 [info ]:  Succeeded [  0.11s] model silver.stg_orders (view)
16:06:24.509793 [debug]: Compiled SQL for node model.shopflow_analytics.stg_order_items at target\.lsp\compiled\shopflow_analytics\models\staging\stg_order_items.sql
16:06:24.533677 [debug]: Finished rendering [  0.14s] model silver.stg_order_items [success]
16:06:24.533742 [debug]: Started analyzing model silver.stg_order_items
16:06:24.536601 [debug]: Finished analyzing [  0.00s] model silver.stg_order_items [success]
16:06:24.536660 [info ]:  Succeeded [  0.14s] model silver.stg_order_items (view)
16:06:24.659027 [debug]: Compiled SQL for node model.shopflow_analytics.dim_products at target\.lsp\compiled\shopflow_analytics\models\marts\core\dim_products.sql
16:06:24.666743 [debug]: Finished rendering [  0.27s] model gold.dim_products [success]
16:06:24.666790 [debug]: Started analyzing model gold.dim_products
16:06:24.682853 [debug]: Compiled SQL for node model.shopflow_analytics.fct_order_items at target\.lsp\compiled\shopflow_analytics\models\marts\core\fct_order_items.sql
16:06:24.694142 [debug]: Finished analyzing [  0.03s] model gold.dim_products [success]
16:06:24.694168 [info ]:  Succeeded [  0.30s] model gold.dim_products (table)
16:06:24.716169 [debug]: Finished rendering [  0.32s] model gold.fct_order_items [success]
16:06:24.716226 [debug]: Started analyzing model gold.fct_order_items
16:06:24.717072 [debug]: Compiled SQL for node model.shopflow_analytics.fct_orders at target\.lsp\compiled\shopflow_analytics\models\marts\core\fct_orders.sql
16:06:24.718399 [debug]: Finished analyzing [  0.00s] model gold.fct_order_items [success]
16:06:24.718437 [info ]:  Succeeded [  0.33s] model gold.fct_order_items (incremental)
16:06:24.718866 [debug]: Finished rendering [  0.33s] model gold.fct_orders [success]
16:06:24.718893 [info ]: Finished rendering [  0.33s] (13 nodes, 0 skipped, 0 errors)
16:06:24.718932 [debug]: Started analyzing model gold.fct_orders
16:06:24.719727 [debug]: Finished analyzing [  0.00s] model gold.fct_orders [success]
16:06:24.719762 [info ]: Finished analyzing [  0.30s] (9 nodes, 0 skipped, 0 errors)
16:06:24.719797 [info ]:  Succeeded [  0.33s] model gold.fct_orders (incremental)
16:06:24.755833 [info ]: Started scheduling
16:06:24.755992 [info ]: Finished scheduling [  0.00s]
16:06:24.759436 [info ]: Cached model count updated: 8 models (accurate)
16:06:44.285578 [debug]: License check failed: Feature not licensed: 'lineage'
16:07:49.490885 [debug]: License check failed: Feature not licensed: 'lineage'
16:08:19.460282 [debug]: License check failed: Feature not licensed: 'lineage'
16:09:01.626531 [debug]: License check failed: Feature not licensed: 'lineage'
16:20:40.481128 [info ]: Started loading project
16:20:40.486741 [info ]: Loading profiles.yml
16:20:40.624440 [info ]: Started parsing
16:20:40.742862 [info ]: Finished loading project [  0.26s]
16:20:40.757293 [debug]: Finished parsing snapshots\scd_customers.sql [  0.00s]
16:20:40.763921 [info ]: Starting shopflow_analytics run
16:20:40.764119 [info ]: Finished shopflow_analytics run
16:20:40.768419 [info ]: Finished parsing [  0.14s]
16:20:40.776278 [info ]: Cached model count updated: 8 models (estimate)
16:20:40.776302 [info ]: Cached model count updated: 8 models (accurate)
16:20:40.776368 [info ]: Started scheduling
16:20:40.776490 [info ]: Finished scheduling [  0.00s]
16:20:40.776511 [debug]: Compilation - 0 nodes selected: {}
16:20:40.778104 [warn ]: [NoNodesForSelectionCriteria (dbt1092)]: The selection criterion '' does not match any enabled nodes
16:20:40.778854 [warn ]: [NoNodesSelected (dbt1601)]: Nothing to do. Try checking your model configs and model specification args
16:20:40.782292 [debug]: License check failed: Feature not licensed: 'lineage'
16:20:40.845697 [info ]: Started building task graph
16:20:40.845965 [info ]: Finished building task graph [  0.00s]
16:20:40.998021 [info ]: Started on-run-start hooks (1 nodes)
16:20:40.998262 [info ]: Starting shopflow_analytics run
16:20:42.170078 [info ]: Finished on-run-start hooks [  1.17s] (1 nodes, 0 skipped, 0 errors)
16:20:42.330355 [info ]: Started scheduling
16:20:42.346175 [info ]: Finished scheduling [  0.02s]
16:20:42.404336 [info ]: Cached model count updated: 8 models (accurate)
16:20:44.819194 [info ]: Started loading project
16:20:44.825905 [info ]: Loading profiles.yml
16:20:44.915356 [info ]: Cached model count updated: 8 models (estimate)
16:20:44.915376 [info ]: Cached model count updated: 8 models (accurate)
16:20:44.915432 [info ]: Started scheduling
16:20:44.915601 [info ]: Finished scheduling [  0.00s]
16:20:44.915618 [debug]: Compilation - 16 nodes selected: {"exposure.shopflow_analytics.ceo_dashboard", "exposure.shopflow_analytics.customer_history", "exposure.shopflow_analytics.product_analytics", "model.shopflow_analytics.dim_products", "model.shopflow_analytics.fct_order_items", "model.shopflow_analytics.fct_orders", "model.shopflow_analytics.int_order_items_with_product", "model.shopflow_analytics.int_orders_enriched", "model.shopflow_analytics.stg_order_items", "model.shopflow_analytics.stg_orders", "model.shopflow_analytics.stg_products", "seed.shopflow_analytics.raw_customers", "seed.shopflow_analytics.raw_order_items", "seed.shopflow_analytics.raw_orders", "seed.shopflow_analytics.raw_products", "snapshot.shopflow_analytics.scd_customers"}
16:20:44.917221 [debug]: License check failed: Feature not licensed: 'lineage'
16:20:44.917462 [debug]:    Started downloading relations (1 items)
16:20:44.918003 [info ]: Finished loading project [  0.10s]
16:20:45.412553 [debug]: Query executed on node unknown:

SELECT
    table_name,
    if(table_type IN ('EXTERNAL', 'MANAGED', 'MANAGED_SHALLOW_CLONE', 'EXTERNAL_SHALLOW_CLONE'), 'table', lower(table_type)) AS table_type,
    lower(data_source_format) AS file_format,
    table_schema,
    table_owner,
    table_catalog,
    if(
    table_type IN (
        'EXTERNAL',
        'MANAGED',
        'MANAGED_SHALLOW_CLONE',
        'EXTERNAL_SHALLOW_CLONE'
    ),
    lower(table_type),
    NULL
    ) AS databricks_table_type
FROM `system`.`information_schema`.`tables`
WHERE table_catalog = 'shopflow_analytics_cat'
    AND table_schema = 'gold'
16:20:45.413283 [debug]:   Finished [  0.50s] downloading relations (1 items)
16:20:45.545969 [info ]: Started building task graph
16:20:45.546106 [info ]: Finished building task graph [  0.00s]
16:20:45.784441 [info ]: Started on-run-start hooks (1 nodes)
16:20:45.784681 [info ]: Starting shopflow_analytics run
16:20:46.667896 [info ]: Finished on-run-start hooks [  0.88s] (1 nodes, 0 skipped, 0 errors)
16:20:46.668028 [info ]: Started rendering (13 nodes)
16:20:46.668067 [info ]: Started model gold.fct_order_items
16:20:46.668092 [debug]: Started rendering model gold.fct_order_items
16:20:46.668131 [info ]: Started model silver.int_order_items_with_product
16:20:46.668151 [debug]: Started rendering model silver.int_order_items_with_product
16:20:46.668180 [info ]: Started model gold.dim_products
16:20:46.668198 [debug]: Started rendering model gold.dim_products
16:20:46.668226 [info ]: Started model silver.stg_products
16:20:46.668245 [debug]: Started rendering model silver.stg_products
16:20:46.668284 [info ]: Started seed bronze.raw_products
16:20:46.668304 [debug]: Started rendering seed bronze.raw_products
16:20:46.668331 [info ]: Started model gold.fct_orders
16:20:46.668353 [debug]: Started rendering model gold.fct_orders
16:20:46.668378 [info ]: Started model silver.int_orders_enriched
16:20:46.668397 [debug]: Started rendering model silver.int_orders_enriched
16:20:46.668423 [info ]: Started snapshot gold.scd_customers
16:20:46.668440 [debug]: Started rendering snapshot gold.scd_customers
16:20:46.668467 [info ]: Started seed bronze.raw_customers
16:20:46.668494 [debug]: Started rendering seed bronze.raw_customers
16:20:46.668520 [info ]: Started model silver.stg_orders
16:20:46.668559 [debug]: Started rendering model silver.stg_orders
16:20:46.668593 [info ]: Started seed bronze.raw_orders
16:20:46.668610 [debug]: Started rendering seed bronze.raw_orders
16:20:46.668642 [info ]: Started model silver.stg_order_items
16:20:46.668663 [debug]: Started rendering model silver.stg_order_items
16:20:46.668694 [info ]: Started seed bronze.raw_order_items
16:20:46.668716 [debug]: Started rendering seed bronze.raw_order_items
16:20:46.668790 [debug]: Finished rendering [  0.00s] seed bronze.raw_products [success]
16:20:46.668818 [info ]:  Succeeded [-------] seed  bronze.raw_products (table)
16:20:46.675414 [debug]: Finished rendering [  0.01s] seed bronze.raw_customers [success]
16:20:46.675458 [info ]:  Succeeded [  0.01s] seed  bronze.raw_customers (table)
16:20:46.675542 [debug]: Finished rendering [  0.01s] seed bronze.raw_orders [success]
16:20:46.675569 [info ]:  Succeeded [  0.01s] seed  bronze.raw_orders (table)
16:20:46.675607 [debug]: Finished rendering [  0.01s] seed bronze.raw_order_items [success]
16:20:46.675661 [info ]:  Succeeded [  0.01s] seed  bronze.raw_order_items (table)
16:20:46.756834 [debug]: Compiled SQL for node model.shopflow_analytics.stg_products at target\.lsp\compiled\shopflow_analytics\models\staging\stg_products.sql
16:20:46.783034 [debug]: Compiled SQL for node model.shopflow_analytics.stg_orders at target\.lsp\compiled\shopflow_analytics\models\staging\stg_orders.sql
16:20:46.784406 [debug]: Finished rendering [  0.12s] model silver.stg_products [success]
16:20:46.784458 [info ]: Started analyzing (9 nodes)
16:20:46.784472 [debug]: Started analyzing model silver.stg_products
16:20:46.785306 [debug]: Finished rendering [  0.12s] model silver.stg_orders [success]
16:20:46.785371 [debug]: Started analyzing model silver.stg_orders
16:20:46.801045 [debug]: Compiled SQL for node model.shopflow_analytics.int_order_items_with_product at target\.lsp\compiled\shopflow_analytics\models\intermediate\int_order_items_with_product.sql
16:20:46.802373 [debug]: Compiled SQL for node model.shopflow_analytics.fct_order_items at target\.lsp\compiled\shopflow_analytics\models\marts\core\fct_order_items.sql
16:20:46.816534 [debug]: Finished rendering [  0.15s] model silver.int_order_items_with_product [success]
16:20:46.816575 [debug]: Started analyzing model silver.int_order_items_with_product
16:20:46.817877 [debug]: Compiled SQL for node snapshot.shopflow_analytics.scd_customers at target\.lsp\compiled\shopflow_analytics\snapshots\scd_customers.sql\scd_customers.sql
16:20:46.852307 [debug]: Compiled SQL for node model.shopflow_analytics.fct_orders at target\.lsp\compiled\shopflow_analytics\models\marts\core\fct_orders.sql
16:20:46.868583 [debug]: Finished analyzing [  0.05s] model silver.int_order_items_with_product [success]
16:20:46.868610 [info ]:  Succeeded [  0.20s] model silver.int_order_items_with_product (view)
16:20:46.880609 [debug]: Compiled SQL for node model.shopflow_analytics.int_orders_enriched at target\.lsp\compiled\shopflow_analytics\models\intermediate\int_orders_enriched.sql
16:20:46.880990 [debug]: Finished analyzing [  0.10s] model silver.stg_products [success]
16:20:46.881018 [info ]:  Succeeded [  0.21s] model silver.stg_products (view)
16:20:46.881194 [debug]: Finished rendering [  0.21s] snapshot gold.scd_customers [success]
16:20:46.900687 [debug]: Started analyzing snapshot gold.scd_customers
16:20:46.900749 [debug]: Finished rendering [  0.23s] model gold.fct_order_items [success]
16:20:46.900777 [debug]: Started analyzing model gold.fct_order_items
16:20:46.900802 [debug]: Finished rendering [  0.23s] model gold.fct_orders [success]
16:20:46.900817 [debug]: Started analyzing model gold.fct_orders
16:20:46.900836 [debug]: Finished rendering [  0.23s] model silver.int_orders_enriched [success]
16:20:46.900852 [debug]: Started analyzing model silver.int_orders_enriched
16:20:46.900872 [debug]: Finished analyzing [  0.12s] model silver.stg_orders [success]
16:20:46.900887 [info ]:  Succeeded [  0.23s] model silver.stg_orders (view)
16:20:46.901931 [debug]: Compiled SQL for node model.shopflow_analytics.stg_order_items at target\.lsp\compiled\shopflow_analytics\models\staging\stg_order_items.sql
16:20:46.902537 [debug]: Finished analyzing [  0.00s] snapshot gold.scd_customers [success]
16:20:46.902562 [info ]:  Succeeded [  0.21s] snapshot gold.scd_customers (snapshot)
16:20:46.907818 [debug]: Finished rendering [  0.24s] model silver.stg_order_items [success]
16:20:46.908008 [debug]: Started analyzing model silver.stg_order_items
16:20:46.908082 [debug]: Finished analyzing [  0.01s] model gold.fct_order_items [success]
16:20:46.908101 [info ]:  Succeeded [  0.24s] model gold.fct_order_items (incremental)
16:20:46.909628 [debug]: Finished analyzing [  0.01s] model gold.fct_orders [success]
16:20:46.909659 [info ]:  Succeeded [  0.24s] model gold.fct_orders (incremental)
16:20:46.911718 [debug]: Finished analyzing [  0.01s] model silver.int_orders_enriched [success]
16:20:46.911750 [info ]:  Succeeded [  0.24s] model silver.int_orders_enriched (view)
16:20:46.912132 [debug]: Finished analyzing [  0.00s] model silver.stg_order_items [success]
16:20:46.912147 [debug]: Compiled SQL for node model.shopflow_analytics.dim_products at target\.lsp\compiled\shopflow_analytics\models\marts\core\dim_products.sql
16:20:46.912163 [info ]:  Succeeded [  0.24s] model silver.stg_order_items (view)
16:20:46.912330 [debug]: Finished rendering [  0.24s] model gold.dim_products [success]
16:20:46.912352 [info ]: Finished rendering [  0.24s] (13 nodes, 0 skipped, 0 errors)
16:20:46.912371 [debug]: Started analyzing model gold.dim_products
16:20:46.912877 [debug]: Finished analyzing [  0.00s] model gold.dim_products [success]
16:20:46.912895 [info ]: Finished analyzing [  0.13s] (9 nodes, 0 skipped, 0 errors)
16:20:46.912910 [info ]:  Succeeded [  0.24s] model gold.dim_products (table)
16:20:46.929684 [info ]: Started scheduling
16:20:46.929849 [info ]: Finished scheduling [  0.00s]
16:20:46.931615 [info ]: Cached model count updated: 8 models (accurate)
16:20:54.345458 [info ]: Started loading project
16:20:54.349208 [info ]: Loading profiles.yml
16:20:54.376090 [info ]: Started parsing
16:20:54.525208 [info ]: Finished loading project [  0.18s]
16:20:54.539149 [debug]: Finished parsing snapshots\scd_customers.sql [  0.00s]
16:20:54.541923 [info ]: Starting shopflow_analytics run
16:20:54.542103 [info ]: Finished shopflow_analytics run
16:20:54.544400 [info ]: Finished parsing [  0.17s]
16:20:54.550304 [info ]: Cached model count updated: 8 models (estimate)
16:20:54.550321 [info ]: Cached model count updated: 8 models (accurate)
16:20:54.550369 [info ]: Started scheduling
16:20:54.550424 [info ]: Finished scheduling [  0.00s]
16:20:54.550438 [debug]: Compilation - 0 nodes selected: {}
16:20:54.550456 [warn ]: [NoNodesForSelectionCriteria (dbt1092)]: The selection criterion '' does not match any enabled nodes
16:20:54.550469 [warn ]: [NoNodesSelected (dbt1601)]: Nothing to do. Try checking your model configs and model specification args
16:20:54.552026 [debug]: License check failed: Feature not licensed: 'lineage'
16:20:54.696223 [info ]: Started building task graph
16:20:54.696266 [info ]: Finished building task graph [  0.00s]
16:20:54.961790 [info ]: Started on-run-start hooks (1 nodes)
16:20:54.962112 [info ]: Starting shopflow_analytics run
16:20:56.102125 [info ]: Finished on-run-start hooks [  1.14s] (1 nodes, 0 skipped, 0 errors)
16:20:56.111927 [info ]: Started scheduling
16:20:56.116407 [info ]: Finished scheduling [  0.00s]
16:20:56.127329 [info ]: Cached model count updated: 8 models (accurate)
16:20:57.955231 [info ]: Started loading project
16:20:57.958897 [info ]: Loading profiles.yml
16:20:58.148565 [info ]: Cached model count updated: 8 models (estimate)
16:20:58.148583 [info ]: Cached model count updated: 8 models (accurate)
16:20:58.148643 [info ]: Started scheduling
16:20:58.149010 [info ]: Finished scheduling [  0.00s]
16:20:58.149039 [debug]: Compilation - 16 nodes selected: {"exposure.shopflow_analytics.ceo_dashboard", "exposure.shopflow_analytics.customer_history", "exposure.shopflow_analytics.product_analytics", "model.shopflow_analytics.dim_products", "model.shopflow_analytics.fct_order_items", "model.shopflow_analytics.fct_orders", "model.shopflow_analytics.int_order_items_with_product", "model.shopflow_analytics.int_orders_enriched", "model.shopflow_analytics.stg_order_items", "model.shopflow_analytics.stg_orders", "model.shopflow_analytics.stg_products", "seed.shopflow_analytics.raw_customers", "seed.shopflow_analytics.raw_order_items", "seed.shopflow_analytics.raw_orders", "seed.shopflow_analytics.raw_products", "snapshot.shopflow_analytics.scd_customers"}
16:20:58.152887 [debug]: License check failed: Feature not licensed: 'lineage'
16:20:58.153322 [debug]:    Started downloading relations (1 items)
16:20:58.153407 [info ]: Finished loading project [  0.20s]
16:20:59.236157 [debug]: Query executed on node unknown:

SELECT
    table_name,
    if(table_type IN ('EXTERNAL', 'MANAGED', 'MANAGED_SHALLOW_CLONE', 'EXTERNAL_SHALLOW_CLONE'), 'table', lower(table_type)) AS table_type,
    lower(data_source_format) AS file_format,
    table_schema,
    table_owner,
    table_catalog,
    if(
    table_type IN (
        'EXTERNAL',
        'MANAGED',
        'MANAGED_SHALLOW_CLONE',
        'EXTERNAL_SHALLOW_CLONE'
    ),
    lower(table_type),
    NULL
    ) AS databricks_table_type
FROM `system`.`information_schema`.`tables`
WHERE table_catalog = 'shopflow_analytics_cat'
    AND table_schema = 'gold'
16:21:00.267716 [debug]:     Failed [  2.11s] downloading relations (error: Adapter operation was cancelled)
16:21:00.366453 [info ]: Cached model count updated: 8 models (accurate)
16:21:00.438997 [info ]: Started loading project
16:21:00.440606 [info ]: Loading profiles.yml
16:21:00.466905 [info ]: Started parsing
16:21:00.707168 [info ]: Finished loading project [  0.27s]
16:21:00.722265 [debug]: Finished parsing snapshots\scd_customers.sql [  0.00s]
16:21:00.726459 [info ]: Starting shopflow_analytics run
16:21:00.726739 [info ]: Finished shopflow_analytics run
16:21:00.729152 [info ]: Finished parsing [  0.26s]
16:21:00.733841 [info ]: Cached model count updated: 8 models (estimate)
16:21:00.733868 [info ]: Cached model count updated: 8 models (accurate)
16:21:00.733922 [info ]: Started scheduling
16:21:00.733998 [info ]: Finished scheduling [  0.00s]
16:21:00.734018 [debug]: Compilation - 0 nodes selected: {}
16:21:00.734047 [warn ]: [NoNodesForSelectionCriteria (dbt1092)]: The selection criterion '' does not match any enabled nodes
16:21:00.734066 [warn ]: [NoNodesSelected (dbt1601)]: Nothing to do. Try checking your model configs and model specification args
16:21:00.735978 [debug]: License check failed: Feature not licensed: 'lineage'
16:21:00.786962 [info ]: Started building task graph
16:21:00.786994 [info ]: Finished building task graph [  0.00s]
16:21:00.987575 [info ]: Started on-run-start hooks (1 nodes)
16:21:00.987808 [info ]: Starting shopflow_analytics run
16:21:02.295946 [info ]: Finished on-run-start hooks [  1.31s] (1 nodes, 0 skipped, 0 errors)
16:21:02.315652 [info ]: Cached model count updated: 8 models (accurate)
16:21:02.400997 [info ]: Started loading project
16:21:02.401801 [info ]: Loading profiles.yml
16:21:02.431662 [info ]: Started parsing
16:21:02.695771 [info ]: Finished loading project [  0.29s]
16:21:02.712989 [debug]: Finished parsing snapshots\scd_customers.sql [  0.00s]
16:21:02.717110 [info ]: Starting shopflow_analytics run
16:21:02.717314 [info ]: Finished shopflow_analytics run
16:21:02.720321 [info ]: Finished parsing [  0.29s]
16:21:02.728032 [info ]: Cached model count updated: 8 models (estimate)
16:21:02.728062 [info ]: Cached model count updated: 8 models (accurate)
16:21:02.728150 [info ]: Started scheduling
16:21:02.728254 [info ]: Finished scheduling [  0.00s]
16:21:02.728269 [debug]: Compilation - 0 nodes selected: {}
16:21:02.728289 [warn ]: [NoNodesForSelectionCriteria (dbt1092)]: The selection criterion '' does not match any enabled nodes
16:21:02.728306 [warn ]: [NoNodesSelected (dbt1601)]: Nothing to do. Try checking your model configs and model specification args
16:21:02.731312 [debug]: License check failed: Feature not licensed: 'lineage'
16:21:02.814093 [info ]: Started building task graph
16:21:02.814122 [info ]: Finished building task graph [  0.00s]
16:21:03.384189 [info ]: Started on-run-start hooks (1 nodes)
16:21:03.384616 [info ]: Starting shopflow_analytics run
16:21:04.352856 [info ]: Finished on-run-start hooks [  0.97s] (1 nodes, 0 skipped, 0 errors)
16:21:04.400538 [info ]: Started scheduling
16:21:04.400875 [info ]: Finished scheduling [  0.00s]
16:21:04.414656 [info ]: Cached model count updated: 8 models (accurate)
16:21:05.497358 [info ]: Started loading project
16:21:05.498298 [info ]: Loading profiles.yml
16:21:05.531477 [info ]: Started parsing
16:21:05.761270 [info ]: Finished loading project [  0.26s]
16:21:05.831996 [debug]: Finished parsing snapshots\scd_customers.sql [  0.03s]
16:21:05.843822 [info ]: Starting shopflow_analytics run
16:21:05.844080 [info ]: Finished shopflow_analytics run
16:21:05.848188 [info ]: Finished parsing [  0.32s]
16:21:05.859008 [info ]: Cached model count updated: 8 models (estimate)
16:21:05.859045 [info ]: Cached model count updated: 8 models (accurate)
16:21:05.859145 [info ]: Started scheduling
16:21:05.859256 [info ]: Finished scheduling [  0.00s]
16:21:05.859273 [debug]: Compilation - 0 nodes selected: {}
16:21:05.859302 [warn ]: [NoNodesForSelectionCriteria (dbt1092)]: The selection criterion '' does not match any enabled nodes
16:21:05.859315 [warn ]: [NoNodesSelected (dbt1601)]: Nothing to do. Try checking your model configs and model specification args
16:21:05.861794 [debug]: License check failed: Feature not licensed: 'lineage'
16:21:05.994134 [info ]: Started building task graph
16:21:05.994182 [info ]: Finished building task graph [  0.00s]
16:21:06.398954 [info ]: Started on-run-start hooks (1 nodes)
16:21:06.399223 [info ]: Starting shopflow_analytics run
16:21:07.381114 [info ]: Finished on-run-start hooks [  0.98s] (1 nodes, 0 skipped, 0 errors)
16:21:07.417274 [info ]: Started scheduling
16:21:07.417804 [info ]: Finished scheduling [  0.00s]
16:21:07.432859 [info ]: Cached model count updated: 8 models (accurate)
16:21:08.864959 [info ]: Started loading project
16:21:08.867048 [info ]: Loading profiles.yml
16:21:08.917610 [info ]: Started parsing
16:21:09.264474 [info ]: Finished loading project [  0.40s]
16:21:09.283854 [debug]: Finished parsing snapshots\scd_customers.sql [  0.00s]
16:21:09.289783 [info ]: Starting shopflow_analytics run
16:21:09.290135 [info ]: Finished shopflow_analytics run
16:21:09.294736 [info ]: Finished parsing [  0.38s]
16:21:09.299462 [info ]: Cached model count updated: 8 models (estimate)
16:21:09.299483 [info ]: Cached model count updated: 8 models (accurate)
16:21:09.299541 [info ]: Started scheduling
16:21:09.299612 [info ]: Finished scheduling [  0.00s]
16:21:09.299628 [debug]: Compilation - 0 nodes selected: {}
16:21:09.299650 [warn ]: [NoNodesForSelectionCriteria (dbt1092)]: The selection criterion '' does not match any enabled nodes
16:21:09.299671 [warn ]: [NoNodesSelected (dbt1601)]: Nothing to do. Try checking your model configs and model specification args
16:21:09.301481 [debug]: License check failed: Feature not licensed: 'lineage'
16:21:09.374895 [info ]: Started building task graph
16:21:09.374946 [info ]: Finished building task graph [  0.00s]
16:21:09.594880 [info ]: Started on-run-start hooks (1 nodes)
16:21:09.595182 [info ]: Starting shopflow_analytics run
16:21:10.760618 [info ]: Finished on-run-start hooks [  1.17s] (1 nodes, 0 skipped, 0 errors)
16:21:10.781271 [info ]: Cached model count updated: 8 models (accurate)
16:21:10.781665 [info ]: Waiting for lease on 'target' directory
16:21:10.974401 [info ]: Started loading project
16:21:10.975218 [info ]: Loading profiles.yml
16:21:11.002200 [info ]: Started parsing
16:21:11.289178 [info ]: Finished loading project [  0.31s]
16:21:11.302425 [debug]: Finished parsing snapshots\scd_customers.sql [  0.00s]
16:21:11.308535 [info ]: Starting shopflow_analytics run
16:21:11.309011 [info ]: Finished shopflow_analytics run
16:21:11.313227 [info ]: Finished parsing [  0.31s]
16:21:11.319950 [info ]: Cached model count updated: 8 models (estimate)
16:21:11.319969 [info ]: Cached model count updated: 8 models (accurate)
16:21:11.320014 [info ]: Started scheduling
16:21:11.320081 [info ]: Finished scheduling [  0.00s]
16:21:11.320096 [debug]: Compilation - 0 nodes selected: {}
16:21:11.320129 [warn ]: [NoNodesForSelectionCriteria (dbt1092)]: The selection criterion '' does not match any enabled nodes
16:21:11.320142 [warn ]: [NoNodesSelected (dbt1601)]: Nothing to do. Try checking your model configs and model specification args
16:21:11.321920 [debug]: License check failed: Feature not licensed: 'lineage'
16:21:11.381251 [info ]: Started building task graph
16:21:11.381290 [info ]: Finished building task graph [  0.00s]
16:21:11.551038 [info ]: Started on-run-start hooks (1 nodes)
16:21:11.551318 [info ]: Starting shopflow_analytics run
16:21:12.928830 [info ]: Finished on-run-start hooks [  1.38s] (1 nodes, 0 skipped, 0 errors)
16:21:12.973854 [info ]: Started scheduling
16:21:12.975136 [info ]: Finished scheduling [  0.00s]
16:21:13.029357 [info ]: Cached model count updated: 8 models (accurate)
16:21:15.283766 [info ]: Started loading project
16:21:15.284871 [info ]: Loading profiles.yml
16:21:15.384336 [info ]: Cached model count updated: 8 models (estimate)
16:21:15.384355 [info ]: Cached model count updated: 8 models (accurate)
16:21:15.384407 [info ]: Started scheduling
16:21:15.384590 [info ]: Finished scheduling [  0.00s]
16:21:15.384607 [debug]: Compilation - 16 nodes selected: {"exposure.shopflow_analytics.ceo_dashboard", "exposure.shopflow_analytics.customer_history", "exposure.shopflow_analytics.product_analytics", "model.shopflow_analytics.dim_products", "model.shopflow_analytics.fct_order_items", "model.shopflow_analytics.fct_orders", "model.shopflow_analytics.int_order_items_with_product", "model.shopflow_analytics.int_orders_enriched", "model.shopflow_analytics.stg_order_items", "model.shopflow_analytics.stg_orders", "model.shopflow_analytics.stg_products", "seed.shopflow_analytics.raw_customers", "seed.shopflow_analytics.raw_order_items", "seed.shopflow_analytics.raw_orders", "seed.shopflow_analytics.raw_products", "snapshot.shopflow_analytics.scd_customers"}
16:21:15.386066 [debug]: License check failed: Feature not licensed: 'lineage'
16:21:15.386309 [debug]:    Started downloading relations (1 items)
16:21:15.386359 [info ]: Finished loading project [  0.10s]
16:21:17.136146 [debug]: Query executed on node unknown:

SELECT
    table_name,
    if(table_type IN ('EXTERNAL', 'MANAGED', 'MANAGED_SHALLOW_CLONE', 'EXTERNAL_SHALLOW_CLONE'), 'table', lower(table_type)) AS table_type,
    lower(data_source_format) AS file_format,
    table_schema,
    table_owner,
    table_catalog,
    if(
    table_type IN (
        'EXTERNAL',
        'MANAGED',
        'MANAGED_SHALLOW_CLONE',
        'EXTERNAL_SHALLOW_CLONE'
    ),
    lower(table_type),
    NULL
    ) AS databricks_table_type
FROM `system`.`information_schema`.`tables`
WHERE table_catalog = 'shopflow_analytics_cat'
    AND table_schema = 'gold'
16:21:17.454988 [debug]:   Finished [  2.07s] downloading relations (1 items)
16:21:17.515110 [info ]: Started building task graph
16:21:17.515267 [info ]: Finished building task graph [  0.00s]
16:21:17.685135 [info ]: Started on-run-start hooks (1 nodes)
16:21:17.685392 [info ]: Starting shopflow_analytics run
16:21:17.687338 [info ]: Finished on-run-start hooks [  0.00s] (1 nodes, 0 skipped, 0 errors)
16:21:17.687399 [info ]: Started rendering (13 nodes)
16:21:17.687443 [info ]: Started model gold.fct_order_items
16:21:17.687470 [debug]: Started rendering model gold.fct_order_items
16:21:17.687527 [info ]: Started model silver.int_order_items_with_product
16:21:17.687550 [debug]: Started rendering model silver.int_order_items_with_product
16:21:17.687576 [info ]: Started model gold.dim_products
16:21:17.687596 [debug]: Started rendering model gold.dim_products
16:21:17.687622 [info ]: Started model silver.stg_products
16:21:17.687642 [debug]: Started rendering model silver.stg_products
16:21:17.687669 [info ]: Started seed bronze.raw_products
16:21:17.687686 [debug]: Started rendering seed bronze.raw_products
16:21:17.687710 [info ]: Started model gold.fct_orders
16:21:17.687746 [debug]: Started rendering model gold.fct_orders
16:21:17.687772 [info ]: Started model silver.int_orders_enriched
16:21:17.687792 [debug]: Started rendering model silver.int_orders_enriched
16:21:17.687823 [info ]: Started snapshot gold.scd_customers
16:21:17.687839 [debug]: Started rendering snapshot gold.scd_customers
16:21:17.687860 [info ]: Started seed bronze.raw_customers
16:21:17.687871 [debug]: Started rendering seed bronze.raw_customers
16:21:17.687892 [info ]: Started model silver.stg_orders
16:21:17.687903 [debug]: Started rendering model silver.stg_orders
16:21:17.687926 [info ]: Started seed bronze.raw_orders
16:21:17.687939 [debug]: Started rendering seed bronze.raw_orders
16:21:17.687960 [info ]: Started model silver.stg_order_items
16:21:17.687972 [debug]: Started rendering model silver.stg_order_items
16:21:17.687989 [info ]: Started seed bronze.raw_order_items
16:21:17.687999 [debug]: Started rendering seed bronze.raw_order_items
16:21:17.688007 [debug]: Compiled SQL for node model.shopflow_analytics.fct_order_items at target\.lsp\compiled\shopflow_analytics\models\marts\core\fct_order_items.sql
16:21:17.688226 [debug]: Finished rendering [  0.00s] model gold.fct_order_items [success]
16:21:17.688473 [info ]: Started analyzing (9 nodes)
16:21:17.688488 [debug]: Started analyzing model gold.fct_order_items
16:21:17.688618 [debug]: Finished rendering [  0.00s] seed bronze.raw_products [success]
16:21:17.688641 [info ]:  Succeeded [-------] seed  bronze.raw_products (table)
16:21:17.688763 [debug]: Compiled SQL for node model.shopflow_analytics.int_order_items_with_product at target\.lsp\compiled\shopflow_analytics\models\intermediate\int_order_items_with_product.sql
16:21:17.689635 [debug]: Finished rendering [  0.00s] model silver.int_order_items_with_product [success]
16:21:17.689686 [debug]: Started analyzing model silver.int_order_items_with_product
16:21:17.690210 [debug]: Compiled SQL for node model.shopflow_analytics.dim_products at target\.lsp\compiled\shopflow_analytics\models\marts\core\dim_products.sql
16:21:17.690496 [debug]: Compiled SQL for node model.shopflow_analytics.stg_products at target\.lsp\compiled\shopflow_analytics\models\staging\stg_products.sql
16:21:17.691657 [debug]: Compiled SQL for node model.shopflow_analytics.fct_orders at target\.lsp\compiled\shopflow_analytics\models\marts\core\fct_orders.sql
16:21:17.691728 [debug]: Finished analyzing [  0.00s] model silver.int_order_items_with_product [success]
16:21:17.691757 [info ]:  Succeeded [  0.00s] model silver.int_order_items_with_product (view)
16:21:17.691825 [debug]: Finished rendering [  0.00s] model gold.dim_products [success]
16:21:17.691854 [debug]: Started analyzing model gold.dim_products
16:21:17.691891 [debug]: Started analyzing model silver.stg_products
16:21:17.691997 [debug]: Finished rendering [  0.00s] model silver.stg_products [success]
16:21:17.692068 [debug]: Finished rendering [  0.00s] model gold.fct_orders [success]
16:21:17.692092 [debug]: Started analyzing model gold.fct_orders
16:21:17.692417 [debug]: Compiled SQL for node model.shopflow_analytics.int_orders_enriched at target\.lsp\compiled\shopflow_analytics\models\intermediate\int_orders_enriched.sql
16:21:17.692570 [debug]: Finished rendering [  0.00s] model silver.int_orders_enriched [success]
16:21:17.692597 [debug]: Started analyzing model silver.int_orders_enriched
16:21:17.692621 [debug]: Finished rendering [  0.00s] seed bronze.raw_customers [success]
16:21:17.692633 [info ]:  Succeeded [  0.00s] seed  bronze.raw_customers (table)
16:21:17.692741 [debug]: Finished analyzing [  0.00s] model gold.dim_products [success]
16:21:17.692782 [info ]:  Succeeded [  0.00s] model gold.dim_products (table)
16:21:17.693435 [debug]: Compiled SQL for node snapshot.shopflow_analytics.scd_customers at target\.lsp\compiled\shopflow_analytics\snapshots\scd_customers.sql\scd_customers.sql
16:21:17.693587 [debug]: Finished rendering [  0.01s] seed bronze.raw_orders [success]
16:21:17.693612 [info ]:  Succeeded [  0.01s] seed  bronze.raw_orders (table)
16:21:17.693655 [debug]: Finished rendering [  0.01s] snapshot gold.scd_customers [success]
16:21:17.693695 [debug]: Started analyzing snapshot gold.scd_customers
16:21:17.693752 [debug]: Finished analyzing [  0.00s] model silver.stg_products [success]
16:21:17.693770 [info ]:  Succeeded [  0.01s] model silver.stg_products (view)
16:21:17.694008 [debug]: Finished analyzing [  0.00s] model gold.fct_orders [success]
16:21:17.694023 [info ]:  Succeeded [  0.01s] model gold.fct_orders (incremental)
16:21:17.694895 [debug]: Finished analyzing [  0.01s] model gold.fct_order_items [success]
16:21:17.695009 [info ]:  Succeeded [  0.01s] model gold.fct_order_items (incremental)
16:21:17.695139 [debug]: Compiled SQL for node model.shopflow_analytics.stg_orders at target\.lsp\compiled\shopflow_analytics\models\staging\stg_orders.sql
16:21:17.695201 [debug]: Finished rendering [  0.01s] seed bronze.raw_order_items [success]
16:21:17.695221 [info ]:  Succeeded [  0.01s] seed  bronze.raw_order_items (table)
16:21:17.696265 [debug]: Finished rendering [  0.01s] model silver.stg_orders [success]
16:21:17.696315 [debug]: Started analyzing model silver.stg_orders
16:21:17.697128 [debug]: Finished analyzing [  0.00s] model silver.stg_orders [success]
16:21:17.697150 [info ]:  Succeeded [  0.01s] model silver.stg_orders (view)
16:21:17.698255 [debug]: Finished analyzing [  0.00s] snapshot gold.scd_customers [success]
16:21:17.698272 [info ]:  Succeeded [  0.01s] snapshot gold.scd_customers (snapshot)
16:21:17.698442 [debug]: Finished analyzing [  0.01s] model silver.int_orders_enriched [success]
16:21:17.698472 [info ]:  Succeeded [  0.01s] model silver.int_orders_enriched (view)
16:21:17.698982 [debug]: Compiled SQL for node model.shopflow_analytics.stg_order_items at target\.lsp\compiled\shopflow_analytics\models\staging\stg_order_items.sql
16:21:17.699229 [debug]: Finished rendering [  0.01s] model silver.stg_order_items [success]
16:21:17.699263 [info ]: Finished rendering [  0.01s] (13 nodes, 0 skipped, 0 errors)
16:21:17.699291 [debug]: Started analyzing model silver.stg_order_items
16:21:17.699635 [debug]: Finished analyzing [  0.00s] model silver.stg_order_items [success]
16:21:17.699655 [info ]: Finished analyzing [  0.01s] (9 nodes, 0 skipped, 0 errors)
16:21:17.699665 [info ]:  Succeeded [  0.01s] model silver.stg_order_items (view)
16:21:17.709490 [info ]: Started scheduling
16:21:17.709573 [info ]: Finished scheduling [  0.00s]
16:21:17.713065 [info ]: Cached model count updated: 8 models (accurate)
16:26:49.207032 [info ]: Started loading project
16:26:49.207983 [info ]: Loading profiles.yml
16:26:49.237529 [info ]: Started parsing
16:26:50.183876 [info ]: Finished loading project [  0.98s]
16:26:50.307806 [debug]: Finished parsing snapshots\scd_customers.sql [  0.09s]
16:26:50.395245 [info ]: Starting shopflow_analytics run
16:26:50.395794 [info ]: Finished shopflow_analytics run
16:26:50.426351 [info ]: Finished parsing [  1.19s]
16:26:50.506080 [info ]: Cached model count updated: 8 models (estimate)
16:26:50.506100 [info ]: Cached model count updated: 8 models (accurate)
16:26:50.506161 [info ]: Started scheduling
16:26:50.506290 [info ]: Finished scheduling [  0.00s]
16:26:50.506308 [debug]: Compilation - 0 nodes selected: {}
16:26:50.506347 [warn ]: [NoNodesForSelectionCriteria (dbt1092)]: The selection criterion '' does not match any enabled nodes
16:26:50.506370 [warn ]: [NoNodesSelected (dbt1601)]: Nothing to do. Try checking your model configs and model specification args
16:26:50.509372 [debug]: License check failed: Feature not licensed: 'lineage'
16:26:51.312557 [info ]: Started building task graph
16:26:51.312598 [info ]: Finished building task graph [  0.00s]
16:26:53.179848 [info ]: Started on-run-start hooks (1 nodes)
16:26:53.180157 [info ]: Starting shopflow_analytics run
16:26:54.243951 [info ]: Finished on-run-start hooks [  1.06s] (1 nodes, 0 skipped, 0 errors)
16:26:54.283675 [info ]: Started scheduling
16:26:54.288877 [info ]: Finished scheduling [  0.01s]
16:26:54.310571 [info ]: Cached model count updated: 8 models (accurate)
16:26:56.398488 [info ]: Started loading project
16:26:56.404567 [info ]: Loading profiles.yml
16:26:56.560141 [info ]: Cached model count updated: 8 models (estimate)
16:26:56.560158 [info ]: Cached model count updated: 8 models (accurate)
16:26:56.560216 [info ]: Started scheduling
16:26:56.560398 [info ]: Finished scheduling [  0.00s]
16:26:56.560416 [debug]: Compilation - 16 nodes selected: {"exposure.shopflow_analytics.ceo_dashboard", "exposure.shopflow_analytics.customer_history", "exposure.shopflow_analytics.product_analytics", "model.shopflow_analytics.dim_products", "model.shopflow_analytics.fct_order_items", "model.shopflow_analytics.fct_orders", "model.shopflow_analytics.int_order_items_with_product", "model.shopflow_analytics.int_orders_enriched", "model.shopflow_analytics.stg_order_items", "model.shopflow_analytics.stg_orders", "model.shopflow_analytics.stg_products", "seed.shopflow_analytics.raw_customers", "seed.shopflow_analytics.raw_order_items", "seed.shopflow_analytics.raw_orders", "seed.shopflow_analytics.raw_products", "snapshot.shopflow_analytics.scd_customers"}
16:26:56.561946 [debug]: License check failed: Feature not licensed: 'lineage'
16:26:56.562165 [debug]:    Started downloading relations (1 items)
16:26:56.562214 [info ]: Finished loading project [  0.16s]
16:26:57.064083 [debug]: Query executed on node unknown:

SELECT
    table_name,
    if(table_type IN ('EXTERNAL', 'MANAGED', 'MANAGED_SHALLOW_CLONE', 'EXTERNAL_SHALLOW_CLONE'), 'table', lower(table_type)) AS table_type,
    lower(data_source_format) AS file_format,
    table_schema,
    table_owner,
    table_catalog,
    if(
    table_type IN (
        'EXTERNAL',
        'MANAGED',
        'MANAGED_SHALLOW_CLONE',
        'EXTERNAL_SHALLOW_CLONE'
    ),
    lower(table_type),
    NULL
    ) AS databricks_table_type
FROM `system`.`information_schema`.`tables`
WHERE table_catalog = 'shopflow_analytics_cat'
    AND table_schema = 'gold'
16:26:57.176187 [debug]:   Finished [  0.61s] downloading relations (1 items)
16:26:57.563962 [info ]: Started building task graph
16:26:57.564182 [info ]: Finished building task graph [  0.00s]
16:26:58.928036 [info ]: Started on-run-start hooks (1 nodes)
16:26:58.928327 [info ]: Starting shopflow_analytics run
16:27:00.872206 [info ]: Finished on-run-start hooks [  1.94s] (1 nodes, 0 skipped, 0 errors)
16:27:00.872281 [info ]: Started rendering (13 nodes)
16:27:00.872326 [info ]: Started model gold.fct_order_items
16:27:00.872351 [debug]: Started rendering model gold.fct_order_items
16:27:00.872405 [info ]: Started model silver.int_order_items_with_product
16:27:00.872431 [debug]: Started rendering model silver.int_order_items_with_product
16:27:00.872460 [info ]: Started model gold.dim_products
16:27:00.872479 [debug]: Started rendering model gold.dim_products
16:27:00.872508 [info ]: Started model silver.stg_products
16:27:00.872530 [debug]: Started rendering model silver.stg_products
16:27:00.872565 [info ]: Started seed bronze.raw_products
16:27:00.872586 [debug]: Started rendering seed bronze.raw_products
16:27:00.872614 [info ]: Started model gold.fct_orders
16:27:00.872638 [debug]: Started rendering model gold.fct_orders
16:27:00.872666 [info ]: Started model silver.int_orders_enriched
16:27:00.872687 [debug]: Started rendering model silver.int_orders_enriched
16:27:00.872721 [info ]: Started snapshot gold.scd_customers
16:27:00.872741 [debug]: Started rendering snapshot gold.scd_customers
16:27:00.872775 [info ]: Started seed bronze.raw_customers
16:27:00.872803 [debug]: Started rendering seed bronze.raw_customers
16:27:00.872844 [info ]: Started model silver.stg_orders
16:27:00.872877 [debug]: Started rendering model silver.stg_orders
16:27:00.872911 [info ]: Started seed bronze.raw_orders
16:27:00.872931 [debug]: Started rendering seed bronze.raw_orders
16:27:00.872968 [info ]: Started model silver.stg_order_items
16:27:00.872991 [debug]: Started rendering model silver.stg_order_items
16:27:00.873028 [info ]: Started seed bronze.raw_order_items
16:27:00.873059 [debug]: Started rendering seed bronze.raw_order_items
16:27:00.874471 [debug]: Finished rendering [  0.00s] seed bronze.raw_customers [success]
16:27:00.874505 [info ]:  Succeeded [  0.00s] seed  bronze.raw_customers (table)
16:27:00.874563 [debug]: Finished rendering [  0.00s] seed bronze.raw_orders [success]
16:27:00.874578 [info ]:  Succeeded [  0.00s] seed  bronze.raw_orders (table)
16:27:00.877434 [debug]: Finished rendering [  0.00s] seed bronze.raw_order_items [success]
16:27:00.877466 [info ]:  Succeeded [  0.00s] seed  bronze.raw_order_items (table)
16:27:00.877548 [debug]: Finished rendering [  0.00s] seed bronze.raw_products [success]
16:27:00.877573 [info ]:  Succeeded [  0.00s] seed  bronze.raw_products (table)
16:27:00.908174 [debug]: Compiled SQL for node model.shopflow_analytics.fct_order_items at target\.lsp\compiled\shopflow_analytics\models\marts\core\fct_order_items.sql
16:27:00.910501 [debug]: Compiled SQL for node snapshot.shopflow_analytics.scd_customers at target\.lsp\compiled\shopflow_analytics\snapshots\scd_customers.sql\scd_customers.sql
16:27:00.910807 [debug]: Finished rendering [  0.04s] model gold.fct_order_items [success]
16:27:00.910857 [info ]: Started analyzing (9 nodes)
16:27:00.910874 [debug]: Started analyzing model gold.fct_order_items
16:27:00.910910 [debug]: Finished rendering [  0.04s] snapshot gold.scd_customers [success]
16:27:00.910955 [debug]: Started analyzing snapshot gold.scd_customers
16:27:00.911724 [debug]: Finished analyzing [  0.00s] model gold.fct_order_items [success]
16:27:00.911762 [info ]:  Succeeded [  0.04s] model gold.fct_order_items (incremental)
16:27:00.917828 [debug]: Compiled SQL for node model.shopflow_analytics.stg_orders at target\.lsp\compiled\shopflow_analytics\models\staging\stg_orders.sql
16:27:00.921092 [debug]: Finished analyzing [  0.01s] snapshot gold.scd_customers [success]
16:27:00.921122 [info ]:  Succeeded [  0.05s] snapshot gold.scd_customers (snapshot)
16:27:00.921303 [debug]: Finished rendering [  0.05s] model silver.stg_orders [success]
16:27:00.921336 [debug]: Started analyzing model silver.stg_orders
16:27:00.921663 [debug]: Compiled SQL for node model.shopflow_analytics.int_order_items_with_product at target\.lsp\compiled\shopflow_analytics\models\intermediate\int_order_items_with_product.sql
16:27:00.922168 [debug]: Finished analyzing [  0.00s] model silver.stg_orders [success]
16:27:00.922190 [info ]:  Succeeded [  0.05s] model silver.stg_orders (view)
16:27:00.922231 [debug]: Finished rendering [  0.05s] model silver.int_order_items_with_product [success]
16:27:00.922254 [debug]: Started analyzing model silver.int_order_items_with_product
16:27:00.923909 [debug]: Finished analyzing [  0.00s] model silver.int_order_items_with_product [success]
16:27:00.923953 [info ]:  Succeeded [  0.05s] model silver.int_order_items_with_product (view)
16:27:00.924018 [debug]: Compiled SQL for node model.shopflow_analytics.stg_order_items at target\.lsp\compiled\shopflow_analytics\models\staging\stg_order_items.sql
16:27:00.924442 [debug]: Finished rendering [  0.05s] model silver.stg_order_items [success]
16:27:00.924473 [debug]: Started analyzing model silver.stg_order_items
16:27:00.924959 [debug]: Finished analyzing [  0.00s] model silver.stg_order_items [success]
16:27:00.924985 [info ]:  Succeeded [  0.05s] model silver.stg_order_items (view)
16:27:00.927599 [debug]: Compiled SQL for node model.shopflow_analytics.fct_orders at target\.lsp\compiled\shopflow_analytics\models\marts\core\fct_orders.sql
16:27:00.928326 [debug]: Finished rendering [  0.06s] model gold.fct_orders [success]
16:27:00.928362 [debug]: Started analyzing model gold.fct_orders
16:27:00.933360 [debug]: Finished analyzing [  0.00s] model gold.fct_orders [success]
16:27:00.933395 [info ]:  Succeeded [  0.06s] model gold.fct_orders (incremental)
16:27:00.933760 [debug]: Compiled SQL for node model.shopflow_analytics.stg_products at target\.lsp\compiled\shopflow_analytics\models\staging\stg_products.sql
16:27:00.934200 [debug]: Finished rendering [  0.06s] model silver.stg_products [success]
16:27:00.934245 [debug]: Started analyzing model silver.stg_products
16:27:00.935389 [debug]: Compiled SQL for node model.shopflow_analytics.int_orders_enriched at target\.lsp\compiled\shopflow_analytics\models\intermediate\int_orders_enriched.sql
16:27:00.935566 [debug]: Finished rendering [  0.06s] model silver.int_orders_enriched [success]
16:27:00.935603 [debug]: Started analyzing model silver.int_orders_enriched
16:27:00.936032 [debug]: Finished analyzing [  0.00s] model silver.stg_products [success]
16:27:00.936061 [info ]:  Succeeded [  0.06s] model silver.stg_products (view)
16:27:00.936390 [debug]: Compiled SQL for node model.shopflow_analytics.dim_products at target\.lsp\compiled\shopflow_analytics\models\marts\core\dim_products.sql
16:27:00.937283 [debug]: Finished analyzing [  0.00s] model silver.int_orders_enriched [success]
16:27:00.937311 [info ]:  Succeeded [  0.06s] model silver.int_orders_enriched (view)
16:27:00.937356 [debug]: Finished rendering [  0.06s] model gold.dim_products [success]
16:27:00.937369 [info ]: Finished rendering [  0.07s] (13 nodes, 0 skipped, 0 errors)
16:27:00.937388 [debug]: Started analyzing model gold.dim_products
16:27:00.937799 [debug]: Finished analyzing [  0.00s] model gold.dim_products [success]
16:27:00.937819 [info ]: Finished analyzing [  0.03s] (9 nodes, 0 skipped, 0 errors)
16:27:00.937831 [info ]:  Succeeded [  0.06s] model gold.dim_products (table)
16:27:00.954300 [info ]: Started scheduling
16:27:00.954393 [info ]: Finished scheduling [  0.00s]
16:27:00.957243 [info ]: Cached model count updated: 8 models (accurate)
16:48:32.859474 [debug]: License check failed: Feature not licensed: 'lineage'
16:49:48.452920 [debug]: License check failed: Feature not licensed: 'lineage'
16:49:50.530638 [debug]: License check failed: Feature not licensed: 'lineage'
16:49:51.278607 [debug]: License check failed: Feature not licensed: 'lineage'
16:53:56.898076 [info ]: Started loading project
16:53:56.902701 [info ]: Loading profiles.yml
16:53:56.988360 [info ]: Started parsing
16:53:57.452453 [info ]: Finished loading project [  0.55s]
16:53:57.460683 [debug]: Finished parsing models/staging/_staging_models.yml [  0.00s]
16:53:57.464318 [debug]: Finished parsing snapshots\scd_customers.sql [  0.00s]
16:53:57.471541 [debug]: Finished parsing models/staging/stg_order_items.sql [  0.00s]
16:53:57.472305 [debug]: Finished parsing models/staging/stg_orders.sql [  0.00s]
16:53:57.473122 [debug]: Finished parsing models/staging/stg_products.sql [  0.00s]
16:53:57.477439 [info ]: Starting shopflow_analytics run
16:53:57.477616 [info ]: Finished shopflow_analytics run
16:53:57.479846 [info ]: Finished parsing [  0.49s]
16:53:57.486092 [info ]: Cached model count updated: 8 models (estimate)
16:53:57.486121 [info ]: Cached model count updated: 8 models (accurate)
16:53:57.486177 [info ]: Started scheduling
16:53:57.486470 [info ]: Finished scheduling [  0.00s]
16:53:57.486490 [debug]: Compilation - 6 nodes selected: {"model.shopflow_analytics.stg_order_items", "model.shopflow_analytics.stg_orders", "model.shopflow_analytics.stg_products", "seed.shopflow_analytics.raw_order_items", "seed.shopflow_analytics.raw_orders", "seed.shopflow_analytics.raw_products"}
16:53:57.488485 [debug]: License check failed: Feature not licensed: 'lineage'
16:53:57.544881 [info ]: Started building task graph
16:53:57.544959 [info ]: Finished building task graph [  0.00s]
16:53:57.743484 [info ]: Started on-run-start hooks (1 nodes)
16:53:57.743788 [info ]: Starting shopflow_analytics run
16:53:59.209594 [info ]: Finished on-run-start hooks [  1.47s] (1 nodes, 0 skipped, 0 errors)
16:53:59.209691 [info ]: Started rendering (6 nodes)
16:53:59.209730 [info ]: Started model silver.stg_products
16:53:59.209763 [debug]: Started rendering model silver.stg_products
16:53:59.209795 [info ]: Started seed bronze.raw_products
16:53:59.209806 [debug]: Started rendering seed bronze.raw_products
16:53:59.209821 [info ]: Started model silver.stg_orders
16:53:59.209837 [debug]: Started rendering model silver.stg_orders
16:53:59.209850 [info ]: Started seed bronze.raw_orders
16:53:59.209858 [debug]: Started rendering seed bronze.raw_orders
16:53:59.209881 [info ]: Started model silver.stg_order_items
16:53:59.209888 [debug]: Started rendering model silver.stg_order_items
16:53:59.209902 [info ]: Started seed bronze.raw_order_items
16:53:59.209910 [debug]: Started rendering seed bronze.raw_order_items
16:53:59.209986 [debug]: Finished rendering [  0.00s] seed bronze.raw_products [success]
16:53:59.209999 [info ]:  Succeeded [-------] seed  bronze.raw_products (table)
16:53:59.211978 [debug]: Finished rendering [  0.00s] seed bronze.raw_orders [success]
16:53:59.212013 [info ]:  Succeeded [  0.00s] seed  bronze.raw_orders (table)
16:53:59.219311 [debug]: Finished rendering [  0.01s] seed bronze.raw_order_items [success]
16:53:59.219347 [info ]:  Succeeded [  0.01s] seed  bronze.raw_order_items (table)
16:53:59.229007 [debug]: Compiled SQL for node model.shopflow_analytics.stg_order_items at target\.lsp\compiled\shopflow_analytics\models\staging\stg_order_items.sql
16:53:59.229394 [debug]: Finished rendering [  0.02s] model silver.stg_order_items [success]
16:53:59.229440 [info ]: Started analyzing (3 nodes)
16:53:59.229456 [debug]: Started analyzing model silver.stg_order_items
16:53:59.229992 [debug]: Finished analyzing [  0.00s] model silver.stg_order_items [success]
16:53:59.230016 [info ]:  Succeeded [  0.02s] model silver.stg_order_items (view)
16:53:59.257154 [debug]: Compiled SQL for node model.shopflow_analytics.stg_products at target\.lsp\compiled\shopflow_analytics\models\staging\stg_products.sql
16:53:59.257617 [debug]: Compiled SQL for node model.shopflow_analytics.stg_orders at target\.lsp\compiled\shopflow_analytics\models\staging\stg_orders.sql
16:53:59.258371 [debug]: Finished rendering [  0.05s] model silver.stg_products [success]
16:53:59.258423 [debug]: Started analyzing model silver.stg_products
16:53:59.258470 [debug]: Started analyzing model silver.stg_orders
16:53:59.258501 [debug]: Finished rendering [  0.05s] model silver.stg_orders [success]
16:53:59.258515 [info ]: Finished rendering [  0.05s] (6 nodes, 0 skipped, 0 errors)
16:53:59.260255 [debug]: Finished analyzing [  0.00s] model silver.stg_products [success]
16:53:59.260337 [info ]:  Succeeded [  0.05s] model silver.stg_products (view)
16:53:59.261475 [debug]: Finished analyzing [  0.00s] model silver.stg_orders [success]
16:53:59.261506 [info ]: Finished analyzing [  0.03s] (3 nodes, 0 skipped, 0 errors)
16:53:59.261522 [info ]:  Succeeded [  0.05s] model silver.stg_orders (view)
16:53:59.277792 [info ]: Started scheduling
16:53:59.277861 [info ]: Finished scheduling [  0.00s]
16:53:59.280028 [info ]: Cached model count updated: 8 models (accurate)
16:54:02.036394 [info ]: Started loading project
16:54:02.037337 [info ]: Loading profiles.yml
16:54:02.088718 [info ]: Started parsing
16:54:02.336306 [info ]: Finished loading project [  0.30s]
16:54:02.343517 [debug]: Finished parsing models/staging/_staging_models.yml [  0.00s]
16:54:02.347283 [debug]: Finished parsing snapshots\scd_customers.sql [  0.00s]
16:54:02.349339 [debug]: Finished parsing models/staging/stg_order_items.sql [  0.00s]
16:54:02.350005 [debug]: Finished parsing models/staging/stg_orders.sql [  0.00s]
16:54:02.350630 [debug]: Finished parsing models/staging/stg_products.sql [  0.00s]
16:54:02.354637 [info ]: Starting shopflow_analytics run
16:54:02.354808 [info ]: Finished shopflow_analytics run
16:54:02.356898 [info ]: Finished parsing [  0.27s]
16:54:02.360816 [info ]: Cached model count updated: 8 models (estimate)
16:54:02.360832 [info ]: Cached model count updated: 8 models (accurate)
16:54:02.360891 [info ]: Started scheduling
16:54:02.361652 [info ]: Finished scheduling [  0.00s]
16:54:02.361699 [debug]: Compilation - 6 nodes selected: {"model.shopflow_analytics.stg_order_items", "model.shopflow_analytics.stg_orders", "model.shopflow_analytics.stg_products", "seed.shopflow_analytics.raw_order_items", "seed.shopflow_analytics.raw_orders", "seed.shopflow_analytics.raw_products"}
16:54:02.363715 [debug]: License check failed: Feature not licensed: 'lineage'
16:54:02.411471 [info ]: Started building task graph
16:54:02.411537 [info ]: Finished building task graph [  0.00s]
16:54:02.539036 [info ]: Started on-run-start hooks (1 nodes)
16:54:02.539263 [info ]: Starting shopflow_analytics run
16:54:03.386109 [info ]: Finished on-run-start hooks [  0.85s] (1 nodes, 0 skipped, 0 errors)
16:54:03.386218 [info ]: Started rendering (6 nodes)
16:54:03.386277 [info ]: Started model silver.stg_products
16:54:03.386358 [debug]: Started rendering model silver.stg_products
16:54:03.386800 [info ]: Started seed bronze.raw_products
16:54:03.386886 [debug]: Started rendering seed bronze.raw_products
16:54:03.387046 [info ]: Started model silver.stg_orders
16:54:03.387182 [debug]: Started rendering model silver.stg_orders
16:54:03.387309 [info ]: Started seed bronze.raw_orders
16:54:03.387388 [debug]: Started rendering seed bronze.raw_orders
16:54:03.387496 [info ]: Started model silver.stg_order_items
16:54:03.387557 [debug]: Started rendering model silver.stg_order_items
16:54:03.387653 [info ]: Started seed bronze.raw_order_items
16:54:03.387727 [debug]: Started rendering seed bronze.raw_order_items
16:54:03.388005 [debug]: Finished rendering [  0.00s] seed bronze.raw_products [success]
16:54:03.388075 [info ]:  Succeeded [  0.00s] seed  bronze.raw_products (table)
16:54:03.388214 [debug]: Finished rendering [  0.00s] seed bronze.raw_orders [success]
16:54:03.388258 [info ]:  Succeeded [-------] seed  bronze.raw_orders (table)
16:54:03.388495 [debug]: Finished rendering [  0.00s] seed bronze.raw_order_items [success]
16:54:03.388538 [info ]:  Succeeded [-------] seed  bronze.raw_order_items (table)
16:54:03.411703 [debug]: Compiled SQL for node model.shopflow_analytics.stg_products at target\.lsp\compiled\shopflow_analytics\models\staging\stg_products.sql
16:54:03.424707 [debug]: Finished rendering [  0.04s] model silver.stg_products [success]
16:54:03.424891 [info ]: Started analyzing (3 nodes)
16:54:03.424944 [debug]: Started analyzing model silver.stg_products
16:54:03.433919 [debug]: Finished analyzing [  0.01s] model silver.stg_products [success]
16:54:03.434025 [info ]:  Succeeded [  0.05s] model silver.stg_products (view)
16:54:03.438385 [debug]: Compiled SQL for node model.shopflow_analytics.stg_order_items at target\.lsp\compiled\shopflow_analytics\models\staging\stg_order_items.sql
16:54:03.468504 [debug]: Finished rendering [  0.08s] model silver.stg_order_items [success]
16:54:03.468595 [debug]: Started analyzing model silver.stg_order_items
16:54:03.469988 [debug]: Finished analyzing [  0.00s] model silver.stg_order_items [success]
16:54:03.470056 [info ]:  Succeeded [  0.08s] model silver.stg_order_items (view)
16:54:03.480823 [debug]: Compiled SQL for node model.shopflow_analytics.stg_orders at target\.lsp\compiled\shopflow_analytics\models\staging\stg_orders.sql
16:54:03.482573 [debug]: Finished rendering [  0.10s] model silver.stg_orders [success]
16:54:03.482625 [info ]: Finished rendering [  0.10s] (6 nodes, 0 skipped, 0 errors)
16:54:03.482675 [debug]: Started analyzing model silver.stg_orders
16:54:03.484529 [debug]: Finished analyzing [  0.00s] model silver.stg_orders [success]
16:54:03.484573 [info ]: Finished analyzing [  0.06s] (3 nodes, 0 skipped, 0 errors)
16:54:03.484604 [info ]:  Succeeded [  0.10s] model silver.stg_orders (view)
16:54:03.545504 [info ]: Started scheduling
16:54:03.545879 [info ]: Finished scheduling [  0.00s]
16:54:03.549053 [info ]: Cached model count updated: 8 models (accurate)
16:54:05.271784 [info ]: Started loading project
16:54:05.277526 [info ]: Loading profiles.yml
16:54:05.467683 [info ]: Cached model count updated: 8 models (estimate)
16:54:05.467713 [info ]: Cached model count updated: 8 models (accurate)
16:54:05.467813 [info ]: Started scheduling
16:54:05.468212 [info ]: Finished scheduling [  0.00s]
16:54:05.468248 [debug]: Compilation - 16 nodes selected: {"exposure.shopflow_analytics.ceo_dashboard", "exposure.shopflow_analytics.customer_history", "exposure.shopflow_analytics.product_analytics", "model.shopflow_analytics.dim_products", "model.shopflow_analytics.fct_order_items", "model.shopflow_analytics.fct_orders", "model.shopflow_analytics.int_order_items_with_product", "model.shopflow_analytics.int_orders_enriched", "model.shopflow_analytics.stg_order_items", "model.shopflow_analytics.stg_orders", "model.shopflow_analytics.stg_products", "seed.shopflow_analytics.raw_customers", "seed.shopflow_analytics.raw_order_items", "seed.shopflow_analytics.raw_orders", "seed.shopflow_analytics.raw_products", "snapshot.shopflow_analytics.scd_customers"}
16:54:05.470841 [debug]: License check failed: Feature not licensed: 'lineage'
16:54:05.471236 [debug]:    Started downloading relations (1 items)
16:54:05.471341 [info ]: Finished loading project [  0.20s]
16:54:06.319407 [debug]: Query executed on node unknown:

SELECT
    table_name,
    if(table_type IN ('EXTERNAL', 'MANAGED', 'MANAGED_SHALLOW_CLONE', 'EXTERNAL_SHALLOW_CLONE'), 'table', lower(table_type)) AS table_type,
    lower(data_source_format) AS file_format,
    table_schema,
    table_owner,
    table_catalog,
    if(
    table_type IN (
        'EXTERNAL',
        'MANAGED',
        'MANAGED_SHALLOW_CLONE',
        'EXTERNAL_SHALLOW_CLONE'
    ),
    lower(table_type),
    NULL
    ) AS databricks_table_type
FROM `system`.`information_schema`.`tables`
WHERE table_catalog = 'shopflow_analytics_cat'
    AND table_schema = 'gold'
16:54:06.319913 [debug]:   Finished [  0.85s] downloading relations (1 items)
16:54:06.388054 [info ]: Started building task graph
16:54:06.388187 [info ]: Finished building task graph [  0.00s]
16:54:06.511509 [info ]: Started on-run-start hooks (1 nodes)
16:54:06.511740 [info ]: Starting shopflow_analytics run
16:54:07.345751 [info ]: Finished on-run-start hooks [  0.83s] (1 nodes, 0 skipped, 0 errors)
16:54:07.345814 [info ]: Started rendering (13 nodes)
16:54:07.345836 [info ]: Started model gold.fct_order_items
16:54:07.345857 [debug]: Started rendering model gold.fct_order_items
16:54:07.345888 [info ]: Started model silver.int_order_items_with_product
16:54:07.345899 [debug]: Started rendering model silver.int_order_items_with_product
16:54:07.345945 [info ]: Started model gold.dim_products
16:54:07.345960 [debug]: Started rendering model gold.dim_products
16:54:07.345976 [info ]: Started model silver.stg_products
16:54:07.345988 [debug]: Started rendering model silver.stg_products
16:54:07.346008 [info ]: Started seed bronze.raw_products
16:54:07.346020 [debug]: Started rendering seed bronze.raw_products
16:54:07.346036 [info ]: Started model gold.fct_orders
16:54:07.346048 [debug]: Started rendering model gold.fct_orders
16:54:07.346068 [info ]: Started model silver.int_orders_enriched
16:54:07.346078 [debug]: Started rendering model silver.int_orders_enriched
16:54:07.346101 [info ]: Started snapshot gold.scd_customers
16:54:07.346113 [debug]: Started rendering snapshot gold.scd_customers
16:54:07.346132 [info ]: Started seed bronze.raw_customers
16:54:07.346143 [debug]: Started rendering seed bronze.raw_customers
16:54:07.346158 [info ]: Started model silver.stg_orders
16:54:07.346169 [debug]: Started rendering model silver.stg_orders
16:54:07.346187 [info ]: Started seed bronze.raw_orders
16:54:07.346198 [debug]: Started rendering seed bronze.raw_orders
16:54:07.346215 [info ]: Started model silver.stg_order_items
16:54:07.346228 [debug]: Started rendering model silver.stg_order_items
16:54:07.346243 [info ]: Started seed bronze.raw_order_items
16:54:07.346253 [debug]: Started rendering seed bronze.raw_order_items
16:54:07.346412 [debug]: Finished rendering [  0.00s] seed bronze.raw_products [success]
16:54:07.346457 [info ]:  Succeeded [-------] seed  bronze.raw_products (table)
16:54:07.346570 [debug]: Finished rendering [  0.00s] seed bronze.raw_customers [success]
16:54:07.346584 [info ]:  Succeeded [-------] seed  bronze.raw_customers (table)
16:54:07.346654 [debug]: Finished rendering [  0.00s] seed bronze.raw_orders [success]
16:54:07.346666 [info ]:  Succeeded [-------] seed  bronze.raw_orders (table)
16:54:07.346727 [debug]: Finished rendering [  0.00s] seed bronze.raw_order_items [success]
16:54:07.346740 [info ]:  Succeeded [-------] seed  bronze.raw_order_items (table)
16:54:07.346986 [debug]: Compiled SQL for node model.shopflow_analytics.dim_products at target\.lsp\compiled\shopflow_analytics\models\marts\core\dim_products.sql
16:54:07.347771 [debug]: Compiled SQL for node model.shopflow_analytics.stg_products at target\.lsp\compiled\shopflow_analytics\models\staging\stg_products.sql
16:54:07.348208 [debug]: Finished rendering [  0.00s] model gold.dim_products [success]
16:54:07.348274 [info ]: Started analyzing (9 nodes)
16:54:07.348297 [debug]: Started analyzing model gold.dim_products
16:54:07.348354 [debug]: Finished rendering [  0.00s] model silver.stg_products [success]
16:54:07.348396 [debug]: Started analyzing model silver.stg_products
16:54:07.349187 [debug]: Finished analyzing [  0.00s] model gold.dim_products [success]
16:54:07.349227 [info ]:  Succeeded [  0.00s] model gold.dim_products (table)
16:54:07.349622 [debug]: Compiled SQL for node model.shopflow_analytics.fct_orders at target\.lsp\compiled\shopflow_analytics\models\marts\core\fct_orders.sql
16:54:07.349746 [debug]: Finished analyzing [  0.00s] model silver.stg_products [success]
16:54:07.349772 [info ]:  Succeeded [  0.00s] model silver.stg_products (view)
16:54:07.349825 [debug]: Finished rendering [  0.00s] model gold.fct_orders [success]
16:54:07.349849 [debug]: Started analyzing model gold.fct_orders
16:54:07.350294 [debug]: Finished analyzing [  0.00s] model gold.fct_orders [success]
16:54:07.350309 [debug]: Compiled SQL for node model.shopflow_analytics.int_orders_enriched at target\.lsp\compiled\shopflow_analytics\models\intermediate\int_orders_enriched.sql
16:54:07.350320 [info ]:  Succeeded [  0.00s] model gold.fct_orders (incremental)
16:54:07.350363 [debug]: Finished rendering [  0.00s] model silver.int_orders_enriched [success]
16:54:07.350391 [debug]: Started analyzing model silver.int_orders_enriched
16:54:07.350913 [debug]: Compiled SQL for node snapshot.shopflow_analytics.scd_customers at target\.lsp\compiled\shopflow_analytics\snapshots\scd_customers.sql\scd_customers.sql
16:54:07.351604 [debug]: Compiled SQL for node model.shopflow_analytics.stg_orders at target\.lsp\compiled\shopflow_analytics\models\staging\stg_orders.sql
16:54:07.352153 [debug]: Finished analyzing [  0.00s] model silver.int_orders_enriched [success]
16:54:07.352183 [info ]:  Succeeded [  0.01s] model silver.int_orders_enriched (view)
16:54:07.352225 [debug]: Finished rendering [  0.01s] snapshot gold.scd_customers [success]
16:54:07.352240 [debug]: Compiled SQL for node model.shopflow_analytics.stg_order_items at target\.lsp\compiled\shopflow_analytics\models\staging\stg_order_items.sql
16:54:07.352269 [debug]: Started analyzing snapshot gold.scd_customers
16:54:07.353033 [debug]: Compiled SQL for node model.shopflow_analytics.fct_order_items at target\.lsp\compiled\shopflow_analytics\models\marts\core\fct_order_items.sql
16:54:07.353441 [debug]: Compiled SQL for node model.shopflow_analytics.int_order_items_with_product at target\.lsp\compiled\shopflow_analytics\models\intermediate\int_order_items_with_product.sql
16:54:07.353740 [debug]: Started analyzing model silver.stg_order_items
16:54:07.353798 [debug]: Finished rendering [  0.01s] model silver.stg_orders [success]
16:54:07.353833 [debug]: Started analyzing model silver.stg_orders
16:54:07.353963 [debug]: Finished rendering [  0.01s] model silver.stg_order_items [success]
16:54:07.354660 [debug]: Finished analyzing [  0.00s] snapshot gold.scd_customers [success]
16:54:07.354687 [info ]:  Succeeded [  0.01s] snapshot gold.scd_customers (snapshot)
16:54:07.354713 [debug]: Finished analyzing [  0.00s] model silver.stg_order_items [success]
16:54:07.354727 [info ]:  Succeeded [  0.01s] model silver.stg_order_items (view)
16:54:07.354749 [debug]: Finished rendering [  0.01s] model gold.fct_order_items [success]
16:54:07.354766 [debug]: Started analyzing model gold.fct_order_items
16:54:07.355050 [debug]: Finished analyzing [  0.00s] model gold.fct_order_items [success]
16:54:07.355066 [info ]:  Succeeded [  0.01s] model gold.fct_order_items (incremental)
16:54:07.355141 [debug]: Finished rendering [  0.01s] model silver.int_order_items_with_product [success]
16:54:07.355156 [info ]: Finished rendering [  0.01s] (13 nodes, 0 skipped, 0 errors)
16:54:07.355171 [debug]: Started analyzing model silver.int_order_items_with_product
16:54:07.355730 [debug]: Finished analyzing [  0.00s] model silver.stg_orders [success]
16:54:07.355765 [info ]:  Succeeded [  0.01s] model silver.stg_orders (view)
16:54:07.356303 [debug]: Finished analyzing [  0.00s] model silver.int_order_items_with_product [success]
16:54:07.356322 [info ]: Finished analyzing [  0.01s] (9 nodes, 0 skipped, 0 errors)
16:54:07.356335 [info ]:  Succeeded [  0.01s] model silver.int_order_items_with_product (view)
16:54:07.368558 [info ]: Started scheduling
16:54:07.368634 [info ]: Finished scheduling [  0.00s]
16:54:07.370229 [info ]: Cached model count updated: 8 models (accurate)
17:09:05.480606 [debug]: License check failed: Feature not licensed: 'lineage'
17:09:08.571903 [debug]: License check failed: Feature not licensed: 'lineage'
17:09:41.674154 [debug]: License check failed: Feature not licensed: 'lineage'
17:09:49.041933 [debug]: License check failed: Feature not licensed: 'lineage'
==================== 2026-07-30T17:13:38.388940Z | 00000000-0000-0000-0000-000000000000 ====================
==================== 2026-07-30T17:13:38.390777Z | 04e6faa6-9536-4040-88f3-a61b42ead389 ====================
17:13:38.391063 [info ]: Starting dbt LSP server
17:13:38.391096 [info ]: Connecting to LSP client on port 8000
17:13:38.397021 [info ]: Successfully connected to LSP client
17:13:38.397066 [info ]: Creating LSP service...
17:13:38.406203 [info ]: Creating LSP server...
17:13:38.406236 [info ]: Starting LSP server...
17:13:38.788778 [info ]: Loading profiles.yml
17:13:39.037575 [info ]: Started loading project
17:13:39.049751 [info ]: Loading profiles.yml
17:13:39.104375 [info ]:    Started resolving packages from packages.yml
17:13:39.474046 [info ]:   Finished [  0.37s] resolving packages from packages.yml (1 items)
17:13:39.481709 [debug]:    Started loading packages
17:13:39.568382 [debug]:     Loaded [  0.09s] packages
17:13:39.584484 [info ]: Finished loading project [  0.55s]
17:13:39.588463 [info ]: Started parsing
17:13:40.194955 [debug]: Finished parsing models/intermediate/_intermediate_models.yml [  0.15s]
17:13:40.222621 [debug]: Finished parsing models/marts/core/_exposures.yml [  0.03s]
17:13:40.227592 [debug]: Finished parsing models/marts/core/_marts_core.yml [  0.00s]
17:13:40.229648 [debug]: Finished parsing models/staging/_staging_models.yml [  0.00s]
17:13:40.324240 [debug]: Finished parsing snapshots/_snapshots.yml [  0.09s]
17:13:40.330970 [debug]: Finished parsing tests/_singular_tests.yml [  0.01s]
17:13:40.473703 [debug]: Finished parsing snapshots\scd_customers.sql:4:11 (scd_customers) [  0.09s]
17:13:40.497990 [debug]: Finished parsing models/intermediate/int_order_items_with_product.sql [  0.01s]
17:13:40.499649 [debug]: Finished parsing models/intermediate/int_orders_enriched.sql [  0.00s]
17:13:40.504511 [debug]: Finished parsing models/marts/core/dim_products.sql [  0.01s]
17:13:40.514483 [debug]: Finished parsing models/marts/core/fct_order_items.sql [  0.01s]
17:13:40.518754 [debug]: Finished parsing models/marts/core/fct_orders.sql [  0.00s]
17:13:40.597198 [debug]: Finished parsing models/staging/stg_order_items.sql [  0.08s]
17:13:40.599888 [debug]: Finished parsing models/staging/stg_products.sql [  0.00s]
17:13:40.600022 [debug]: Finished parsing models/staging/stg_orders.sql [  0.01s]
17:13:40.750500 [debug]: Finished parsing tests/assert_customer_has_valid_email.sql [  0.00s]
17:13:40.751754 [debug]: Finished parsing tests/assert_fct_orders_revenue_non_negative.sql [  0.00s]
17:13:40.753035 [debug]: Finished parsing tests/assert_no_future_order_dates.sql [  0.00s]
17:13:40.754347 [debug]: Finished parsing tests/assert_product_price_positive.sql [  0.00s]
17:13:40.755780 [debug]: Finished parsing tests/assert_quantity_positive.sql [  0.00s]
17:13:40.772284 [info ]: Starting shopflow_analytics run
17:13:40.773161 [info ]: Finished shopflow_analytics run
17:13:40.789666 [info ]: Finished parsing [  1.20s]
17:13:40.798170 [info ]: Cached model count updated: 8 models (estimate)
17:13:40.798202 [info ]: Cached model count updated: 8 models (accurate)
17:13:40.800165 [info ]: Started scheduling
17:13:40.811441 [info ]: Finished scheduling [  0.01s]
17:13:40.811835 [debug]: Compilation - 7 nodes selected: {"model.shopflow_analytics.int_orders_enriched", "model.shopflow_analytics.stg_order_items", "model.shopflow_analytics.stg_orders", "seed.shopflow_analytics.raw_customers", "seed.shopflow_analytics.raw_order_items", "seed.shopflow_analytics.raw_orders", "snapshot.shopflow_analytics.scd_customers"}
17:13:40.812177 [info ]: Started scheduling
17:13:40.812849 [info ]: Finished scheduling [  0.00s]
17:13:40.815802 [debug]: Initializing schema store with entry: Selected("snapshot.shopflow_analytics.scd_customers") and interval: None
17:13:41.006136 [debug]: License loaded from file C:\Users\Utilisateur\.dbt\license.70506183151160
17:13:41.316490 [info ]: Started building task graph
17:13:41.321006 [info ]: Finished building task graph [  0.00s]
17:13:43.235310 [info ]: Started on-run-start hooks (1 nodes)
17:13:43.237117 [info ]: Starting shopflow_analytics run
17:13:58.964612 [info ]: Finished on-run-start hooks [ 15.73s] (1 nodes, 0 skipped, 0 errors)
17:13:58.966792 [info ]: Started rendering (7 nodes)
17:13:58.967648 [info ]: Started model silver.int_orders_enriched
17:13:58.967699 [debug]: Started rendering model silver.int_orders_enriched
17:13:58.968269 [info ]: Started snapshot gold.scd_customers
17:13:58.968300 [debug]: Started rendering snapshot gold.scd_customers
17:13:58.968358 [info ]: Started seed bronze.raw_customers
17:13:58.968404 [debug]: Started rendering seed bronze.raw_customers
17:13:58.968429 [info ]: Started model silver.stg_orders
17:13:58.968459 [debug]: Started rendering model silver.stg_orders
17:13:58.968476 [info ]: Started seed bronze.raw_orders
17:13:58.968498 [debug]: Started rendering seed bronze.raw_orders
17:13:58.968513 [info ]: Started model silver.stg_order_items
17:13:58.968522 [debug]: Started rendering model silver.stg_order_items
17:13:58.968536 [info ]: Started seed bronze.raw_order_items
17:13:58.968544 [debug]: Started rendering seed bronze.raw_order_items
17:13:58.969388 [debug]: Finished rendering [  0.00s] seed bronze.raw_customers [success]
17:13:58.969433 [info ]:  Succeeded [-------] seed  bronze.raw_customers (table)
17:13:58.970088 [debug]: Finished rendering [  0.00s] seed bronze.raw_orders [success]
17:13:58.970112 [info ]:  Succeeded [  0.00s] seed  bronze.raw_orders (table)
17:13:58.970148 [debug]: Finished rendering [  0.00s] seed bronze.raw_order_items [success]
17:13:58.970184 [info ]:  Succeeded [  0.00s] seed  bronze.raw_order_items (table)
17:13:59.033532 [debug]: Compiled SQL for node model.shopflow_analytics.int_orders_enriched at target\.lsp\compiled\shopflow_analytics\models\intermediate\int_orders_enriched.sql
17:13:59.057081 [debug]: Compiled SQL for node snapshot.shopflow_analytics.scd_customers at target\.lsp\compiled\shopflow_analytics\snapshots\scd_customers.sql\scd_customers.sql
17:13:59.057736 [debug]: Finished rendering [  0.09s] model silver.int_orders_enriched [success]
17:13:59.094974 [info ]: Started analyzing (4 nodes)
17:13:59.095006 [debug]: Started analyzing model silver.int_orders_enriched
17:13:59.143721 [debug]: Finished rendering [  0.18s] snapshot gold.scd_customers [success]
17:13:59.150701 [debug]: Started analyzing snapshot gold.scd_customers
17:13:59.166390 [debug]: Compiled SQL for node model.shopflow_analytics.stg_order_items at target\.lsp\compiled\shopflow_analytics\models\staging\stg_order_items.sql
17:13:59.166561 [debug]: Compiled SQL for node model.shopflow_analytics.stg_orders at target\.lsp\compiled\shopflow_analytics\models\staging\stg_orders.sql
17:13:59.167229 [debug]: Started analyzing model silver.stg_orders
17:13:59.167283 [debug]: Finished rendering [  0.20s] model silver.stg_orders [success]
17:13:59.167407 [debug]: Finished rendering [  0.20s] model silver.stg_order_items [success]
17:13:59.167426 [info ]: Finished rendering [  0.20s] (7 nodes, 0 skipped, 0 errors)
17:13:59.167455 [debug]: Started analyzing model silver.stg_order_items
17:13:59.191748 [debug]: Finished analyzing [  0.04s] snapshot gold.scd_customers [success]
17:13:59.191787 [info ]:  Succeeded [  0.22s] snapshot gold.scd_customers (snapshot)
17:13:59.192354 [debug]: Finished analyzing [  0.02s] model silver.stg_order_items [success]
17:13:59.192377 [info ]:  Succeeded [  0.22s] model silver.stg_order_items (view)
17:13:59.192459 [debug]: Finished analyzing [  0.03s] model silver.stg_orders [success]
17:13:59.192478 [info ]:  Succeeded [  0.22s] model silver.stg_orders (view)
17:13:59.205815 [debug]: Finished analyzing [  0.11s] model silver.int_orders_enriched [success]
17:13:59.205846 [info ]: Finished analyzing [  0.11s] (4 nodes, 0 skipped, 0 errors)
17:13:59.205859 [info ]:  Succeeded [  0.20s] model silver.int_orders_enriched (view)
17:13:59.224769 [info ]: Started scheduling
17:13:59.224956 [info ]: Finished scheduling [  0.00s]
17:13:59.228380 [info ]: Cached model count updated: 8 models (accurate)
17:14:01.062812 [info ]: Started loading project
17:14:01.063857 [info ]: Loading profiles.yml
17:14:01.132738 [info ]: Cached model count updated: 8 models (estimate)
17:14:01.132755 [info ]: Cached model count updated: 8 models (accurate)
17:14:01.132803 [info ]: Started scheduling
17:14:01.132971 [info ]: Finished scheduling [  0.00s]
17:14:01.132988 [debug]: Compilation - 16 nodes selected: {"exposure.shopflow_analytics.ceo_dashboard", "exposure.shopflow_analytics.customer_history", "exposure.shopflow_analytics.product_analytics", "model.shopflow_analytics.dim_products", "model.shopflow_analytics.fct_order_items", "model.shopflow_analytics.fct_orders", "model.shopflow_analytics.int_order_items_with_product", "model.shopflow_analytics.int_orders_enriched", "model.shopflow_analytics.stg_order_items", "model.shopflow_analytics.stg_orders", "model.shopflow_analytics.stg_products", "seed.shopflow_analytics.raw_customers", "seed.shopflow_analytics.raw_order_items", "seed.shopflow_analytics.raw_orders", "seed.shopflow_analytics.raw_products", "snapshot.shopflow_analytics.scd_customers"}
17:14:01.135690 [debug]:    Started downloading relations (1 items)
17:14:01.137558 [info ]: Finished loading project [  0.07s]
17:14:07.180020 [debug]: Query executed on node unknown:

SELECT
    table_name,
    if(table_type IN ('EXTERNAL', 'MANAGED', 'MANAGED_SHALLOW_CLONE', 'EXTERNAL_SHALLOW_CLONE'), 'table', lower(table_type)) AS table_type,
    lower(data_source_format) AS file_format,
    table_schema,
    table_owner,
    table_catalog,
    if(
    table_type IN (
        'EXTERNAL',
        'MANAGED',
        'MANAGED_SHALLOW_CLONE',
        'EXTERNAL_SHALLOW_CLONE'
    ),
    lower(table_type),
    NULL
    ) AS databricks_table_type
FROM `system`.`information_schema`.`tables`
WHERE table_catalog = 'shopflow_analytics_cat'
    AND table_schema = 'gold'
17:14:07.183542 [debug]:     Failed [  6.05s] downloading relations (error: Adapter operation was cancelled)
17:14:07.214595 [info ]: Cached model count updated: 8 models (accurate)
17:14:07.248981 [info ]: Started loading project
17:14:07.249761 [info ]: Loading profiles.yml
17:14:07.332593 [info ]: Finished loading project [  0.08s]
17:14:07.334352 [info ]: Cached model count updated: 8 models (accurate)
17:14:10.228662 [debug]: Query executed on node unknown:
select * from (
with orders as (
    select * from `shopflow_analytics_cat`.`silver`.`stg_orders`
),

customers as (
    select * from `shopflow_analytics_cat`.`gold`.`scd_customers`
    where dbt_valid_to is null
),

order_items as (
    select
        order_id,
        count(*) as line_count,
        sum(quantity) as total_quantity,
        sum(quantity * unit_price) as line_total_amount
    from `shopflow_analytics_cat`.`silver`.`stg_order_items`
    group by order_id
),

joined as (
    select
        orders.order_id,
        orders.customer_id,
        orders.order_date,
        orders.status,
        orders.total_amount as order_total_amount,
        customers.first_name as customer_first_name,
        customers.last_name as customer_last_name,
        customers.email as customer_email,
        customers.country as customer_country,
        customers.created_at as customer_created_at,
        coalesce(order_items.line_count, 0) as line_count,
        coalesce(order_items.total_quantity, 0) as total_quantity,
        coalesce(order_items.line_total_amount, 0) as line_total_amount
    from orders
    left join customers on orders.customer_id = customers.customer_id
    left join order_items on orders.order_id = order_items.order_id
)
SELECT * FROM joined
) limit 1000
17:14:12.112782 [info ]: Started loading project
17:14:12.113927 [info ]: Loading profiles.yml
17:14:12.196398 [info ]: Cached model count updated: 8 models (estimate)
17:14:12.196419 [info ]: Cached model count updated: 8 models (accurate)
17:14:12.196493 [info ]: Started scheduling
17:14:12.196715 [info ]: Finished scheduling [  0.00s]
17:14:12.196742 [debug]: Compilation - 16 nodes selected: {"exposure.shopflow_analytics.ceo_dashboard", "exposure.shopflow_analytics.customer_history", "exposure.shopflow_analytics.product_analytics", "model.shopflow_analytics.dim_products", "model.shopflow_analytics.fct_order_items", "model.shopflow_analytics.fct_orders", "model.shopflow_analytics.int_order_items_with_product", "model.shopflow_analytics.int_orders_enriched", "model.shopflow_analytics.stg_order_items", "model.shopflow_analytics.stg_orders", "model.shopflow_analytics.stg_products", "seed.shopflow_analytics.raw_customers", "seed.shopflow_analytics.raw_order_items", "seed.shopflow_analytics.raw_orders", "seed.shopflow_analytics.raw_products", "snapshot.shopflow_analytics.scd_customers"}
17:14:12.199351 [debug]:    Started downloading relations (1 items)
17:14:12.199413 [info ]: Finished loading project [  0.09s]
17:14:14.190457 [debug]: Query executed on node unknown:

SELECT
    table_name,
    if(table_type IN ('EXTERNAL', 'MANAGED', 'MANAGED_SHALLOW_CLONE', 'EXTERNAL_SHALLOW_CLONE'), 'table', lower(table_type)) AS table_type,
    lower(data_source_format) AS file_format,
    table_schema,
    table_owner,
    table_catalog,
    if(
    table_type IN (
        'EXTERNAL',
        'MANAGED',
        'MANAGED_SHALLOW_CLONE',
        'EXTERNAL_SHALLOW_CLONE'
    ),
    lower(table_type),
    NULL
    ) AS databricks_table_type
FROM `system`.`information_schema`.`tables`
WHERE table_catalog = 'shopflow_analytics_cat'
    AND table_schema = 'gold'
17:14:14.393493 [debug]:   Finished [  2.19s] downloading relations (1 items)
17:14:14.500126 [info ]: Started building task graph
17:14:14.500263 [info ]: Finished building task graph [  0.00s]
17:14:14.714379 [info ]: Started on-run-start hooks (1 nodes)
17:14:14.714664 [info ]: Starting shopflow_analytics run
17:14:14.719585 [info ]: Finished on-run-start hooks [  0.01s] (1 nodes, 0 skipped, 0 errors)
17:14:14.719625 [info ]: Started rendering (13 nodes)
17:14:14.719642 [info ]: Started model gold.fct_order_items
17:14:14.719656 [debug]: Started rendering model gold.fct_order_items
17:14:14.719675 [info ]: Started model silver.int_order_items_with_product
17:14:14.719683 [debug]: Started rendering model silver.int_order_items_with_product
17:14:14.719701 [info ]: Started model gold.dim_products
17:14:14.719708 [debug]: Started rendering model gold.dim_products
17:14:14.719719 [info ]: Started model silver.stg_products
17:14:14.719735 [debug]: Started rendering model silver.stg_products
17:14:14.719748 [info ]: Started seed bronze.raw_products
17:14:14.719754 [debug]: Started rendering seed bronze.raw_products
17:14:14.719765 [info ]: Started model gold.fct_orders
17:14:14.719774 [debug]: Started rendering model gold.fct_orders
17:14:14.719784 [info ]: Started model silver.int_orders_enriched
17:14:14.719792 [debug]: Started rendering model silver.int_orders_enriched
17:14:14.719804 [info ]: Started snapshot gold.scd_customers
17:14:14.719813 [debug]: Started rendering snapshot gold.scd_customers
17:14:14.719834 [info ]: Started seed bronze.raw_customers
17:14:14.719845 [debug]: Started rendering seed bronze.raw_customers
17:14:14.719857 [info ]: Started model silver.stg_orders
17:14:14.719864 [debug]: Started rendering model silver.stg_orders
17:14:14.719881 [info ]: Started seed bronze.raw_orders
17:14:14.719887 [debug]: Started rendering seed bronze.raw_orders
17:14:14.719898 [info ]: Started model silver.stg_order_items
17:14:14.719904 [debug]: Started rendering model silver.stg_order_items
17:14:14.719915 [info ]: Started seed bronze.raw_order_items
17:14:14.719923 [debug]: Started rendering seed bronze.raw_order_items
17:14:14.720826 [debug]: Finished rendering [  0.00s] seed bronze.raw_customers [success]
17:14:14.720860 [info ]:  Succeeded [-------] seed  bronze.raw_customers (table)
17:14:14.720918 [debug]: Finished rendering [  0.00s] seed bronze.raw_orders [success]
17:14:14.720937 [info ]:  Succeeded [  0.00s] seed  bronze.raw_orders (table)
17:14:14.722400 [debug]: Finished rendering [  0.00s] seed bronze.raw_order_items [success]
17:14:14.722433 [info ]:  Succeeded [  0.00s] seed  bronze.raw_order_items (table)
17:14:14.722502 [debug]: Finished rendering [  0.00s] seed bronze.raw_products [success]
17:14:14.722513 [info ]:  Succeeded [  0.00s] seed  bronze.raw_products (table)
17:14:14.725260 [debug]: Compiled SQL for node model.shopflow_analytics.stg_orders at target\.lsp\compiled\shopflow_analytics\models\staging\stg_orders.sql
17:14:14.739310 [debug]: Compiled SQL for node model.shopflow_analytics.int_order_items_with_product at target\.lsp\compiled\shopflow_analytics\models\intermediate\int_order_items_with_product.sql
17:14:14.739834 [debug]: Finished rendering [  0.02s] model silver.stg_orders [success]
17:14:14.739871 [info ]: Started analyzing (9 nodes)
17:14:14.739884 [debug]: Started analyzing model silver.stg_orders
17:14:14.741693 [debug]: Finished analyzing [  0.00s] model silver.stg_orders [success]
17:14:14.741718 [info ]:  Succeeded [  0.02s] model silver.stg_orders (view)
17:14:14.741753 [debug]: Finished rendering [  0.02s] model silver.int_order_items_with_product [success]
17:14:14.741770 [debug]: Started analyzing model silver.int_order_items_with_product
17:14:14.742017 [debug]: Compiled SQL for node model.shopflow_analytics.int_orders_enriched at target\.lsp\compiled\shopflow_analytics\models\intermediate\int_orders_enriched.sql
17:14:14.743633 [debug]: Compiled SQL for node snapshot.shopflow_analytics.scd_customers at target\.lsp\compiled\shopflow_analytics\snapshots\scd_customers.sql\scd_customers.sql
17:14:14.743688 [debug]: Compiled SQL for node model.shopflow_analytics.stg_order_items at target\.lsp\compiled\shopflow_analytics\models\staging\stg_order_items.sql
17:14:14.745077 [debug]: Finished analyzing [  0.00s] model silver.int_order_items_with_product [success]
17:14:14.745103 [info ]:  Succeeded [  0.03s] model silver.int_order_items_with_product (view)
17:14:14.745248 [debug]: Finished rendering [  0.03s] model silver.int_orders_enriched [success]
17:14:14.745277 [debug]: Started analyzing model silver.int_orders_enriched
17:14:14.745297 [debug]: Finished rendering [  0.03s] snapshot gold.scd_customers [success]
17:14:14.745318 [debug]: Started analyzing snapshot gold.scd_customers
17:14:14.746527 [debug]: Finished analyzing [  0.00s] model silver.int_orders_enriched [success]
17:14:14.746547 [info ]:  Succeeded [  0.03s] model silver.int_orders_enriched (view)
17:14:14.752441 [debug]: Finished analyzing [  0.01s] snapshot gold.scd_customers [success]
17:14:14.752474 [info ]:  Succeeded [  0.03s] snapshot gold.scd_customers (snapshot)
17:14:14.752513 [debug]: Finished rendering [  0.03s] model silver.stg_order_items [success]
17:14:14.752533 [debug]: Started analyzing model silver.stg_order_items
17:14:14.752821 [debug]: Finished analyzing [  0.00s] model silver.stg_order_items [success]
17:14:14.752847 [info ]:  Succeeded [  0.03s] model silver.stg_order_items (view)
17:14:14.761755 [debug]: Compiled SQL for node model.shopflow_analytics.stg_products at target\.lsp\compiled\shopflow_analytics\models\staging\stg_products.sql
17:14:14.767436 [debug]: Finished rendering [  0.05s] model silver.stg_products [success]
17:14:14.767500 [debug]: Started analyzing model silver.stg_products
17:14:14.770977 [debug]: Finished analyzing [  0.00s] model silver.stg_products [success]
17:14:14.771021 [info ]:  Succeeded [  0.05s] model silver.stg_products (view)
17:14:14.779888 [debug]: Compiled SQL for node model.shopflow_analytics.fct_order_items at target\.lsp\compiled\shopflow_analytics\models\marts\core\fct_order_items.sql
17:14:14.781218 [debug]: Finished rendering [  0.06s] model gold.fct_order_items [success]
17:14:14.781281 [debug]: Started analyzing model gold.fct_order_items
17:14:14.781835 [debug]: Finished analyzing [  0.00s] model gold.fct_order_items [success]
17:14:14.781854 [info ]:  Succeeded [  0.06s] model gold.fct_order_items (incremental)
17:14:14.803139 [debug]: Compiled SQL for node model.shopflow_analytics.dim_products at target\.lsp\compiled\shopflow_analytics\models\marts\core\dim_products.sql
17:14:14.804392 [debug]: Compiled SQL for node model.shopflow_analytics.fct_orders at target\.lsp\compiled\shopflow_analytics\models\marts\core\fct_orders.sql
17:14:14.804932 [debug]: Finished rendering [  0.09s] model gold.dim_products [success]
17:14:14.804971 [debug]: Started analyzing model gold.dim_products
17:14:14.805025 [debug]: Finished rendering [  0.09s] model gold.fct_orders [success]
17:14:14.805039 [info ]: Finished rendering [  0.09s] (13 nodes, 0 skipped, 0 errors)
17:14:14.805069 [debug]: Started analyzing model gold.fct_orders
17:14:14.822513 [debug]: Finished analyzing [  0.02s] model gold.fct_orders [success]
17:14:14.822546 [info ]:  Succeeded [  0.10s] model gold.fct_orders (incremental)
17:14:14.822869 [debug]: Finished analyzing [  0.02s] model gold.dim_products [success]
17:14:14.822888 [info ]: Finished analyzing [  0.08s] (9 nodes, 0 skipped, 0 errors)
17:14:14.822901 [info ]:  Succeeded [  0.10s] model gold.dim_products (table)
17:14:14.836026 [info ]: Started scheduling
17:14:14.836097 [info ]: Finished scheduling [  0.00s]
17:14:14.837470 [info ]: Cached model count updated: 8 models (accurate)
17:23:31.808826 [info ]: Cached model count updated: 8 models (accurate)
17:23:31.943073 [info ]: Started loading project
17:23:31.943971 [info ]: Loading profiles.yml
17:23:31.964674 [info ]: Started loading project
17:23:31.965443 [info ]: Loading profiles.yml
17:23:31.967497 [info ]: Finished loading project [  0.02s]
17:23:31.985257 [info ]:    Started resolving packages from packages.yml
17:23:32.339893 [info ]:   Finished [  0.35s] resolving packages from packages.yml (1 items)
17:23:32.342547 [debug]:    Started loading packages
17:23:32.491797 [debug]:     Loaded [  0.15s] packages
17:23:32.494092 [info ]: Finished loading project [  0.53s]
17:23:32.495012 [info ]: Started parsing
17:23:32.871907 [debug]: Finished parsing models/intermediate/_intermediate_models.yml [  0.00s]
17:23:32.873475 [debug]: Finished parsing models/marts/core/_exposures.yml [  0.00s]
17:23:32.874809 [debug]: Finished parsing models/marts/core/_marts_core.yml [  0.00s]
17:23:32.875980 [debug]: Finished parsing models/staging/_staging_models.yml [  0.00s]
17:23:32.876376 [debug]: Finished parsing snapshots/_snapshots.yml [  0.00s]
17:23:32.876587 [debug]: Finished parsing tests/_singular_tests.yml [  0.00s]
17:23:32.894681 [debug]: Finished parsing snapshots\scd_customers.sql:4:11 (scd_customers) [  0.01s]
17:23:32.897970 [debug]: Finished parsing models/intermediate/int_order_items_with_product.sql [  0.00s]
17:23:32.900852 [debug]: Finished parsing models/intermediate/int_orders_enriched.sql [  0.00s]
17:23:32.913633 [debug]: Finished parsing models/marts/core/dim_products.sql [  0.01s]
17:23:32.917295 [debug]: Finished parsing models/marts/core/fct_order_items.sql [  0.01s]
17:23:32.928464 [debug]: Finished parsing models/marts/core/fct_orders.sql [  0.01s]
17:23:32.932361 [debug]: Finished parsing models/staging/stg_order_items.sql [  0.00s]
17:23:32.933560 [debug]: Finished parsing models/staging/stg_orders.sql [  0.00s]
17:23:32.934631 [debug]: Finished parsing models/staging/stg_products.sql [  0.00s]
17:23:32.950901 [debug]: Finished parsing tests/assert_customer_has_valid_email.sql [  0.00s]
17:23:32.951625 [debug]: Finished parsing tests/assert_fct_orders_revenue_non_negative.sql [  0.00s]
17:23:32.952124 [debug]: Finished parsing tests/assert_no_future_order_dates.sql [  0.00s]
17:23:32.952842 [debug]: Finished parsing tests/assert_product_price_positive.sql [  0.00s]
17:23:32.953349 [debug]: Finished parsing tests/assert_quantity_positive.sql [  0.00s]
17:23:32.960523 [info ]: Starting shopflow_analytics run
17:23:32.960808 [info ]: Finished shopflow_analytics run
17:23:32.966692 [info ]: Finished parsing [  0.47s]
17:23:32.967830 [info ]: Cached model count updated: 8 models (estimate)
17:23:32.967858 [info ]: Cached model count updated: 8 models (accurate)
17:23:32.967918 [info ]: Started scheduling
17:23:32.967992 [info ]: Finished scheduling [  0.00s]
17:23:32.968005 [debug]: Compilation - 0 nodes selected: {}
17:23:32.971722 [warn ]: [NoNodesForSelectionCriteria (dbt1092)]: The selection criterion '' does not match any enabled nodes
17:23:32.972594 [warn ]: [NoNodesSelected (dbt1601)]: Nothing to do. Try checking your model configs and model specification args
17:23:32.972617 [info ]: Started scheduling
17:23:32.972821 [info ]: Finished scheduling [  0.00s]
17:23:32.972934 [debug]: Initializing schema store with entry: Selected("snapshot.shopflow_analytics.scd_customers") and interval: None
17:23:33.077116 [info ]: Started building task graph
17:23:33.077149 [info ]: Finished building task graph [  0.00s]
17:23:33.629566 [info ]: Started on-run-start hooks (1 nodes)
17:23:33.630330 [info ]: Starting shopflow_analytics run
17:23:34.923330 [info ]: Finished on-run-start hooks [  1.29s] (1 nodes, 0 skipped, 0 errors)
17:23:34.934461 [info ]: Waiting for lease on 'target' directory
17:23:36.616839 [info ]: Waiting for lease on 'target' directory
17:23:36.986767 [info ]: Started loading project
17:23:36.988750 [info ]: Loading profiles.yml
17:23:37.093140 [info ]:    Started resolving packages from packages.yml
17:23:37.578462 [info ]:   Finished [  0.49s] resolving packages from packages.yml (1 items)
17:23:37.578913 [debug]:    Started loading packages
17:23:37.715560 [debug]:     Loaded [  0.14s] packages
17:23:37.773190 [info ]: Finished loading project [  0.79s]
17:23:37.774202 [info ]: Started parsing
17:23:38.342119 [debug]: Finished parsing models/intermediate/_intermediate_models.yml [  0.00s]
17:23:38.342717 [debug]: Finished parsing models/marts/core/_exposures.yml [  0.00s]
17:23:38.343469 [debug]: Finished parsing models/marts/core/_marts_core.yml [  0.00s]
17:23:38.344165 [debug]: Finished parsing models/staging/_staging_models.yml [  0.00s]
17:23:38.344476 [debug]: Finished parsing snapshots/_snapshots.yml [  0.00s]
17:23:38.344633 [debug]: Finished parsing tests/_singular_tests.yml [  0.00s]
17:23:38.482596 [debug]: Finished parsing snapshots\scd_customers.sql:4:11 (scd_customers) [  0.09s]
17:23:38.724190 [debug]: Finished parsing models/intermediate/int_order_items_with_product.sql [  0.06s]
17:23:38.879788 [debug]: Finished parsing models/intermediate/int_orders_enriched.sql [  0.16s]
17:23:38.946019 [debug]: Finished parsing models/marts/core/dim_products.sql [  0.07s]
17:23:39.015343 [debug]: Finished parsing models/marts/core/fct_order_items.sql [  0.07s]
17:23:39.067044 [debug]: Finished parsing models/marts/core/fct_orders.sql [  0.05s]
17:23:39.129534 [debug]: Finished parsing models/staging/stg_order_items.sql [  0.06s]
17:23:39.155623 [debug]: Finished parsing models/staging/stg_orders.sql [  0.03s]
17:23:39.193535 [debug]: Finished parsing models/staging/stg_products.sql [  0.04s]
17:23:39.587594 [debug]: Finished parsing tests/assert_customer_has_valid_email.sql [  0.00s]
17:23:39.588790 [debug]: Finished parsing tests/assert_fct_orders_revenue_non_negative.sql [  0.00s]
17:23:39.590080 [debug]: Finished parsing tests/assert_no_future_order_dates.sql [  0.00s]
17:23:39.591954 [debug]: Finished parsing tests/assert_product_price_positive.sql [  0.00s]
17:23:39.593913 [debug]: Finished parsing tests/assert_quantity_positive.sql [  0.00s]
17:23:39.644439 [info ]: Starting shopflow_analytics run
17:23:39.644836 [info ]: Finished shopflow_analytics run
17:23:39.649807 [info ]: Finished parsing [  1.88s]
17:23:39.653335 [info ]: Cached model count updated: 8 models (estimate)
17:23:39.653359 [info ]: Cached model count updated: 8 models (accurate)
17:23:39.653453 [info ]: Started scheduling
17:23:39.653675 [info ]: Finished scheduling [  0.00s]
17:23:39.653695 [debug]: Compilation - 0 nodes selected: {}
17:23:39.653725 [warn ]: [NoNodesForSelectionCriteria (dbt1092)]: The selection criterion '' does not match any enabled nodes
17:23:39.653739 [warn ]: [NoNodesSelected (dbt1601)]: Nothing to do. Try checking your model configs and model specification args
17:23:39.653751 [info ]: Started scheduling
17:23:39.654077 [info ]: Finished scheduling [  0.00s]
17:23:39.654155 [debug]: Initializing schema store with entry: Selected("snapshot.shopflow_analytics.scd_customers") and interval: None
17:23:39.863708 [info ]: Started building task graph
17:23:39.863748 [info ]: Finished building task graph [  0.00s]
17:23:40.243278 [info ]: Started on-run-start hooks (1 nodes)
17:23:40.243582 [info ]: Starting shopflow_analytics run
17:23:41.245967 [info ]: Finished on-run-start hooks [  1.00s] (1 nodes, 0 skipped, 0 errors)
17:23:41.274665 [info ]: Started scheduling
17:23:41.274812 [info ]: Finished scheduling [  0.00s]
17:23:41.277976 [info ]: Cached model count updated: 8 models (accurate)
17:23:43.109867 [info ]: Started loading project
17:23:43.111016 [info ]: Loading profiles.yml
17:23:43.424371 [info ]: Cached model count updated: 8 models (estimate)
17:23:43.424391 [info ]: Cached model count updated: 8 models (accurate)
17:23:43.424449 [info ]: Started scheduling
17:23:43.424684 [info ]: Finished scheduling [  0.00s]
17:23:43.424702 [debug]: Compilation - 16 nodes selected: {"exposure.shopflow_analytics.ceo_dashboard", "exposure.shopflow_analytics.customer_history", "exposure.shopflow_analytics.product_analytics", "model.shopflow_analytics.dim_products", "model.shopflow_analytics.fct_order_items", "model.shopflow_analytics.fct_orders", "model.shopflow_analytics.int_order_items_with_product", "model.shopflow_analytics.int_orders_enriched", "model.shopflow_analytics.stg_order_items", "model.shopflow_analytics.stg_orders", "model.shopflow_analytics.stg_products", "seed.shopflow_analytics.raw_customers", "seed.shopflow_analytics.raw_order_items", "seed.shopflow_analytics.raw_orders", "seed.shopflow_analytics.raw_products", "snapshot.shopflow_analytics.scd_customers"}
17:23:43.427396 [debug]:    Started downloading relations (1 items)
17:23:43.427498 [info ]: Finished loading project [  0.32s]
17:23:44.404705 [debug]: Query executed on node unknown:

SELECT
    table_name,
    if(table_type IN ('EXTERNAL', 'MANAGED', 'MANAGED_SHALLOW_CLONE', 'EXTERNAL_SHALLOW_CLONE'), 'table', lower(table_type)) AS table_type,
    lower(data_source_format) AS file_format,
    table_schema,
    table_owner,
    table_catalog,
    if(
    table_type IN (
        'EXTERNAL',
        'MANAGED',
        'MANAGED_SHALLOW_CLONE',
        'EXTERNAL_SHALLOW_CLONE'
    ),
    lower(table_type),
    NULL
    ) AS databricks_table_type
FROM `system`.`information_schema`.`tables`
WHERE table_catalog = 'shopflow_analytics_cat'
    AND table_schema = 'gold'
17:23:44.427517 [debug]:   Finished [  1.00s] downloading relations (1 items)
17:23:44.580328 [info ]: Started building task graph
17:23:44.580631 [info ]: Finished building task graph [  0.00s]
17:23:44.937852 [info ]: Started on-run-start hooks (1 nodes)
17:23:44.938158 [info ]: Starting shopflow_analytics run
17:23:46.322642 [info ]: Finished on-run-start hooks [  1.38s] (1 nodes, 0 skipped, 0 errors)
17:23:46.322759 [info ]: Started rendering (13 nodes)
17:23:46.322837 [info ]: Started model gold.fct_order_items
17:23:46.322882 [debug]: Started rendering model gold.fct_order_items
17:23:46.322954 [info ]: Started model silver.int_order_items_with_product
17:23:46.322982 [debug]: Started rendering model silver.int_order_items_with_product
17:23:46.323012 [info ]: Started model gold.dim_products
17:23:46.323035 [debug]: Started rendering model gold.dim_products
17:23:46.323071 [info ]: Started model silver.stg_products
17:23:46.323103 [debug]: Started rendering model silver.stg_products
17:23:46.323151 [info ]: Started seed bronze.raw_products
17:23:46.323175 [debug]: Started rendering seed bronze.raw_products
17:23:46.323213 [info ]: Started model gold.fct_orders
17:23:46.323231 [debug]: Started rendering model gold.fct_orders
17:23:46.323263 [info ]: Started model silver.int_orders_enriched
17:23:46.323285 [debug]: Started rendering model silver.int_orders_enriched
17:23:46.323346 [info ]: Started snapshot gold.scd_customers
17:23:46.323372 [debug]: Started rendering snapshot gold.scd_customers
17:23:46.323414 [info ]: Started seed bronze.raw_customers
17:23:46.323436 [debug]: Started rendering seed bronze.raw_customers
17:23:46.323463 [info ]: Started model silver.stg_orders
17:23:46.323484 [debug]: Started rendering model silver.stg_orders
17:23:46.323517 [info ]: Started seed bronze.raw_orders
17:23:46.323545 [debug]: Started rendering seed bronze.raw_orders
17:23:46.323579 [info ]: Started model silver.stg_order_items
17:23:46.323608 [debug]: Started rendering model silver.stg_order_items
17:23:46.323652 [info ]: Started seed bronze.raw_order_items
17:23:46.323680 [debug]: Started rendering seed bronze.raw_order_items
17:23:46.329040 [debug]: Finished rendering [  0.01s] seed bronze.raw_customers [success]
17:23:46.329090 [info ]:  Succeeded [  0.01s] seed  bronze.raw_customers (table)
17:23:46.331361 [debug]: Compiled SQL for node model.shopflow_analytics.int_order_items_with_product at target\.lsp\compiled\shopflow_analytics\models\intermediate\int_order_items_with_product.sql
17:23:46.332236 [debug]: Finished rendering [  0.01s] seed bronze.raw_orders [success]
17:23:46.332270 [info ]:  Succeeded [  0.01s] seed  bronze.raw_orders (table)
17:23:46.332378 [debug]: Finished rendering [  0.01s] model silver.int_order_items_with_product [success]
17:23:46.332418 [info ]: Started analyzing (9 nodes)
17:23:46.332430 [debug]: Started analyzing model silver.int_order_items_with_product
17:23:46.336230 [debug]: Finished rendering [  0.01s] seed bronze.raw_order_items [success]
17:23:46.336266 [info ]:  Succeeded [  0.01s] seed  bronze.raw_order_items (table)
17:23:46.336598 [debug]: Compiled SQL for node snapshot.shopflow_analytics.scd_customers at target\.lsp\compiled\shopflow_analytics\snapshots\scd_customers.sql\scd_customers.sql
17:23:46.338840 [debug]: Finished analyzing [  0.01s] model silver.int_order_items_with_product [success]
17:23:46.338868 [info ]:  Succeeded [  0.01s] model silver.int_order_items_with_product (view)
17:23:46.338986 [debug]: Finished rendering [  0.02s] snapshot gold.scd_customers [success]
17:23:46.339026 [debug]: Started analyzing snapshot gold.scd_customers
17:23:46.340342 [debug]: Finished analyzing [  0.00s] snapshot gold.scd_customers [success]
17:23:46.340364 [info ]:  Succeeded [  0.02s] snapshot gold.scd_customers (snapshot)
17:23:46.340971 [debug]: Compiled SQL for node model.shopflow_analytics.fct_order_items at target\.lsp\compiled\shopflow_analytics\models\marts\core\fct_order_items.sql
17:23:46.355258 [debug]: Compiled SQL for node model.shopflow_analytics.stg_order_items at target\.lsp\compiled\shopflow_analytics\models\staging\stg_order_items.sql
17:23:46.356328 [debug]: Finished rendering [  0.03s] model gold.fct_order_items [success]
17:23:46.356393 [debug]: Started analyzing model gold.fct_order_items
17:23:46.356756 [debug]: Finished analyzing [  0.00s] model gold.fct_order_items [success]
17:23:46.356773 [info ]:  Succeeded [  0.03s] model gold.fct_order_items (incremental)
17:23:46.356912 [debug]: Finished rendering [  0.03s] model silver.stg_order_items [success]
17:23:46.356932 [debug]: Started analyzing model silver.stg_order_items
17:23:46.357236 [debug]: Finished analyzing [  0.00s] model silver.stg_order_items [success]
17:23:46.357250 [info ]:  Succeeded [  0.03s] model silver.stg_order_items (view)
17:23:46.361745 [debug]: Finished rendering [  0.04s] seed bronze.raw_products [success]
17:23:46.361786 [info ]:  Succeeded [  0.04s] seed  bronze.raw_products (table)
17:23:46.364980 [debug]: Compiled SQL for node model.shopflow_analytics.stg_products at target\.lsp\compiled\shopflow_analytics\models\staging\stg_products.sql
17:23:46.370052 [debug]: Finished rendering [  0.05s] model silver.stg_products [success]
17:23:46.370108 [debug]: Started analyzing model silver.stg_products
17:23:46.371734 [debug]: Finished analyzing [  0.00s] model silver.stg_products [success]
17:23:46.371766 [info ]:  Succeeded [  0.05s] model silver.stg_products (view)
17:23:46.396815 [debug]: Compiled SQL for node model.shopflow_analytics.fct_orders at target\.lsp\compiled\shopflow_analytics\models\marts\core\fct_orders.sql
17:23:46.397868 [debug]: Compiled SQL for node model.shopflow_analytics.stg_orders at target\.lsp\compiled\shopflow_analytics\models\staging\stg_orders.sql
17:23:46.397984 [debug]: Compiled SQL for node model.shopflow_analytics.int_orders_enriched at target\.lsp\compiled\shopflow_analytics\models\intermediate\int_orders_enriched.sql
17:23:46.398274 [debug]: Finished rendering [  0.08s] model gold.fct_orders [success]
17:23:46.398472 [debug]: Started analyzing model gold.fct_orders
17:23:46.399204 [debug]: Compiled SQL for node model.shopflow_analytics.dim_products at target\.lsp\compiled\shopflow_analytics\models\marts\core\dim_products.sql
17:23:46.399515 [debug]: Finished rendering [  0.08s] model silver.stg_orders [success]
17:23:46.399569 [debug]: Started analyzing model silver.stg_orders
17:23:46.400687 [debug]: Finished analyzing [  0.00s] model gold.fct_orders [success]
17:23:46.400712 [info ]:  Succeeded [  0.08s] model gold.fct_orders (incremental)
17:23:46.400756 [debug]: Finished rendering [  0.08s] model silver.int_orders_enriched [success]
17:23:46.400777 [debug]: Started analyzing model silver.int_orders_enriched
17:23:46.402189 [debug]: Finished analyzing [  0.00s] model silver.stg_orders [success]
17:23:46.402214 [info ]:  Succeeded [  0.08s] model silver.stg_orders (view)
17:23:46.403962 [debug]: Finished analyzing [  0.00s] model silver.int_orders_enriched [success]
17:23:46.403987 [info ]:  Succeeded [  0.08s] model silver.int_orders_enriched (view)
17:23:46.404031 [debug]: Finished rendering [  0.08s] model gold.dim_products [success]
17:23:46.404042 [info ]: Finished rendering [  0.08s] (13 nodes, 0 skipped, 0 errors)
17:23:46.404057 [debug]: Started analyzing model gold.dim_products
17:23:46.404388 [debug]: Finished analyzing [  0.00s] model gold.dim_products [success]
17:23:46.404402 [info ]: Finished analyzing [  0.07s] (9 nodes, 0 skipped, 0 errors)
17:23:46.404412 [info ]:  Succeeded [  0.08s] model gold.dim_products (table)
17:23:46.418390 [info ]: Started scheduling
17:23:46.418474 [info ]: Finished scheduling [  0.00s]
17:23:46.420364 [info ]: Cached model count updated: 8 models (accurate)
17:23:57.247208 [info ]: Started loading project
17:23:57.248796 [info ]: Loading profiles.yml
17:23:57.279908 [info ]: Started loading project
17:23:57.281007 [info ]: Loading profiles.yml
17:23:57.298629 [info ]: Finished loading project [  0.05s]
17:23:57.403858 [info ]:    Started resolving packages from packages.yml
17:23:57.959397 [info ]:   Finished [  0.56s] resolving packages from packages.yml (1 items)
17:23:57.959605 [debug]:    Started loading packages
17:23:58.193390 [debug]:     Loaded [  0.23s] packages
17:23:58.197079 [info ]: Finished loading project [  0.92s]
17:23:58.198005 [info ]: Started parsing
17:23:58.729853 [debug]: Finished parsing models/intermediate/_intermediate_models.yml [  0.00s]
17:23:58.730733 [debug]: Finished parsing models/marts/core/_exposures.yml [  0.00s]
17:23:58.731526 [debug]: Finished parsing models/marts/core/_marts_core.yml [  0.00s]
17:23:58.732339 [debug]: Finished parsing models/staging/_staging_models.yml [  0.00s]
17:23:58.732832 [debug]: Finished parsing snapshots/_snapshots.yml [  0.00s]
17:23:58.738588 [debug]: Finished parsing tests/_singular_tests.yml [  0.01s]
17:23:58.788477 [debug]: Finished parsing snapshots\scd_customers.sql:4:11 (scd_customers) [  0.03s]
17:23:58.805512 [debug]: Finished parsing models/intermediate/int_order_items_with_product.sql [  0.01s]
17:23:58.807478 [debug]: Finished parsing models/intermediate/int_orders_enriched.sql [  0.00s]
17:23:58.811592 [debug]: Finished parsing models/marts/core/dim_products.sql [  0.00s]
17:23:58.814028 [debug]: Finished parsing models/marts/core/fct_order_items.sql [  0.00s]
17:23:58.816135 [debug]: Finished parsing models/marts/core/fct_orders.sql [  0.00s]
17:23:58.827282 [debug]: Finished parsing models/staging/stg_order_items.sql [  0.01s]
17:23:58.839578 [debug]: Finished parsing models/staging/stg_orders.sql [  0.01s]
17:23:58.843455 [debug]: Finished parsing models/staging/stg_products.sql [  0.00s]
17:23:58.880024 [debug]: Finished parsing tests/assert_customer_has_valid_email.sql [  0.00s]
17:23:58.880666 [debug]: Finished parsing tests/assert_fct_orders_revenue_non_negative.sql [  0.00s]
17:23:58.881318 [debug]: Finished parsing tests/assert_no_future_order_dates.sql [  0.00s]
17:23:58.882040 [debug]: Finished parsing tests/assert_product_price_positive.sql [  0.00s]
17:23:58.884136 [debug]: Finished parsing tests/assert_quantity_positive.sql [  0.00s]
17:23:58.907187 [info ]: Starting shopflow_analytics run
17:23:58.907472 [info ]: Finished shopflow_analytics run
17:23:58.910062 [info ]: Finished parsing [  0.71s]
17:23:58.911283 [info ]: Cached model count updated: 8 models (estimate)
17:23:58.911300 [info ]: Cached model count updated: 8 models (accurate)
17:23:58.911351 [info ]: Started scheduling
17:23:58.911435 [info ]: Finished scheduling [  0.00s]
17:23:58.911450 [debug]: Compilation - 0 nodes selected: {}
17:23:58.911467 [warn ]: [NoNodesForSelectionCriteria (dbt1092)]: The selection criterion '' does not match any enabled nodes
17:23:58.911482 [warn ]: [NoNodesSelected (dbt1601)]: Nothing to do. Try checking your model configs and model specification args
17:23:58.911494 [info ]: Started scheduling
17:23:58.911710 [info ]: Finished scheduling [  0.00s]
17:23:58.911781 [debug]: Initializing schema store with entry: Selected("snapshot.shopflow_analytics.scd_customers") and interval: None
17:23:59.221217 [info ]: Started building task graph
17:23:59.221307 [info ]: Finished building task graph [  0.00s]
17:23:59.646124 [info ]: Started on-run-start hooks (1 nodes)
17:23:59.646430 [info ]: Starting shopflow_analytics run
17:24:01.024763 [info ]: Finished on-run-start hooks [  1.38s] (1 nodes, 0 skipped, 0 errors)
17:24:01.060592 [info ]: Started scheduling
17:24:01.060695 [info ]: Finished scheduling [  0.00s]
17:24:01.076549 [info ]: Cached model count updated: 8 models (accurate)
17:24:04.456731 [info ]: Started loading project
17:24:04.482153 [info ]: Loading profiles.yml
17:24:04.583070 [info ]: Cached model count updated: 8 models (estimate)
17:24:04.583093 [info ]: Cached model count updated: 8 models (accurate)
17:24:04.583183 [info ]: Started scheduling
17:24:04.583470 [info ]: Finished scheduling [  0.00s]
17:24:04.583494 [debug]: Compilation - 16 nodes selected: {"exposure.shopflow_analytics.ceo_dashboard", "exposure.shopflow_analytics.customer_history", "exposure.shopflow_analytics.product_analytics", "model.shopflow_analytics.dim_products", "model.shopflow_analytics.fct_order_items", "model.shopflow_analytics.fct_orders", "model.shopflow_analytics.int_order_items_with_product", "model.shopflow_analytics.int_orders_enriched", "model.shopflow_analytics.stg_order_items", "model.shopflow_analytics.stg_orders", "model.shopflow_analytics.stg_products", "seed.shopflow_analytics.raw_customers", "seed.shopflow_analytics.raw_order_items", "seed.shopflow_analytics.raw_orders", "seed.shopflow_analytics.raw_products", "snapshot.shopflow_analytics.scd_customers"}
17:24:04.585524 [debug]:    Started downloading relations (1 items)
17:24:04.585584 [info ]: Finished loading project [  0.13s]
17:24:05.308227 [debug]: Query executed on node unknown:

SELECT
    table_name,
    if(table_type IN ('EXTERNAL', 'MANAGED', 'MANAGED_SHALLOW_CLONE', 'EXTERNAL_SHALLOW_CLONE'), 'table', lower(table_type)) AS table_type,
    lower(data_source_format) AS file_format,
    table_schema,
    table_owner,
    table_catalog,
    if(
    table_type IN (
        'EXTERNAL',
        'MANAGED',
        'MANAGED_SHALLOW_CLONE',
        'EXTERNAL_SHALLOW_CLONE'
    ),
    lower(table_type),
    NULL
    ) AS databricks_table_type
FROM `system`.`information_schema`.`tables`
WHERE table_catalog = 'shopflow_analytics_cat'
    AND table_schema = 'gold'
17:24:05.308739 [debug]:   Finished [  0.72s] downloading relations (1 items)
17:24:05.434125 [info ]: Started building task graph
17:24:05.434261 [info ]: Finished building task graph [  0.00s]
17:24:05.787063 [info ]: Started on-run-start hooks (1 nodes)
17:24:05.787485 [info ]: Starting shopflow_analytics run
17:24:07.502799 [info ]: Finished on-run-start hooks [  1.72s] (1 nodes, 0 skipped, 0 errors)
17:24:07.536857 [info ]: Cached model count updated: 8 models (accurate)
17:24:07.633803 [info ]: Started loading project
17:24:07.635223 [info ]: Loading profiles.yml
17:24:07.769541 [info ]: Cached model count updated: 8 models (estimate)
17:24:07.769563 [info ]: Cached model count updated: 8 models (accurate)
17:24:07.769643 [info ]: Started scheduling
17:24:07.769919 [info ]: Finished scheduling [  0.00s]
17:24:07.769942 [debug]: Compilation - 8 nodes selected: {"model.shopflow_analytics.fct_orders", "model.shopflow_analytics.int_orders_enriched", "model.shopflow_analytics.stg_order_items", "model.shopflow_analytics.stg_orders", "seed.shopflow_analytics.raw_customers", "seed.shopflow_analytics.raw_order_items", "seed.shopflow_analytics.raw_orders", "snapshot.shopflow_analytics.scd_customers"}
17:24:07.773094 [debug]:    Started downloading relations (1 items)
17:24:07.773161 [info ]: Finished loading project [  0.14s]
17:24:08.336464 [debug]: Query executed on node unknown:

SELECT
    table_name,
    if(table_type IN ('EXTERNAL', 'MANAGED', 'MANAGED_SHALLOW_CLONE', 'EXTERNAL_SHALLOW_CLONE'), 'table', lower(table_type)) AS table_type,
    lower(data_source_format) AS file_format,
    table_schema,
    table_owner,
    table_catalog,
    if(
    table_type IN (
        'EXTERNAL',
        'MANAGED',
        'MANAGED_SHALLOW_CLONE',
        'EXTERNAL_SHALLOW_CLONE'
    ),
    lower(table_type),
    NULL
    ) AS databricks_table_type
FROM `system`.`information_schema`.`tables`
WHERE table_catalog = 'shopflow_analytics_cat'
    AND table_schema = 'gold'
17:24:08.336960 [debug]:   Finished [  0.56s] downloading relations (1 items)
17:24:08.464152 [info ]: Started building task graph
17:24:08.464247 [info ]: Finished building task graph [  0.00s]
17:24:08.848837 [info ]: Started on-run-start hooks (1 nodes)
17:24:08.849293 [info ]: Starting shopflow_analytics run
17:24:09.819455 [info ]: Finished on-run-start hooks [  0.97s] (1 nodes, 0 skipped, 0 errors)
17:24:09.819505 [info ]: Started rendering (8 nodes)
17:24:09.819536 [info ]: Started model gold.fct_orders
17:24:09.819556 [debug]: Started rendering model gold.fct_orders
17:24:09.819587 [info ]: Started model silver.int_orders_enriched
17:24:09.819604 [debug]: Started rendering model silver.int_orders_enriched
17:24:09.819631 [info ]: Started snapshot gold.scd_customers
17:24:09.819646 [debug]: Started rendering snapshot gold.scd_customers
17:24:09.819669 [info ]: Started seed bronze.raw_customers
17:24:09.819686 [debug]: Started rendering seed bronze.raw_customers
17:24:09.819712 [info ]: Started model silver.stg_orders
17:24:09.819728 [debug]: Started rendering model silver.stg_orders
17:24:09.819749 [info ]: Started seed bronze.raw_orders
17:24:09.819766 [debug]: Started rendering seed bronze.raw_orders
17:24:09.819787 [info ]: Started model silver.stg_order_items
17:24:09.819802 [debug]: Started rendering model silver.stg_order_items
17:24:09.819828 [info ]: Started seed bronze.raw_order_items
17:24:09.819847 [debug]: Started rendering seed bronze.raw_order_items
17:24:09.833191 [debug]: Finished rendering [  0.01s] seed bronze.raw_orders [success]
17:24:09.833235 [info ]:  Succeeded [  0.01s] seed  bronze.raw_orders (table)
17:24:09.838944 [debug]: Compiled SQL for node model.shopflow_analytics.fct_orders at target\.lsp\compiled\shopflow_analytics\models\marts\core\fct_orders.sql
17:24:09.839842 [debug]: Compiled SQL for node model.shopflow_analytics.int_orders_enriched at target\.lsp\compiled\shopflow_analytics\models\intermediate\int_orders_enriched.sql
17:24:09.849705 [debug]: Finished rendering [  0.03s] seed bronze.raw_order_items [success]
17:24:09.849742 [info ]:  Succeeded [  0.03s] seed  bronze.raw_order_items (table)
17:24:09.850024 [debug]: Finished rendering [  0.03s] model gold.fct_orders [success]
17:24:09.850059 [info ]: Started analyzing (5 nodes)
17:24:09.850075 [debug]: Started analyzing model gold.fct_orders
17:24:09.850121 [debug]: Started analyzing model silver.int_orders_enriched
17:24:09.850163 [debug]: Finished rendering [  0.03s] model silver.int_orders_enriched [success]
17:24:09.850963 [debug]: Finished analyzing [  0.00s] model gold.fct_orders [success]
17:24:09.850989 [info ]:  Succeeded [  0.03s] model gold.fct_orders (incremental)
17:24:09.853259 [debug]: Finished analyzing [  0.00s] model silver.int_orders_enriched [success]
17:24:09.853292 [info ]:  Succeeded [  0.03s] model silver.int_orders_enriched (view)
17:24:09.853490 [debug]: Finished rendering [  0.03s] seed bronze.raw_customers [success]
17:24:09.853509 [info ]:  Succeeded [  0.03s] seed  bronze.raw_customers (table)
17:24:09.855675 [debug]: Compiled SQL for node model.shopflow_analytics.stg_order_items at target\.lsp\compiled\shopflow_analytics\models\staging\stg_order_items.sql
17:24:09.865196 [debug]: Finished rendering [  0.05s] model silver.stg_order_items [success]
17:24:09.865251 [debug]: Started analyzing model silver.stg_order_items
17:24:09.865743 [debug]: Finished analyzing [  0.00s] model silver.stg_order_items [success]
17:24:09.865763 [info ]:  Succeeded [  0.04s] model silver.stg_order_items (view)
17:24:09.867075 [debug]: Compiled SQL for node snapshot.shopflow_analytics.scd_customers at target\.lsp\compiled\shopflow_analytics\snapshots\scd_customers.sql\scd_customers.sql
17:24:09.867421 [debug]: Finished rendering [  0.05s] snapshot gold.scd_customers [success]
17:24:09.867474 [debug]: Started analyzing snapshot gold.scd_customers
17:24:09.869581 [debug]: Finished analyzing [  0.00s] snapshot gold.scd_customers [success]
17:24:09.869614 [info ]:  Succeeded [  0.05s] snapshot gold.scd_customers (snapshot)
17:24:09.872658 [debug]: Compiled SQL for node model.shopflow_analytics.stg_orders at target\.lsp\compiled\shopflow_analytics\models\staging\stg_orders.sql
17:24:09.873263 [debug]: Started analyzing model silver.stg_orders
17:24:09.873319 [debug]: Finished rendering [  0.05s] model silver.stg_orders [success]
17:24:09.873338 [info ]: Finished rendering [  0.05s] (8 nodes, 0 skipped, 0 errors)
17:24:09.875391 [debug]: Finished analyzing [  0.00s] model silver.stg_orders [success]
17:24:09.875460 [info ]: Finished analyzing [  0.03s] (5 nodes, 0 skipped, 0 errors)
17:24:09.875509 [info ]:  Succeeded [  0.06s] model silver.stg_orders (view)
17:24:09.896251 [info ]: Started scheduling
17:24:09.896337 [info ]: Finished scheduling [  0.00s]
17:24:09.897625 [info ]: Cached model count updated: 8 models (accurate)
17:24:11.753653 [info ]: Started loading project
17:24:11.763606 [info ]: Loading profiles.yml
17:24:11.857564 [info ]: Cached model count updated: 8 models (estimate)
17:24:11.857584 [info ]: Cached model count updated: 8 models (accurate)
17:24:11.857671 [info ]: Started scheduling
17:24:11.857875 [info ]: Finished scheduling [  0.00s]
17:24:11.857909 [debug]: Compilation - 16 nodes selected: {"exposure.shopflow_analytics.ceo_dashboard", "exposure.shopflow_analytics.customer_history", "exposure.shopflow_analytics.product_analytics", "model.shopflow_analytics.dim_products", "model.shopflow_analytics.fct_order_items", "model.shopflow_analytics.fct_orders", "model.shopflow_analytics.int_order_items_with_product", "model.shopflow_analytics.int_orders_enriched", "model.shopflow_analytics.stg_order_items", "model.shopflow_analytics.stg_orders", "model.shopflow_analytics.stg_products", "seed.shopflow_analytics.raw_customers", "seed.shopflow_analytics.raw_order_items", "seed.shopflow_analytics.raw_orders", "seed.shopflow_analytics.raw_products", "snapshot.shopflow_analytics.scd_customers"}
17:24:11.859792 [debug]:    Started downloading relations (1 items)
17:24:11.859874 [info ]: Finished loading project [  0.11s]
17:24:13.328111 [debug]: Query executed on node unknown:

SELECT
    table_name,
    if(table_type IN ('EXTERNAL', 'MANAGED', 'MANAGED_SHALLOW_CLONE', 'EXTERNAL_SHALLOW_CLONE'), 'table', lower(table_type)) AS table_type,
    lower(data_source_format) AS file_format,
    table_schema,
    table_owner,
    table_catalog,
    if(
    table_type IN (
        'EXTERNAL',
        'MANAGED',
        'MANAGED_SHALLOW_CLONE',
        'EXTERNAL_SHALLOW_CLONE'
    ),
    lower(table_type),
    NULL
    ) AS databricks_table_type
FROM `system`.`information_schema`.`tables`
WHERE table_catalog = 'shopflow_analytics_cat'
    AND table_schema = 'gold'
17:24:13.752384 [debug]:   Finished [  1.89s] downloading relations (1 items)
17:24:13.927812 [info ]: Started building task graph
17:24:13.927975 [info ]: Finished building task graph [  0.00s]
17:24:14.151615 [info ]: Started on-run-start hooks (1 nodes)
17:24:14.151878 [info ]: Starting shopflow_analytics run
17:24:14.158642 [info ]: Finished on-run-start hooks [  0.01s] (1 nodes, 0 skipped, 0 errors)
17:24:14.158696 [info ]: Started rendering (13 nodes)
17:24:14.158739 [info ]: Started model gold.fct_order_items
17:24:14.158778 [debug]: Started rendering model gold.fct_order_items
17:24:14.158819 [info ]: Started model silver.int_order_items_with_product
17:24:14.158840 [debug]: Started rendering model silver.int_order_items_with_product
17:24:14.158879 [info ]: Started model gold.dim_products
17:24:14.158894 [debug]: Started rendering model gold.dim_products
17:24:14.158928 [info ]: Started model silver.stg_products
17:24:14.158941 [debug]: Started rendering model silver.stg_products
17:24:14.158965 [info ]: Started seed bronze.raw_products
17:24:14.158994 [debug]: Started rendering seed bronze.raw_products
17:24:14.159017 [info ]: Started model gold.fct_orders
17:24:14.159055 [debug]: Started rendering model gold.fct_orders
17:24:14.159090 [info ]: Started model silver.int_orders_enriched
17:24:14.159106 [debug]: Started rendering model silver.int_orders_enriched
17:24:14.159129 [info ]: Started snapshot gold.scd_customers
17:24:14.159145 [debug]: Started rendering snapshot gold.scd_customers
17:24:14.159167 [info ]: Started seed bronze.raw_customers
17:24:14.159181 [debug]: Started rendering seed bronze.raw_customers
17:24:14.159201 [info ]: Started model silver.stg_orders
17:24:14.159216 [debug]: Started rendering model silver.stg_orders
17:24:14.159235 [info ]: Started seed bronze.raw_orders
17:24:14.159250 [debug]: Started rendering seed bronze.raw_orders
17:24:14.159273 [info ]: Started model silver.stg_order_items
17:24:14.159293 [debug]: Started rendering model silver.stg_order_items
17:24:14.159314 [info ]: Started seed bronze.raw_order_items
17:24:14.159335 [debug]: Started rendering seed bronze.raw_order_items
17:24:14.160008 [debug]: Compiled SQL for node model.shopflow_analytics.fct_orders at target\.lsp\compiled\shopflow_analytics\models\marts\core\fct_orders.sql
17:24:14.161444 [debug]: Finished rendering [  0.00s] model gold.fct_orders [success]
17:24:14.161800 [info ]: Started analyzing (9 nodes)
17:24:14.161823 [debug]: Started analyzing model gold.fct_orders
17:24:14.162413 [debug]: Finished rendering [  0.00s] seed bronze.raw_products [success]
17:24:14.162445 [info ]:  Succeeded [  0.00s] seed  bronze.raw_products (table)
17:24:14.163006 [debug]: Finished analyzing [  0.00s] model gold.fct_orders [success]
17:24:14.163026 [info ]:  Succeeded [  0.00s] model gold.fct_orders (incremental)
17:24:14.165070 [debug]: Compiled SQL for node model.shopflow_analytics.stg_products at target\.lsp\compiled\shopflow_analytics\models\staging\stg_products.sql
17:24:14.165298 [debug]: Started analyzing model silver.stg_products
17:24:14.165330 [debug]: Finished rendering [  0.01s] model silver.stg_products [success]
17:24:14.166686 [debug]: Finished analyzing [  0.00s] model silver.stg_products [success]
17:24:14.166718 [info ]:  Succeeded [  0.01s] model silver.stg_products (view)
17:24:14.167182 [debug]: Compiled SQL for node model.shopflow_analytics.fct_order_items at target\.lsp\compiled\shopflow_analytics\models\marts\core\fct_order_items.sql
17:24:14.167885 [debug]: Finished rendering [  0.01s] model gold.fct_order_items [success]
17:24:14.167918 [debug]: Started analyzing model gold.fct_order_items
17:24:14.167947 [debug]: Finished rendering [  0.01s] seed bronze.raw_orders [success]
17:24:14.167958 [info ]:  Succeeded [  0.01s] seed  bronze.raw_orders (table)
17:24:14.172772 [debug]: Compiled SQL for node model.shopflow_analytics.int_orders_enriched at target\.lsp\compiled\shopflow_analytics\models\intermediate\int_orders_enriched.sql
17:24:14.175257 [debug]: Finished rendering [  0.02s] seed bronze.raw_order_items [success]
17:24:14.175299 [info ]:  Succeeded [  0.01s] seed  bronze.raw_order_items (table)
17:24:14.175350 [debug]: Finished rendering [  0.02s] model silver.int_orders_enriched [success]
17:24:14.175376 [debug]: Started analyzing model silver.int_orders_enriched
17:24:14.175883 [debug]: Compiled SQL for node model.shopflow_analytics.dim_products at target\.lsp\compiled\shopflow_analytics\models\marts\core\dim_products.sql
17:24:14.178522 [debug]: Finished analyzing [  0.01s] model gold.fct_order_items [success]
17:24:14.178555 [info ]:  Succeeded [  0.02s] model gold.fct_order_items (incremental)
17:24:14.179467 [debug]: Finished rendering [  0.02s] model gold.dim_products [success]
17:24:14.179500 [debug]: Started analyzing model gold.dim_products
17:24:14.179956 [debug]: Compiled SQL for node model.shopflow_analytics.int_order_items_with_product at target\.lsp\compiled\shopflow_analytics\models\intermediate\int_order_items_with_product.sql
17:24:14.180372 [debug]: Finished analyzing [  0.00s] model gold.dim_products [success]
17:24:14.180395 [info ]:  Succeeded [  0.02s] model gold.dim_products (table)
17:24:14.180511 [debug]: Finished rendering [  0.02s] model silver.int_order_items_with_product [success]
17:24:14.180534 [debug]: Started analyzing model silver.int_order_items_with_product
17:24:14.181701 [debug]: Finished analyzing [  0.00s] model silver.int_order_items_with_product [success]
17:24:14.181725 [info ]:  Succeeded [  0.02s] model silver.int_order_items_with_product (view)
17:24:14.182901 [debug]: Compiled SQL for node model.shopflow_analytics.stg_order_items at target\.lsp\compiled\shopflow_analytics\models\staging\stg_order_items.sql
17:24:14.183013 [debug]: Finished analyzing [  0.01s] model silver.int_orders_enriched [success]
17:24:14.183033 [info ]:  Succeeded [  0.02s] model silver.int_orders_enriched (view)
17:24:14.183166 [debug]: Started analyzing model silver.stg_order_items
17:24:14.183187 [debug]: Finished rendering [  0.02s] model silver.stg_order_items [success]
17:24:14.183468 [debug]: Finished analyzing [  0.00s] model silver.stg_order_items [success]
17:24:14.183482 [info ]:  Succeeded [  0.02s] model silver.stg_order_items (view)
17:24:14.183515 [debug]: Finished rendering [  0.02s] seed bronze.raw_customers [success]
17:24:14.183524 [info ]:  Succeeded [  0.02s] seed  bronze.raw_customers (table)
17:24:14.184947 [debug]: Compiled SQL for node model.shopflow_analytics.stg_orders at target\.lsp\compiled\shopflow_analytics\models\staging\stg_orders.sql
17:24:14.185333 [debug]: Finished rendering [  0.03s] model silver.stg_orders [success]
17:24:14.185380 [debug]: Started analyzing model silver.stg_orders
17:24:14.185787 [debug]: Compiled SQL for node snapshot.shopflow_analytics.scd_customers at target\.lsp\compiled\shopflow_analytics\snapshots\scd_customers.sql\scd_customers.sql
17:24:14.185905 [debug]: Finished rendering [  0.03s] snapshot gold.scd_customers [success]
17:24:14.185922 [info ]: Finished rendering [  0.03s] (13 nodes, 0 skipped, 0 errors)
17:24:14.185948 [debug]: Started analyzing snapshot gold.scd_customers
17:24:14.191032 [debug]: Finished analyzing [  0.01s] model silver.stg_orders [success]
17:24:14.191084 [info ]:  Succeeded [  0.03s] model silver.stg_orders (view)
17:24:14.191886 [debug]: Finished analyzing [  0.01s] snapshot gold.scd_customers [success]
17:24:14.191913 [info ]: Finished analyzing [  0.03s] (9 nodes, 0 skipped, 0 errors)
17:24:14.191924 [info ]:  Succeeded [  0.03s] snapshot gold.scd_customers (snapshot)
17:24:14.201163 [info ]: Started scheduling
17:24:14.201239 [info ]: Finished scheduling [  0.00s]
17:24:14.202712 [info ]: Cached model count updated: 8 models (accurate)
17:29:42.858964 [info ]: Started loading project
17:29:42.859783 [info ]: Loading profiles.yml
17:29:42.982313 [info ]: Started parsing
17:29:44.180150 [info ]: Finished loading project [  1.32s]
17:29:44.210861 [debug]: Finished parsing models/marts/core/_marts_core.yml [  0.00s]
17:29:44.292631 [debug]: Finished parsing snapshots\scd_customers.sql [  0.03s]
17:29:44.305143 [debug]: Finished parsing models/marts/core/dim_products.sql [  0.01s]
17:29:44.309308 [debug]: Finished parsing models/marts/core/fct_order_items.sql [  0.00s]
17:29:44.312523 [debug]: Finished parsing models/marts/core/fct_orders.sql [  0.00s]
17:29:44.325437 [info ]: Starting shopflow_analytics run
17:29:44.325631 [info ]: Finished shopflow_analytics run
17:29:44.337155 [info ]: Finished parsing [  1.35s]
17:29:44.521903 [info ]: Cached model count updated: 8 models (estimate)
17:29:44.521923 [info ]: Cached model count updated: 8 models (accurate)
17:29:44.521983 [info ]: Started scheduling
17:29:44.522170 [info ]: Finished scheduling [  0.00s]
17:29:44.522186 [debug]: Compilation - 8 nodes selected: {"model.shopflow_analytics.fct_orders", "model.shopflow_analytics.int_orders_enriched", "model.shopflow_analytics.stg_order_items", "model.shopflow_analytics.stg_orders", "seed.shopflow_analytics.raw_customers", "seed.shopflow_analytics.raw_order_items", "seed.shopflow_analytics.raw_orders", "snapshot.shopflow_analytics.scd_customers"}
17:29:44.524803 [debug]:    Started downloading relations (1 items)
17:29:45.905525 [debug]: Query executed on node unknown:

SELECT
    table_name,
    if(table_type IN ('EXTERNAL', 'MANAGED', 'MANAGED_SHALLOW_CLONE', 'EXTERNAL_SHALLOW_CLONE'), 'table', lower(table_type)) AS table_type,
    lower(data_source_format) AS file_format,
    table_schema,
    table_owner,
    table_catalog,
    if(
    table_type IN (
        'EXTERNAL',
        'MANAGED',
        'MANAGED_SHALLOW_CLONE',
        'EXTERNAL_SHALLOW_CLONE'
    ),
    lower(table_type),
    NULL
    ) AS databricks_table_type
FROM `system`.`information_schema`.`tables`
WHERE table_catalog = 'shopflow_analytics_cat'
    AND table_schema = 'gold'
17:29:45.905773 [debug]:   Finished [  1.38s] downloading relations (1 items)
17:29:46.074461 [info ]: Started building task graph
17:29:46.074615 [info ]: Finished building task graph [  0.00s]
17:29:46.820228 [info ]: Started on-run-start hooks (1 nodes)
17:29:46.820520 [info ]: Starting shopflow_analytics run
17:29:48.064716 [info ]: Finished on-run-start hooks [  1.24s] (1 nodes, 0 skipped, 0 errors)
17:29:48.109642 [info ]: Cached model count updated: 8 models (accurate)
17:29:48.117874 [info ]: Waiting for lease on 'target' directory
17:29:48.280729 [info ]: Started loading project
17:29:48.281756 [info ]: Loading profiles.yml
17:29:48.301070 [info ]: Started parsing
17:29:48.390567 [info ]: Finished loading project [  0.11s]
17:29:48.399753 [debug]: Finished parsing models/marts/core/_marts_core.yml [  0.00s]
17:29:48.403027 [debug]: Finished parsing snapshots\scd_customers.sql [  0.00s]
17:29:48.405673 [debug]: Finished parsing models/marts/core/dim_products.sql [  0.00s]
17:29:48.407074 [debug]: Finished parsing models/marts/core/fct_order_items.sql [  0.00s]
17:29:48.408737 [debug]: Finished parsing models/marts/core/fct_orders.sql [  0.00s]
17:29:48.421229 [info ]: Starting shopflow_analytics run
17:29:48.421601 [info ]: Finished shopflow_analytics run
17:29:48.428400 [info ]: Finished parsing [  0.13s]
17:29:48.433005 [info ]: Cached model count updated: 8 models (estimate)
17:29:48.433022 [info ]: Cached model count updated: 8 models (accurate)
17:29:48.433063 [info ]: Started scheduling
17:29:48.433233 [info ]: Finished scheduling [  0.00s]
17:29:48.433256 [debug]: Compilation - 8 nodes selected: {"model.shopflow_analytics.fct_orders", "model.shopflow_analytics.int_orders_enriched", "model.shopflow_analytics.stg_order_items", "model.shopflow_analytics.stg_orders", "seed.shopflow_analytics.raw_customers", "seed.shopflow_analytics.raw_order_items", "seed.shopflow_analytics.raw_orders", "snapshot.shopflow_analytics.scd_customers"}
17:29:48.434820 [debug]:    Started downloading relations (1 items)
17:29:48.954031 [debug]: Query executed on node unknown:

SELECT
    table_name,
    if(table_type IN ('EXTERNAL', 'MANAGED', 'MANAGED_SHALLOW_CLONE', 'EXTERNAL_SHALLOW_CLONE'), 'table', lower(table_type)) AS table_type,
    lower(data_source_format) AS file_format,
    table_schema,
    table_owner,
    table_catalog,
    if(
    table_type IN (
        'EXTERNAL',
        'MANAGED',
        'MANAGED_SHALLOW_CLONE',
        'EXTERNAL_SHALLOW_CLONE'
    ),
    lower(table_type),
    NULL
    ) AS databricks_table_type
FROM `system`.`information_schema`.`tables`
WHERE table_catalog = 'shopflow_analytics_cat'
    AND table_schema = 'gold'
17:29:48.954948 [debug]:   Finished [  0.52s] downloading relations (1 items)
17:29:49.136483 [info ]: Started building task graph
17:29:49.136564 [info ]: Finished building task graph [  0.00s]
17:29:49.323990 [info ]: Started on-run-start hooks (1 nodes)
17:29:49.324223 [info ]: Starting shopflow_analytics run
17:29:50.237752 [info ]: Finished on-run-start hooks [  0.91s] (1 nodes, 0 skipped, 0 errors)
17:29:50.237792 [info ]: Started rendering (8 nodes)
17:29:50.237812 [info ]: Started model gold.fct_orders
17:29:50.237824 [debug]: Started rendering model gold.fct_orders
17:29:50.237878 [info ]: Started model silver.int_orders_enriched
17:29:50.237889 [debug]: Started rendering model silver.int_orders_enriched
17:29:50.237905 [info ]: Started snapshot gold.scd_customers
17:29:50.237912 [debug]: Started rendering snapshot gold.scd_customers
17:29:50.237926 [info ]: Started seed bronze.raw_customers
17:29:50.237938 [debug]: Started rendering seed bronze.raw_customers
17:29:50.237961 [info ]: Started model silver.stg_orders
17:29:50.237971 [debug]: Started rendering model silver.stg_orders
17:29:50.237985 [info ]: Started seed bronze.raw_orders
17:29:50.237991 [debug]: Started rendering seed bronze.raw_orders
17:29:50.238001 [info ]: Started model silver.stg_order_items
17:29:50.238009 [debug]: Started rendering model silver.stg_order_items
17:29:50.238018 [info ]: Started seed bronze.raw_order_items
17:29:50.238025 [debug]: Started rendering seed bronze.raw_order_items
17:29:50.238086 [debug]: Finished rendering [  0.00s] seed bronze.raw_customers [success]
17:29:50.238098 [info ]:  Succeeded [-------] seed  bronze.raw_customers (table)
17:29:50.238209 [debug]: Finished rendering [  0.00s] seed bronze.raw_order_items [success]
17:29:50.238219 [info ]:  Succeeded [-------] seed  bronze.raw_order_items (table)
17:29:50.238235 [debug]: Finished rendering [  0.00s] seed bronze.raw_orders [success]
17:29:50.238241 [info ]:  Succeeded [-------] seed  bronze.raw_orders (table)
17:29:50.238946 [debug]: Compiled SQL for node snapshot.shopflow_analytics.scd_customers at target\.lsp\compiled\shopflow_analytics\snapshots\scd_customers.sql\scd_customers.sql
17:29:50.239835 [debug]: Compiled SQL for node model.shopflow_analytics.stg_orders at target\.lsp\compiled\shopflow_analytics\models\staging\stg_orders.sql
17:29:50.240264 [debug]: Compiled SQL for node model.shopflow_analytics.stg_order_items at target\.lsp\compiled\shopflow_analytics\models\staging\stg_order_items.sql
17:29:50.240464 [debug]: Finished rendering [  0.00s] snapshot gold.scd_customers [success]
17:29:50.240524 [info ]: Started analyzing (5 nodes)
17:29:50.240539 [debug]: Started analyzing snapshot gold.scd_customers
17:29:50.241914 [debug]: Compiled SQL for node model.shopflow_analytics.fct_orders at target\.lsp\compiled\shopflow_analytics\models\marts\core\fct_orders.sql
17:29:50.242121 [debug]: Finished rendering [  0.00s] model silver.stg_orders [success]
17:29:50.242155 [debug]: Started analyzing model silver.stg_orders
17:29:50.242193 [debug]: Started analyzing model silver.stg_order_items
17:29:50.242209 [debug]: Finished rendering [  0.00s] model silver.stg_order_items [success]
17:29:50.243143 [debug]: Compiled SQL for node model.shopflow_analytics.int_orders_enriched at target\.lsp\compiled\shopflow_analytics\models\intermediate\int_orders_enriched.sql
17:29:50.243375 [debug]: Finished analyzing [  0.00s] model silver.stg_orders [success]
17:29:50.243402 [info ]:  Succeeded [  0.01s] model silver.stg_orders (view)
17:29:50.246253 [debug]: Finished rendering [  0.01s] model gold.fct_orders [success]
17:29:50.246304 [debug]: Started analyzing model gold.fct_orders
17:29:50.246356 [debug]: Finished rendering [  0.01s] model silver.int_orders_enriched [success]
17:29:50.246371 [info ]: Finished rendering [  0.01s] (8 nodes, 0 skipped, 0 errors)
17:29:50.246386 [debug]: Started analyzing model silver.int_orders_enriched
17:29:50.246409 [debug]: Finished analyzing [  0.00s] model silver.stg_order_items [success]
17:29:50.246425 [info ]:  Succeeded [  0.01s] model silver.stg_order_items (view)
17:29:50.247040 [debug]: Finished analyzing [  0.00s] model gold.fct_orders [success]
17:29:50.247085 [info ]:  Succeeded [  0.01s] model gold.fct_orders (incremental)
17:29:50.248233 [debug]: Finished analyzing [  0.01s] snapshot gold.scd_customers [success]
17:29:50.248274 [info ]:  Succeeded [  0.01s] snapshot gold.scd_customers (snapshot)
17:29:50.249431 [debug]: Finished analyzing [  0.00s] model silver.int_orders_enriched [success]
17:29:50.249457 [info ]: Finished analyzing [  0.01s] (5 nodes, 0 skipped, 0 errors)
17:29:50.249470 [info ]:  Succeeded [  0.01s] model silver.int_orders_enriched (view)
17:29:50.257181 [info ]: Started scheduling
17:29:50.257345 [info ]: Finished scheduling [  0.00s]
17:29:50.260678 [info ]: Cached model count updated: 8 models (accurate)
17:29:52.028754 [info ]: Started loading project
17:29:52.031671 [info ]: Loading profiles.yml
17:29:52.154368 [info ]: Cached model count updated: 8 models (estimate)
17:29:52.154393 [info ]: Cached model count updated: 8 models (accurate)
17:29:52.154475 [info ]: Started scheduling
17:29:52.154804 [info ]: Finished scheduling [  0.00s]
17:29:52.154827 [debug]: Compilation - 16 nodes selected: {"exposure.shopflow_analytics.ceo_dashboard", "exposure.shopflow_analytics.customer_history", "exposure.shopflow_analytics.product_analytics", "model.shopflow_analytics.dim_products", "model.shopflow_analytics.fct_order_items", "model.shopflow_analytics.fct_orders", "model.shopflow_analytics.int_order_items_with_product", "model.shopflow_analytics.int_orders_enriched", "model.shopflow_analytics.stg_order_items", "model.shopflow_analytics.stg_orders", "model.shopflow_analytics.stg_products", "seed.shopflow_analytics.raw_customers", "seed.shopflow_analytics.raw_order_items", "seed.shopflow_analytics.raw_orders", "seed.shopflow_analytics.raw_products", "snapshot.shopflow_analytics.scd_customers"}
17:29:52.156569 [debug]:    Started downloading relations (1 items)
17:29:52.156627 [info ]: Finished loading project [  0.13s]
17:29:52.853782 [debug]: Query executed on node unknown:

SELECT
    table_name,
    if(table_type IN ('EXTERNAL', 'MANAGED', 'MANAGED_SHALLOW_CLONE', 'EXTERNAL_SHALLOW_CLONE'), 'table', lower(table_type)) AS table_type,
    lower(data_source_format) AS file_format,
    table_schema,
    table_owner,
    table_catalog,
    if(
    table_type IN (
        'EXTERNAL',
        'MANAGED',
        'MANAGED_SHALLOW_CLONE',
        'EXTERNAL_SHALLOW_CLONE'
    ),
    lower(table_type),
    NULL
    ) AS databricks_table_type
FROM `system`.`information_schema`.`tables`
WHERE table_catalog = 'shopflow_analytics_cat'
    AND table_schema = 'gold'
17:29:52.854558 [debug]:   Finished [  0.70s] downloading relations (1 items)
17:29:52.938849 [info ]: Started building task graph
17:29:52.938967 [info ]: Finished building task graph [  0.00s]
17:29:53.075995 [info ]: Started on-run-start hooks (1 nodes)
17:29:53.076274 [info ]: Starting shopflow_analytics run
17:29:54.046313 [info ]: Finished on-run-start hooks [  0.97s] (1 nodes, 0 skipped, 0 errors)
17:29:54.046476 [info ]: Started rendering (13 nodes)
17:29:54.046560 [info ]: Started model gold.fct_order_items
17:29:54.046638 [debug]: Started rendering model gold.fct_order_items
17:29:54.046857 [info ]: Started model silver.int_order_items_with_product
17:29:54.046914 [debug]: Started rendering model silver.int_order_items_with_product
17:29:54.046972 [info ]: Started model gold.dim_products
17:29:54.047015 [debug]: Started rendering model gold.dim_products
17:29:54.047065 [info ]: Started model silver.stg_products
17:29:54.047125 [debug]: Started rendering model silver.stg_products
17:29:54.047189 [info ]: Started seed bronze.raw_products
17:29:54.047225 [debug]: Started rendering seed bronze.raw_products
17:29:54.047271 [info ]: Started model gold.fct_orders
17:29:54.047308 [debug]: Started rendering model gold.fct_orders
17:29:54.047374 [info ]: Started model silver.int_orders_enriched
17:29:54.047404 [debug]: Started rendering model silver.int_orders_enriched
17:29:54.047460 [info ]: Started snapshot gold.scd_customers
17:29:54.047496 [debug]: Started rendering snapshot gold.scd_customers
17:29:54.047552 [info ]: Started seed bronze.raw_customers
17:29:54.047581 [debug]: Started rendering seed bronze.raw_customers
17:29:54.047623 [info ]: Started model silver.stg_orders
17:29:54.047653 [debug]: Started rendering model silver.stg_orders
17:29:54.047703 [info ]: Started seed bronze.raw_orders
17:29:54.047734 [debug]: Started rendering seed bronze.raw_orders
17:29:54.047775 [info ]: Started model silver.stg_order_items
17:29:54.047811 [debug]: Started rendering model silver.stg_order_items
17:29:54.047852 [info ]: Started seed bronze.raw_order_items
17:29:54.047899 [debug]: Started rendering seed bronze.raw_order_items
17:29:54.048330 [debug]: Finished rendering [  0.00s] seed bronze.raw_products [success]
17:29:54.048385 [info ]:  Succeeded [  0.00s] seed  bronze.raw_products (table)
17:29:54.052328 [debug]: Compiled SQL for node model.shopflow_analytics.stg_products at target\.lsp\compiled\shopflow_analytics\models\staging\stg_products.sql
17:29:54.066947 [debug]: Compiled SQL for node model.shopflow_analytics.fct_orders at target\.lsp\compiled\shopflow_analytics\models\marts\core\fct_orders.sql
17:29:54.067226 [debug]: Finished rendering [  0.02s] model silver.stg_products [success]
17:29:54.067342 [info ]: Started analyzing (9 nodes)
17:29:54.067389 [debug]: Started analyzing model silver.stg_products
17:29:54.070438 [debug]: Compiled SQL for node model.shopflow_analytics.int_order_items_with_product at target\.lsp\compiled\shopflow_analytics\models\intermediate\int_order_items_with_product.sql
17:29:54.078079 [debug]: Compiled SQL for node model.shopflow_analytics.int_orders_enriched at target\.lsp\compiled\shopflow_analytics\models\intermediate\int_orders_enriched.sql
17:29:54.081163 [debug]: Finished rendering [  0.03s] model gold.fct_orders [success]
17:29:54.081292 [debug]: Started analyzing model gold.fct_orders
17:29:54.084267 [debug]: Finished rendering [  0.04s] seed bronze.raw_customers [success]
17:29:54.084376 [info ]:  Succeeded [  0.04s] seed  bronze.raw_customers (table)
17:29:54.084575 [debug]: Finished rendering [  0.04s] model silver.int_order_items_with_product [success]
17:29:54.084740 [debug]: Started analyzing model silver.int_order_items_with_product
17:29:54.086597 [debug]: Finished rendering [  0.04s] model silver.int_orders_enriched [success]
17:29:54.086732 [debug]: Started analyzing model silver.int_orders_enriched
17:29:54.086951 [debug]: Compiled SQL for node snapshot.shopflow_analytics.scd_customers at target\.lsp\compiled\shopflow_analytics\snapshots\scd_customers.sql\scd_customers.sql
17:29:54.100027 [debug]: Finished analyzing [  0.01s] model silver.int_orders_enriched [success]
17:29:54.100134 [info ]:  Succeeded [  0.05s] model silver.int_orders_enriched (view)
17:29:54.100400 [debug]: Finished rendering [  0.05s] seed bronze.raw_orders [success]
17:29:54.100472 [info ]:  Succeeded [  0.05s] seed  bronze.raw_orders (table)
17:29:54.101037 [debug]: Finished rendering [  0.05s] snapshot gold.scd_customers [success]
17:29:54.101209 [debug]: Started analyzing snapshot gold.scd_customers
17:29:54.115048 [debug]: Finished analyzing [  0.01s] snapshot gold.scd_customers [success]
17:29:54.115252 [info ]:  Succeeded [  0.07s] snapshot gold.scd_customers (snapshot)
17:29:54.115378 [debug]: Compiled SQL for node model.shopflow_analytics.fct_order_items at target\.lsp\compiled\shopflow_analytics\models\marts\core\fct_order_items.sql
17:29:54.116351 [debug]: Finished rendering [  0.07s] model gold.fct_order_items [success]
17:29:54.116440 [debug]: Started analyzing model gold.fct_order_items
17:29:54.117307 [debug]: Finished analyzing [  0.00s] model gold.fct_order_items [success]
17:29:54.117343 [info ]:  Succeeded [  0.07s] model gold.fct_order_items (incremental)
17:29:54.119206 [debug]: Finished analyzing [  0.05s] model silver.stg_products [success]
17:29:54.119243 [info ]:  Succeeded [  0.07s] model silver.stg_products (view)
17:29:54.119368 [debug]: Finished rendering [  0.07s] seed bronze.raw_order_items [success]
17:29:54.119394 [info ]:  Succeeded [  0.07s] seed  bronze.raw_order_items (table)
17:29:54.120550 [debug]: Finished analyzing [  0.04s] model gold.fct_orders [success]
17:29:54.120613 [info ]:  Succeeded [  0.07s] model gold.fct_orders (incremental)
17:29:54.122333 [debug]: Compiled SQL for node model.shopflow_analytics.dim_products at target\.lsp\compiled\shopflow_analytics\models\marts\core\dim_products.sql
17:29:54.123395 [debug]: Compiled SQL for node model.shopflow_analytics.stg_order_items at target\.lsp\compiled\shopflow_analytics\models\staging\stg_order_items.sql
17:29:54.123497 [debug]: Finished analyzing [  0.04s] model silver.int_order_items_with_product [success]
17:29:54.123554 [info ]:  Succeeded [  0.07s] model silver.int_order_items_with_product (view)
17:29:54.123633 [debug]: Finished rendering [  0.08s] model gold.dim_products [success]
17:29:54.123673 [debug]: Started analyzing model gold.dim_products
17:29:54.123767 [debug]: Finished rendering [  0.08s] model silver.stg_order_items [success]
17:29:54.123800 [debug]: Started analyzing model silver.stg_order_items
17:29:54.127606 [debug]: Finished analyzing [  0.00s] model silver.stg_order_items [success]
17:29:54.127687 [info ]:  Succeeded [  0.08s] model silver.stg_order_items (view)
17:29:54.128616 [debug]: Finished analyzing [  0.00s] model gold.dim_products [success]
17:29:54.128657 [info ]:  Succeeded [  0.08s] model gold.dim_products (table)
17:29:54.129549 [debug]: Compiled SQL for node model.shopflow_analytics.stg_orders at target\.lsp\compiled\shopflow_analytics\models\staging\stg_orders.sql
17:29:54.130170 [debug]: Finished rendering [  0.08s] model silver.stg_orders [success]
17:29:54.130231 [info ]: Finished rendering [  0.08s] (13 nodes, 0 skipped, 0 errors)
17:29:54.130287 [debug]: Started analyzing model silver.stg_orders
17:29:54.132279 [debug]: Finished analyzing [  0.00s] model silver.stg_orders [success]
17:29:54.132329 [info ]: Finished analyzing [  0.06s] (9 nodes, 0 skipped, 0 errors)
17:29:54.132365 [info ]:  Succeeded [  0.08s] model silver.stg_orders (view)
17:29:54.149297 [info ]: Started scheduling
17:29:54.149387 [info ]: Finished scheduling [  0.00s]
17:29:54.151720 [info ]: Cached model count updated: 8 models (accurate)
17:59:44.896222 [info ]: Started loading project
17:59:44.915740 [info ]: Loading profiles.yml
17:59:45.212061 [info ]: Started loading project
17:59:45.213509 [info ]: Loading profiles.yml
17:59:45.229329 [info ]: Finished loading project [  0.33s]
17:59:45.313446 [info ]:    Started resolving packages from packages.yml
17:59:45.901415 [info ]:   Finished [  0.59s] resolving packages from packages.yml (1 items)
17:59:45.906350 [debug]:    Started loading packages
17:59:45.954196 [debug]:     Loaded [  0.05s] packages
17:59:45.956119 [info ]: Finished loading project [  0.74s]
17:59:45.958850 [info ]: Started parsing
17:59:46.119946 [info ]: Finished parsing [  0.16s]
17:59:46.271646 [info ]: Started loading project
17:59:46.272511 [info ]: Loading profiles.yml
17:59:46.281137 [info ]:    Started resolving packages from packages.yml
17:59:46.383840 [info ]:   Finished [  0.10s] resolving packages from packages.yml (1 items)
17:59:46.384795 [debug]:    Started loading packages
17:59:46.459629 [debug]:     Loaded [  0.07s] packages
17:59:46.465608 [info ]: Finished loading project [  0.19s]
17:59:46.466733 [info ]: Started parsing
17:59:47.046000 [debug]: Finished parsing models/intermediate/_intermediate_models.yml [  0.01s]
17:59:47.047100 [debug]: Finished parsing models/marts/core/_exposures.yml [  0.00s]
17:59:47.048524 [debug]: Finished parsing models/marts/core/_marts_core.yml [  0.00s]
17:59:47.051862 [debug]: Finished parsing models/staging/_staging_models.yml [  0.00s]
17:59:47.053152 [debug]: Finished parsing snapshots/_snapshots.yml [  0.00s]
17:59:47.053717 [debug]: Finished parsing tests/_singular_tests.yml [  0.00s]
17:59:47.154892 [debug]: Finished parsing snapshots\scd_customers.sql:4:11 (scd_customers) [  0.02s]
17:59:47.171279 [debug]: Finished parsing models/intermediate/int_order_items_with_product.sql [  0.01s]
17:59:47.175122 [debug]: Finished parsing models/intermediate/int_orders_enriched.sql [  0.00s]
17:59:47.418598 [debug]: Finished parsing models/marts/core/dim_products.sql [  0.24s]
17:59:47.538572 [debug]: Finished parsing models/marts/core/fct_order_items.sql [  0.12s]
17:59:47.552296 [debug]: Finished parsing models/marts/core/fct_orders.sql [  0.01s]
17:59:47.559544 [debug]: Finished parsing models/staging/stg_order_items.sql [  0.01s]
17:59:47.568721 [debug]: Finished parsing models/staging/stg_orders.sql [  0.01s]
17:59:47.577630 [debug]: Finished parsing models/staging/stg_products.sql [  0.01s]
17:59:47.738673 [debug]: Finished parsing tests/assert_customer_has_valid_email.sql [  0.00s]
17:59:47.740184 [debug]: Finished parsing tests/assert_fct_orders_revenue_non_negative.sql [  0.00s]
17:59:47.741668 [debug]: Finished parsing tests/assert_no_future_order_dates.sql [  0.00s]
17:59:47.743325 [debug]: Finished parsing tests/assert_product_price_positive.sql [  0.00s]
17:59:47.754668 [debug]: Finished parsing tests/assert_quantity_positive.sql [  0.01s]
17:59:47.778082 [info ]: Starting shopflow_analytics run
17:59:47.778836 [info ]: Finished shopflow_analytics run
17:59:47.791503 [info ]: Finished parsing [  1.32s]
17:59:47.809552 [info ]: Cached model count updated: 8 models (estimate)
17:59:47.809917 [info ]: Cached model count updated: 8 models (accurate)
17:59:47.811439 [info ]: Started scheduling
17:59:47.818779 [info ]: Finished scheduling [  0.01s]
17:59:47.819096 [debug]: Compilation - 0 nodes selected: {}
17:59:47.820036 [warn ]: [NoNodesForSelectionCriteria (dbt1092)]: The selection criterion '' does not match any enabled nodes
17:59:47.820785 [warn ]: [NoNodesSelected (dbt1601)]: Nothing to do. Try checking your model configs and model specification args
17:59:47.821924 [info ]: Started scheduling
17:59:47.823600 [info ]: Finished scheduling [  0.00s]
17:59:47.825640 [debug]: Initializing schema store with entry: Selected("snapshot.shopflow_analytics.scd_customers") and interval: None
17:59:48.343540 [info ]: Started building task graph
17:59:48.423093 [info ]: Finished building task graph [  0.08s]
17:59:48.437084 [info ]: Loading profiles.yml
17:59:48.762108 [info ]: Started on-run-start hooks (1 nodes)
17:59:48.769819 [info ]: Starting shopflow_analytics run
18:00:02.839563 [info ]: Finished on-run-start hooks [ 14.08s] (1 nodes, 0 skipped, 0 errors)
18:00:02.866757 [info ]: Started scheduling
18:00:02.866854 [info ]: Finished scheduling [  0.00s]
18:00:02.870585 [info ]: Cached model count updated: 8 models (accurate)
18:00:04.539928 [info ]: Started loading project
18:00:04.540743 [info ]: Loading profiles.yml
18:00:04.610036 [info ]: Cached model count updated: 8 models (estimate)
18:00:04.610056 [info ]: Cached model count updated: 8 models (accurate)
18:00:04.610113 [info ]: Started scheduling
18:00:04.610329 [info ]: Finished scheduling [  0.00s]
18:00:04.610349 [debug]: Compilation - 16 nodes selected: {"exposure.shopflow_analytics.ceo_dashboard", "exposure.shopflow_analytics.customer_history", "exposure.shopflow_analytics.product_analytics", "model.shopflow_analytics.dim_products", "model.shopflow_analytics.fct_order_items", "model.shopflow_analytics.fct_orders", "model.shopflow_analytics.int_order_items_with_product", "model.shopflow_analytics.int_orders_enriched", "model.shopflow_analytics.stg_order_items", "model.shopflow_analytics.stg_orders", "model.shopflow_analytics.stg_products", "seed.shopflow_analytics.raw_customers", "seed.shopflow_analytics.raw_order_items", "seed.shopflow_analytics.raw_orders", "seed.shopflow_analytics.raw_products", "snapshot.shopflow_analytics.scd_customers"}
18:00:04.616287 [debug]:    Started downloading relations (1 items)
18:00:04.619000 [info ]: Finished loading project [  0.08s]
18:00:13.673755 [debug]: Query executed on node unknown:

SELECT
    table_name,
    if(table_type IN ('EXTERNAL', 'MANAGED', 'MANAGED_SHALLOW_CLONE', 'EXTERNAL_SHALLOW_CLONE'), 'table', lower(table_type)) AS table_type,
    lower(data_source_format) AS file_format,
    table_schema,
    table_owner,
    table_catalog,
    if(
    table_type IN (
        'EXTERNAL',
        'MANAGED',
        'MANAGED_SHALLOW_CLONE',
        'EXTERNAL_SHALLOW_CLONE'
    ),
    lower(table_type),
    NULL
    ) AS databricks_table_type
FROM `system`.`information_schema`.`tables`
WHERE table_catalog = 'shopflow_analytics_cat'
    AND table_schema = 'gold'
18:00:13.687197 [debug]:   Finished [  9.07s] downloading relations (1 items)
18:00:13.753951 [info ]: Started building task graph
18:00:13.754811 [info ]: Finished building task graph [  0.00s]
18:00:13.912256 [info ]: Started on-run-start hooks (1 nodes)
18:00:13.912502 [info ]: Starting shopflow_analytics run
18:00:15.579470 [info ]: Finished on-run-start hooks [  1.67s] (1 nodes, 0 skipped, 0 errors)
18:00:15.580845 [info ]: Started rendering (13 nodes)
18:00:15.581093 [info ]: Started model gold.fct_order_items
18:00:15.581732 [debug]: Started rendering model gold.fct_order_items
18:00:15.581869 [info ]: Started model silver.int_order_items_with_product
18:00:15.581896 [debug]: Started rendering model silver.int_order_items_with_product
18:00:15.581928 [info ]: Started model gold.dim_products
18:00:15.581948 [debug]: Started rendering model gold.dim_products
18:00:15.581974 [info ]: Started model silver.stg_products
18:00:15.581994 [debug]: Started rendering model silver.stg_products
18:00:15.582028 [info ]: Started seed bronze.raw_products
18:00:15.582047 [debug]: Started rendering seed bronze.raw_products
18:00:15.582074 [info ]: Started model gold.fct_orders
18:00:15.582094 [debug]: Started rendering model gold.fct_orders
18:00:15.582123 [info ]: Started model silver.int_orders_enriched
18:00:15.582140 [debug]: Started rendering model silver.int_orders_enriched
18:00:15.582196 [info ]: Started snapshot gold.scd_customers
18:00:15.582226 [debug]: Started rendering snapshot gold.scd_customers
18:00:15.582258 [info ]: Started seed bronze.raw_customers
18:00:15.582299 [debug]: Started rendering seed bronze.raw_customers
18:00:15.582329 [info ]: Started model silver.stg_orders
18:00:15.582346 [debug]: Started rendering model silver.stg_orders
18:00:15.582371 [info ]: Started seed bronze.raw_orders
18:00:15.582389 [debug]: Started rendering seed bronze.raw_orders
18:00:15.582886 [info ]: Started model silver.stg_order_items
18:00:15.582906 [debug]: Started rendering model silver.stg_order_items
18:00:15.582930 [info ]: Started seed bronze.raw_order_items
18:00:15.582945 [debug]: Started rendering seed bronze.raw_order_items
18:00:15.589530 [debug]: Finished rendering [  0.01s] seed bronze.raw_products [success]
18:00:15.595328 [info ]:  Succeeded [  0.00s] seed  bronze.raw_products (table)
18:00:15.595429 [debug]: Finished rendering [  0.01s] seed bronze.raw_orders [success]
18:00:15.595448 [info ]:  Succeeded [  0.01s] seed  bronze.raw_orders (table)
18:00:15.595473 [debug]: Finished rendering [  0.01s] seed bronze.raw_customers [success]
18:00:15.595487 [info ]:  Succeeded [  0.01s] seed  bronze.raw_customers (table)
18:00:15.595530 [debug]: Finished rendering [  0.01s] seed bronze.raw_order_items [success]
18:00:15.595546 [info ]:  Succeeded [  0.01s] seed  bronze.raw_order_items (table)
18:00:15.600956 [debug]: Compiled SQL for node model.shopflow_analytics.stg_products at target\.lsp\compiled\shopflow_analytics\models\staging\stg_products.sql
18:00:15.603806 [debug]: Compiled SQL for node model.shopflow_analytics.int_orders_enriched at target\.lsp\compiled\shopflow_analytics\models\intermediate\int_orders_enriched.sql
18:00:15.605745 [debug]: Compiled SQL for node model.shopflow_analytics.stg_order_items at target\.lsp\compiled\shopflow_analytics\models\staging\stg_order_items.sql
18:00:15.605841 [debug]: Finished rendering [  0.02s] model silver.stg_products [success]
18:00:15.606334 [debug]: Compiled SQL for node model.shopflow_analytics.int_order_items_with_product at target\.lsp\compiled\shopflow_analytics\models\intermediate\int_order_items_with_product.sql
18:00:15.607108 [debug]: Compiled SQL for node model.shopflow_analytics.stg_orders at target\.lsp\compiled\shopflow_analytics\models\staging\stg_orders.sql
18:00:15.609490 [debug]: Compiled SQL for node snapshot.shopflow_analytics.scd_customers at target\.lsp\compiled\shopflow_analytics\snapshots\scd_customers.sql\scd_customers.sql
18:00:15.613696 [info ]: Started analyzing (9 nodes)
18:00:15.613720 [debug]: Started analyzing model silver.stg_products
18:00:15.613765 [debug]: Started analyzing model silver.int_orders_enriched
18:00:15.613792 [debug]: Finished rendering [  0.03s] model silver.int_order_items_with_product [success]
18:00:15.613833 [debug]: Started analyzing model silver.int_order_items_with_product
18:00:15.613857 [debug]: Finished rendering [  0.03s] model silver.stg_order_items [success]
18:00:15.613888 [debug]: Started analyzing model silver.stg_order_items
18:00:15.613906 [debug]: Finished rendering [  0.03s] model silver.int_orders_enriched [success]
18:00:15.613925 [debug]: Finished rendering [  0.03s] model silver.stg_orders [success]
18:00:15.613939 [debug]: Started analyzing model silver.stg_orders
18:00:15.613953 [debug]: Finished rendering [  0.03s] snapshot gold.scd_customers [success]
18:00:15.623723 [debug]: Started analyzing snapshot gold.scd_customers
18:00:15.639797 [debug]: Finished analyzing [  0.03s] model silver.int_orders_enriched [success]
18:00:15.639823 [info ]:  Succeeded [  0.06s] model silver.int_orders_enriched (view)
18:00:15.639870 [debug]: Finished analyzing [  0.03s] model silver.stg_products [success]
18:00:15.639879 [info ]:  Succeeded [  0.05s] model silver.stg_products (view)
18:00:15.640451 [debug]: Finished analyzing [  0.03s] model silver.stg_orders [success]
18:00:15.640465 [info ]:  Succeeded [  0.06s] model silver.stg_orders (view)
18:00:15.641366 [debug]: Finished analyzing [  0.03s] model silver.int_order_items_with_product [success]
18:00:15.641388 [info ]:  Succeeded [  0.06s] model silver.int_order_items_with_product (view)
18:00:15.641429 [debug]: Finished analyzing [  0.02s] snapshot gold.scd_customers [success]
18:00:15.641441 [info ]:  Succeeded [  0.05s] snapshot gold.scd_customers (snapshot)
18:00:15.641459 [debug]: Finished analyzing [  0.03s] model silver.stg_order_items [success]
18:00:15.641467 [info ]:  Succeeded [  0.06s] model silver.stg_order_items (view)
18:00:15.655292 [debug]: Compiled SQL for node model.shopflow_analytics.fct_order_items at target\.lsp\compiled\shopflow_analytics\models\marts\core\fct_order_items.sql
18:00:15.658846 [debug]: Finished rendering [  0.08s] model gold.fct_order_items [success]
18:00:15.659004 [debug]: Started analyzing model gold.fct_order_items
18:00:15.664849 [debug]: Compiled SQL for node model.shopflow_analytics.fct_orders at target\.lsp\compiled\shopflow_analytics\models\marts\core\fct_orders.sql
18:00:15.665756 [debug]: Compiled SQL for node model.shopflow_analytics.dim_products at target\.lsp\compiled\shopflow_analytics\models\marts\core\dim_products.sql
18:00:15.667582 [debug]: Finished rendering [  0.09s] model gold.fct_orders [success]
18:00:15.667678 [debug]: Started analyzing model gold.fct_orders
18:00:15.667742 [debug]: Started analyzing model gold.dim_products
18:00:15.667782 [debug]: Finished rendering [  0.09s] model gold.dim_products [success]
18:00:15.667796 [info ]: Finished rendering [  0.09s] (13 nodes, 0 skipped, 0 errors)
18:00:15.674814 [debug]: Finished analyzing [  0.01s] model gold.dim_products [success]
18:00:15.674842 [info ]:  Succeeded [  0.09s] model gold.dim_products (table)
18:00:15.701799 [debug]: Finished analyzing [  0.03s] model gold.fct_orders [success]
18:00:15.701827 [info ]:  Succeeded [  0.12s] model gold.fct_orders (incremental)
18:00:15.702617 [debug]: Finished analyzing [  0.04s] model gold.fct_order_items [success]
18:00:15.702644 [info ]: Finished analyzing [  0.09s] (9 nodes, 0 skipped, 0 errors)
18:00:15.702660 [info ]:  Succeeded [  0.12s] model gold.fct_order_items (incremental)
18:00:15.714653 [info ]: Started scheduling
18:00:15.714793 [info ]: Finished scheduling [  0.00s]
18:00:15.717238 [info ]: Cached model count updated: 8 models (accurate)
